{"stats":{"minecraft:killed_by":{"minecraft:player":1,"iceandfire:lightning_dragon":1},"minecraft:picked_up":{"minecraft:iron_chestplate":5,"minecraft:birch_door":1,"minecraft:wheat":438,"illagerinvasion:platinum_chunk":6,"minecraft:anvil":2,"minecraft:smithing_table":1,"minecraft:diamond_sword":1,"enemyexpansion:wasp_thorax":1,"minecraft:oak_stairs":2,"minecraft:potion":4,"minecraft:enchanted_book":5,"minecraft:birch_button":1,"minecraft:stone_brick_stairs":2,"tombstone:grave_key":3,"iceandfire:tide_teal_helmet":1,"minecraft:string":64,"minecraft:dark_oak_trapdoor":10,"minecraft:raw_copper":2,"minecraft:iron_leggings":1,"mores:tourmaline_gem":8,"minecraft:armor_stand":2,"minecraft:shroomlight":2,"minecraft:oak_sign":2,"minecraft:cobbled_deepslate":91,"minecraft:waxed_exposed_cut_copper":3,"minecraft:spruce_planks":23,"minecraft:netherite_upgrade_smithing_template":1,"minecraft:rose_bush":3,"minecraft:ender_eye":1,"minecraft:calcite":1,"dynamictrees:oak_seed":2,"minecraft:iron_pickaxe":1,"hangglider:hang_glider":1,"minecraft:melon_slice":22,"minecraft:iron_boots":1,"minecraft:stick":43,"quark:glow_shroom_ring":1,"minecraft:acacia_fence":1,"minecraft:torch":26,"vanillaplustools:iron_shovel":1,"quark:yellow_corundum_cluster":1,"quark:blossom_log":1,"luminousworld:savannah_soil":9,"minecraft:crimson_button":1,"minecraft:lightning_rod":2,"mores:topaz_gem":11,"tombstone:grave_dust":4,"born_in_chaos_v1:nightmare_claw":1,"mores:tin_boots":1,"mores:raw_tin":4,"undead_revamp2:cloogerribs":6,"quark:ancient_tome":1,"luminousworld:grassflowers":1,"minecraft:rotten_flesh":47,"luminousworld:yellow_grassflowers":1,"alexsmobs:emu_egg":3,"luminousworld:savannah_ground":1,"supplementaries:ash":8,"minecraft:waxed_cut_copper":2,"minecraft:obsidian":10,"minecraft:iron_bars":2,"minecraft:cobblestone":729,"minecraft:birch_log":18,"minecraft:enchanting_table":1,"minecraft:feather":2,"minecraft:cooked_beef":2,"minecraft:lilac":1,"minecraft:water_bucket":1,"minecraft:andesite":4,"minecraft:smoker":1,"mores:tin_leggings":1,"quark:black_corundum_cluster":5,"minecraft:tuff":36,"supplementaries:flax_seeds":3,"mores:tin_sword":1,"minecraft:lapis_lazuli":31,"minecraft:dirt":604,"minecraft:name_tag":1,"born_in_chaos_v1:monster_skin":2,"minecraft:twisting_vines":1,"minecraft:bone":35,"undead_revamp2:blacpetalblock":1,"minecraft:gray_terracotta":6,"minecraft:bow":3,"minecraft:wheat_seeds":926,"minecraft:raw_gold":13,"minecraft:grindstone":1,"minecraft:dark_oak_sign":4,"minecraft:mossy_stone_bricks":5,"minecraft:glowstone_dust":8,"minecraft:moss_block":2,"epicsamurai:raw_silver":10,"minecraft:oak_planks":3,"minecraft:black_terracotta":16,"luminousworld:creepberries":1,"earthmobsmod:harder_flesh":2,"minecraft:oak_pressure_plate":7,"minecraft:jungle_planks":3,"minecraft:sand":26,"mores:raw_cobalt":6,"quark:glow_lichen_growth":3,"minecraft:grass_block":1,"minecraft:cyan_bed":9,"minecraft:dark_oak_log":2,"alexsmobs:animal_dictionary":1,"minecraft:mossy_cobblestone":10,"cataclysm:lionfish":1,"minecraft:bundle":3,"minecraft:iron_hoe":1,"minecraft:dark_prismarine_slab":2,"minecraft:diamond":31,"minecraft:soul_lantern":2,"minecraft:lever":8,"minecraft:cracked_polished_blackstone_bricks":10,"minecraft:granite":7,"minecraft:golden_apple":6,"minecraft:emerald":3,"minecraft:chainmail_helmet":1,"minecraft:bread":26,"minecraft:netherrack":100,"epicsamurai:ruby":1,"mores:raw_silver":4,"iceandfire:raw_silver":1,"minecraft:crafting_table":1,"luminousworld:groundpebbles_1":12,"minecraft:waxed_oxidized_cut_copper":1,"born_in_chaos_v1:charmof_resistance":1,"minecraft:stone_brick_wall":2,"minecraft:gold_block":4,"luminousworld:trout":1,"mores:tin_helmet":1,"illagerinvasion:unusual_dust":1,"minecraft:moss_carpet":2,"minecraft:iron_axe":1,"minecraft:iron_shovel":1,"born_in_chaos_v1:intoxicating_decoction":2,"epicsamurai:jade":11,"takesapillage:ravager_horn":3,"minecraft:dark_prismarine_stairs":2,"minecraft:player_head":2,"minecraft:spruce_slab":4,"tombstone:tablet_of_assistance":1,"minecraft:sugar_cane":18,"minecraft:spruce_trapdoor":2,"minecraft:stone":64,"minecraft:raw_iron":9,"minecraft:polished_deepslate_slab":2,"luminousworld:blue_petunias":2,"minecraft:glow_item_frame":2,"minecraft:copper_ingot":3,"minecraft:music_disc_mellohi":1,"minecraft:spruce_fence":1,"minecraft:polished_blackstone_bricks":5,"born_in_chaos_v1:pieceofdarkmetal":10,"minecraft:carrot":118,"minecraft:redstone":13,"minecraft:dark_oak_planks":91,"born_in_chaos_v1:charmof_fury":1,"minecraft:arrow":12,"minecraft:pumpkin_pie":1,"minecraft:gold_ingot":55,"minecraft:glow_berries":8,"minecraft:rail":1,"endrem:cursed_eye":1,"born_in_chaos_v1:corpse_maggot":4,"minecraft:mud_bricks":13,"minecraft:golden_carrot":9,"iceandfire:sea_serpent_fang":7,"born_in_chaos_v1:monster_flesh":3,"minecraft:leather":2,"minecraft:packed_mud":9,"minecraft:oak_log":3,"minecraft:gunpowder":14,"minecraft:paper":8,"minecraft:white_banner":1,"tombstone:gift":2,"minecraft:waxed_weathered_cut_copper":9,"minecraft:red_nether_brick_stairs":1,"minecraft:stone_bricks":18,"minecraft:apple":5,"minecraft:gray_carpet":9,"minecraft:rabbit_hide":3,"dynamictrees:birch_seed":4,"minecraft:iron_ingot":1,"minecraft:cooked_chicken":5,"quark:glow_shroom":1,"minecraft:waxed_weathered_cut_copper_stairs":2,"minecraft:gray_bed":1,"luminousworld:autumnplank":4,"minecraft:glass_bottle":4,"luminousworld:white_petunias":3,"minecraft:dark_oak_stairs":4,"minecraft:book":8,"iceandfire:copper_nugget":38,"minecraft:dark_oak_slab":3,"luminousworld:clovers_1":34,"minecraft:quartz":17,"born_in_chaos_v1:ethereal_spirit":10,"minecraft:gravel":5,"born_in_chaos_v1:dark_rod":2,"mores:moissanite_gem":1,"mores:tin_chestplate":1,"iceandfire:pixie_house_spruce":1,"mores:sapphire_gem":4,"mores:chocolate":1,"iceandfire:silver_sword":1,"mores:anthracite":1,"minecraft:iron_helmet":4,"minecraft:painting":1,"minecraft:warped_roots":3,"minecraft:red_nether_brick_slab":2,"tombstone:magic_scroll":4,"minecraft:coal":12,"minecraft:ender_pearl":2},"minecraft:used":{"minecraft:moss_block":9,"minecraft:waxed_exposed_cut_copper":3,"minecraft:iron_shovel":375,"minecraft:oak_sign":1,"born_in_chaos_v1:intoxicating_decoction":1,"minecraft:iron_sword":197,"minecraft:carrot":151,"born_in_chaos_v1:corpse_maggot":2,"vanillaplustools:iron_shovel":9,"minecraft:packed_mud":3,"minecraft:dark_oak_slab":3,"minecraft:waxed_weathered_cut_copper":2,"minecraft:stone_brick_stairs":2,"minecraft:stone_bricks":6,"undead_revamp2:cloogerribs":3,"minecraft:gray_bed":1,"minecraft:acacia_fence":1,"minecraft:golden_boots":1,"luminousworld:clovers_1":4,"minecraft:dark_prismarine_stairs":1,"quark:dark_oak_ladder":38,"minecraft:mossy_stone_bricks":6,"luminousworld:autumnplank":3,"minecraft:oak_planks":3,"minecraft:golden_apple":16,"minecraft:glow_berries":12,"minecraft:sand":25,"mores:emerald_battleaxe":212,"minecraft:black_terracotta":16,"born_in_chaos_v1:monster_flesh":1,"minecraft:melon_slice":22,"minecraft:bread":162,"minecraft:cyan_bed":6,"minecraft:oak_pressure_plate":7,"minecraft:soul_lantern":1,"minecraft:diamond_sword":435,"quark:glow_lichen_growth":1,"minecraft:smithing_table":1,"minecraft:andesite":1,"minecraft:rose_bush":1,"minecraft:enchanting_table":1,"iceandfire:silver_sword":2,"minecraft:armor_stand":1,"minecraft:spruce_planks":19,"minecraft:netherrack":36,"minecraft:cooked_chicken":3,"minecraft:torch":9,"minecraft:dirt":593,"minecraft:anvil":1,"luminousworld:grassflowers":1,"tombstone:scroll_of_aquatic_life":1,"minecraft:iron_hoe":342,"mores:tin_sword":76,"minecraft:dark_oak_planks":108,"minecraft:iron_axe":288,"minecraft:iron_boots":2,"minecraft:mud_bricks":12,"minecraft:golden_carrot":9,"luminousworld:savannah_soil":9,"mores:bronze_apple":1,"tombstone:gift":7,"minecraft:cooked_beef":11,"minecraft:cobbled_deepslate":49,"minecraft:calcite":1,"minecraft:wheat_seeds":159,"minecraft:water_bucket":6,"minecraft:birch_planks":42,"minecraft:bundle":2,"minecraft:glass_bottle":2,"minecraft:waxed_oxidized_cut_copper":1,"luminousworld:yellow_grassflowers":1,"minecraft:polished_blackstone_bricks":5,"minecraft:warped_roots":2,"securitycraft:cobblestone_mine":3,"minecraft:crafting_table":2,"supplementaries:bomb":2,"minecraft:painting":1,"minecraft:book":1,"minecraft:cake":1,"minecraft:smoker":1,"minecraft:gray_terracotta":2,"minecraft:apple":5,"minecraft:iron_pickaxe":541,"tombstone:magic_scroll":6,"luminousworld:trout":1,"quark:dark_oak_chest":1,"minecraft:cobblestone":229,"minecraft:potion":4,"minecraft:white_banner":1,"minecraft:bucket":5,"minecraft:pumpkin_pie":5,"alexsmobs:animal_dictionary":3,"takesapillage:ravager_horn":2,"alexsmobs:emu_egg":3},"minecraft:custom":{"minecraft:interact_with_crafting_table":52,"minecraft:open_barrel":45,"minecraft:leave_game":3,"minecraft:time_since_death":7727,"minecraft:damage_resisted":176,"minecraft:sprint_one_cm":1605472,"minecraft:drop":312,"minecraft:play_noteblock":1,"minecraft:play_time":462211,"minecraft:deaths":18,"minecraft:jump":6768,"minecraft:interact_with_brewingstand":1,"minecraft:walk_on_water_one_cm":110350,"minecraft:interact_with_furnace":5,"minecraft:sleep_in_bed":16,"minecraft:damage_dealt":39494,"minecraft:crouch_one_cm":70845,"tombstone:undead_killed":57,"minecraft:interact_with_smoker":6,"minecraft:inspect_dispenser":1,"minecraft:interact_with_smithing_table":2,"minecraft:mob_kills":141,"minecraft:damage_dealt_resisted":259,"minecraft:climb_one_cm":45657,"minecraft:walk_one_cm":1905887,"minecraft:damage_dealt_absorbed":40,"minecraft:sneak_time":17955,"minecraft:walk_under_water_one_cm":127055,"minecraft:interact_with_blast_furnace":8,"minecraft:total_world_time":462211,"tombstone:raider_killed":16,"minecraft:tune_noteblock":56,"minecraft:time_since_rest":71,"minecraft:damage_taken":19647,"minecraft:damage_absorbed":534,"tombstone:cast_on_ally":3,"minecraft:swim_one_cm":400413,"minecraft:fly_one_cm":1575969,"minecraft:open_chest":299,"minecraft:fall_one_cm":189233},"minecraft:crafted":{"securitycraft:mine":6,"minecraft:oak_planks":12,"hangglider:hang_glider":2,"minecraft:oak_pressure_plate":4,"minecraft:diamond_helmet":1,"minecraft:diamond_leggings":1,"tombstone:grave_key":1,"quark:blossom_planks":4,"minecraft:crafting_table":2,"minecraft:birch_planks":72,"minecraft:dark_oak_slab":6,"minecraft:stick":4,"minecraft:iron_pickaxe":2,"minecraft:gold_ingot":36,"hangglider:glider_framework":2,"hangglider:glider_wing":4,"quark:dark_oak_chest":1,"minecraft:iron_axe":2,"minecraft:iron_hoe":1,"minecraft:diamond_boots":1,"minecraft:dark_oak_planks":3,"quark:dark_oak_ladder":40,"minecraft:cooked_beef":10,"securitycraft:cobblestone_mine":6,"minecraft:bread":152,"minecraft:air":0,"minecraft:iron_shovel":1,"minecraft:torch":12,"minecraft:diamond_chestplate":1},"minecraft:mined":{"luminousworld:white_petunias":1,"minecraft:dark_oak_planks":8,"minecraft:waxed_cut_copper_slab":7,"minecraft:dark_prismarine_stairs":1,"minecraft:spruce_planks":26,"minecraft:farmland":7,"minecraft:black_terracotta":16,"minecraft:cave_vines_plant":1,"minecraft:grass_block":204,"placeablesmod:nametagblock":1,"minecraft:cracked_polished_blackstone_bricks":5,"quark:yellow_corundum":1,"minecraft:oak_pressure_plate":7,"minecraft:mud_bricks":22,"minecraft:mud_brick_wall":2,"luminousworld:savanna_grass_2":8,"quark:glow_lichen_growth":1,"minecraft:spawner":3,"minecraft:polished_blackstone_bricks":4,"minecraft:tall_seagrass":2,"epicsamurai:deepslate_jade_ore":11,"mores:deepslate_tourmaline_ore":9,"minecraft:glowstone":2,"minecraft:cobbled_deepslate":3,"minecraft:iron_ore":8,"minecraft:sticky_piston":1,"minecraft:fire":61,"minecraft:anvil":1,"minecraft:deepslate_lapis_ore":5,"minecraft:stripped_dark_oak_wood":3,"minecraft:enchanting_table":1,"minecraft:dark_oak_stairs":1,"mores:deepslate_sapphire_ore":4,"minecraft:cave_vines":2,"minecraft:oak_sign":1,"minecraft:dirt_path":3,"epicsamurai:deepslate_silver_ore":10,"iceandfire:pixie_house_spruce":1,"minecraft:player_head":2,"minecraft:spruce_slab":2,"luminousworld:creepbush":1,"minecraft:waxed_cut_copper":2,"minecraft:waxed_cut_copper_stairs":2,"minecraft:deepslate_redstone_ore":1,"minecraft:gray_terracotta":7,"minecraft:twisting_vines_plant":6,"quark:dark_oak_ladder":1,"minecraft:smoker":1,"mores:deepslate_anthracite_ore":1,"minecraft:torch":2,"minecraft:blast_furnace":2,"minecraft:melon":8,"minecraft:dead_bush":57,"quark:blossom_log":1,"minecraft:nether_quartz_ore":17,"minecraft:cobblestone":32,"minecraft:grindstone":1,"minecraft:cyan_bed":7,"minecraft:oak_planks":3,"minecraft:sugar_cane":7,"placeablesmod:bread_full_block":1,"minecraft:iron_door":2,"minecraft:wall_torch":1,"minecraft:seagrass":2,"minecraft:warped_nylium":3,"minecraft:dark_oak_slab":2,"luminousworld:clovers_1":2,"minecraft:wheat":6,"minecraft:lilac":1,"dynamictrees:birch_leaves":10,"minecraft:grass":37,"minecraft:sand":31,"minecraft:dirt":108,"quark:yellow_corundum_cluster":2,"luminousworld:grassvariant_3":4,"minecraft:waxed_weathered_cut_copper":5,"quark:glow_shroom_ring":3,"minecraft:netherrack":94,"luminousworld:savannah_grass_4":2,"mores:deepslate_topaz_ore":11,"minecraft:deepslate":42,"minecraft:infested_deepslate":1,"luminousworld:savannah_ground":6,"minecraft:dark_prismarine":1,"minecraft:tuff":9,"minecraft:mossy_cobblestone":11,"minecraft:deepslate_diamond_ore":10,"luminousworld:grassvariant_4":9,"luminousworld:blue_petunias":1,"mores:nether_moissanite_ore":1,"epicsamurai:deepslate_ruby_ore":2,"minecraft:spruce_fence":1,"luminousworld:clovers_4":3,"luminousworld:grassvariant_2":20,"luminousworld:clovers_2":2,"minecraft:moss_block":5,"luminousworld:groundpebbles_3":4,"dynamictrees:oak_leaves":5,"minecraft:packed_mud":11,"minecraft:waxed_oxidized_cut_copper":1,"minecraft:carrots":1,"luminousworld:yellow_grassflowers":1,"minecraft:acacia_trapdoor":1,"minecraft:nether_sprouts":2,"minecraft:red_sandstone":1,"minecraft:andesite":1,"supplementaries:gunpowder":1,"minecraft:gold_block":4,"mores:deepslate_cobalt_ore":3,"minecraft:bookshelf":7,"minecraft:shroomlight":1,"luminousworld:groundpebbles_2":1,"luminousworld:clovers_3":3,"minecraft:stone":52,"minecraft:cake":1,"minecraft:smithing_table":1,"luminousworld:savannah_soil":9,"minecraft:flowering_azalea":1,"minecraft:comparator":1,"minecraft:observer":1,"minecraft:crafting_table":1,"luminousworld:savannah_grass_1":4,"minecraft:warped_roots":1,"minecraft:rose_bush":1,"luminousworld:grassflowers":1,"minecraft:deepslate_gold_ore":12,"minecraft:diorite":3,"supplementaries:urn":5,"minecraft:gray_bed":1,"luminousworld:autumnplank":3,"minecraft:coal_ore":8,"luminousworld:clovers_5":2,"minecraft:gray_carpet":2,"minecraft:cobweb":28,"minecraft:cracked_stone_bricks":7,"minecraft:mossy_stone_bricks":4,"minecraft:stone_bricks":18,"minecraft:small_dripleaf":1,"mores:deepslate_silver_ore":4,"minecraft:waxed_exposed_cut_copper":3,"minecraft:fern":1},"minecraft:killed":{"born_in_chaos_v1:zombie_clown":1,"alexsmobs:lobster":2,"earthmobsmod:jumbo_rabbit":1,"born_in_chaos_v1:restless_spirit":2,"born_in_chaos_v1:zombie_lumberjack":1,"born_in_chaos_v1:skeleton_demoman":2,"minecraft:spider":1,"undead_revamp2:thesmoker":1,"illagerinvasion:basher":1,"minecraft:skeleton":7,"illagerinvasion:provoker":3,"undead_revamp2:therod":1,"undead_revamp2:thespitter":1,"illagerinvasion:necromancer":1,"minecraft:zombie_villager":4,"mutantmonsters:mutant_skeleton":1,"illagerinvasion:alchemist":1,"luminousworld:trout_fish":2,"minecraft:creeper":4,"alexsmobs:warped_toad":1,"minecraft:pillager":3,"minecraft:zombie":10,"born_in_chaos_v1:dread_hound":3,"born_in_chaos_v1:corpse_fly":3,"enemyexpansion:botfly":4,"alexsmobs:roadrunner":1,"iceandfire:pixie":1,"luminousworld:dark_oak_zombie":1,"enemyexpansion:wasp":5,"minecraft:vindicator":1,"illagerinvasion:marauder":2,"luminousworld:sunken_skeleton":1,"enemyexpansion:direwolf":2,"naturalist:tortoise":1,"alexsmobs:rattlesnake":1,"born_in_chaos_v1:firelight":1,"born_in_chaos_v1:maggot":11,"minecraft:drowned":3,"undead_revamp2:thehorrors":1,"enemyexpansion:goblin":1,"minecraft:husk":7,"earthmobsmod:bouldering_zombie":1,"luminousworld:spring_azure":1,"born_in_chaos_v1:baby_skeleton":1,"undead_revamp2:the_moonflower":7,"enemyexpansion:sprinter":3,"minecraft:ravager":4,"born_in_chaos_v1:decrepit_skeleton":3,"enemyexpansion:huntsman":1,"born_in_chaos_v1:dark_vortex":1,"born_in_chaos_v1:nightmare_stalker":1,"alexsmobs:crow":1,"minecraft:enderman":2},"minecraft:broken":{"mores:tin_leggings":1,"mores:tin_helmet":1,"takesapillage:ravager_horn":2,"minecraft:diamond_boots":1,"minecraft:iron_sword":1,"mores:tin_boots":1,"mores:tin_sword":1,"minecraft:iron_hoe":1,"minecraft:diamond_chestplate":1,"minecraft:diamond_leggings":1,"mores:tin_chestplate":1,"iceandfire:tide_teal_helmet":1,"minecraft:iron_axe":2,"minecraft:iron_pickaxe":1},"minecraft:dropped":{"luminousworld:autumnplank":1,"minecraft:birch_planks":12,"minecraft:moss_block":1,"minecraft:dark_oak_stairs":4,"minecraft:oak_pressure_plate":4,"minecraft:cooked_beef":1,"minecraft:glass_bottle":2,"minecraft:ender_pearl":1,"cataclysm:lionfish":1,"minecraft:netherite_upgrade_smithing_template":1,"minecraft:red_nether_brick_slab":2,"tombstone:tablet_of_assistance":1,"minecraft:jungle_planks":3,"born_in_chaos_v1:pieceofdarkmetal":10,"securitycraft:cobblestone_mine":3,"minecraft:rail":1,"minecraft:cracked_polished_blackstone_bricks":10,"minecraft:packed_mud":1,"minecraft:dirt":9,"born_in_chaos_v1:monster_skin":1,"minecraft:dark_oak_trapdoor":10,"minecraft:sand":1,"minecraft:glistering_melon_slice":7,"minecraft:iron_pickaxe":1,"minecraft:dark_oak_planks":37,"luminousworld:clovers_1":13,"minecraft:gold_ingot":2,"minecraft:gravel":2,"minecraft:sugar_cane":7,"minecraft:lever":8,"hangglider:hang_glider":2,"dynamictrees:oak_seed":2,"minecraft:cooked_chicken":2,"minecraft:cobbled_deepslate":1,"alexsmobs:animal_dictionary":1,"minecraft:wheat":11,"minecraft:obsidian":10,"born_in_chaos_v1:ethereal_spirit":2,"minecraft:rotten_flesh":47,"iceandfire:pixie_house_spruce":1,"minecraft:carrot":2,"minecraft:rabbit_hide":3,"supplementaries:ash":7,"born_in_chaos_v1:corpse_maggot":2,"minecraft:birch_door":1,"minecraft:spruce_slab":3,"minecraft:birch_button":1,"minecraft:iron_bars":2,"minecraft:arrow":2,"minecraft:quartz":17,"born_in_chaos_v1:dark_rod":2,"minecraft:enchanted_book":3,"minecraft:bread":38,"born_in_chaos_v1:intoxicating_decoction":1,"minecraft:wheat_seeds":107,"minecraft:golden_helmet":1,"minecraft:lilac":1,"dynamictrees:birch_seed":4,"minecraft:mossy_cobblestone":2,"minecraft:feather":2,"minecraft:dark_prismarine_slab":2,"minecraft:cobblestone":26,"luminousworld:creepberries":1,"minecraft:granite":7,"vanillaplustools:iron_shovel":1,"minecraft:golden_apple":1,"minecraft:stick":4,"quark:glow_lichen_growth":2,"iceandfire:copper_nugget":10,"minecraft:torch":7,"tombstone:grave_key":4,"iceandfire:silver_sword":1,"luminousworld:savannah_ground":1,"minecraft:rose_bush":2,"minecraft:potion":1,"minecraft:iron_leggings":1,"minecraft:stripped_birch_log":38,"minecraft:oak_stairs":1,"minecraft:paper":39,"minecraft:gray_carpet":9,"minecraft:redstone_block":7,"minecraft:waxed_weathered_cut_copper_stairs":2,"minecraft:moss_carpet":2,"minecraft:player_head":1,"minecraft:dark_prismarine_stairs":1,"minecraft:dark_oak_sign":4,"minecraft:raw_copper":2,"mores:raw_tin":4,"minecraft:polished_deepslate_slab":2,"quark:yellow_corundum_cluster":1,"mores:raw_cobalt":2,"minecraft:ender_eye":1,"minecraft:spruce_fence":1,"minecraft:oak_sign":1,"minecraft:lightning_rod":2,"minecraft:red_nether_brick_stairs":1,"minecraft:crimson_button":1,"minecraft:diamond_sword":1,"minecraft:gray_terracotta":4,"minecraft:mud_bricks":1,"minecraft:waxed_cut_copper":2,"minecraft:spruce_trapdoor":2,"minecraft:bundle":1,"minecraft:iron_chestplate":2,"luminousworld:groundpebbles_1":7,"minecraft:andesite":3,"minecraft:waxed_weathered_cut_copper":4,"endrem:cursed_eye":1,"minecraft:stone_bricks":1,"minecraft:bow":3,"luminousworld:blue_petunias":1}},"DataVersion":3465}