{"stats":{"minecraft:picked_up":{"minecraft:birch_door":1,"minecraft:iron_chestplate":2,"minecraft:wheat":240,"illagerinvasion:platinum_chunk":5,"minecraft:anvil":2,"minecraft:smithing_table":1,"minecraft:oak_stairs":2,"minecraft:potion":4,"minecraft:enchanted_book":2,"minecraft:birch_button":1,"tombstone:grave_key":3,"minecraft:string":12,"minecraft:dark_oak_trapdoor":10,"mores:tourmaline_gem":8,"minecraft:armor_stand":2,"minecraft:oak_sign":1,"minecraft:cobbled_deepslate":51,"minecraft:waxed_exposed_cut_copper":3,"minecraft:spruce_planks":23,"minecraft:rose_bush":3,"minecraft:ender_eye":1,"minecraft:calcite":1,"dynamictrees:oak_seed":2,"minecraft:iron_pickaxe":1,"minecraft:melon_slice":22,"minecraft:stick":33,"minecraft:acacia_fence":1,"minecraft:torch":14,"luminousworld:savannah_soil":5,"minecraft:crimson_button":1,"minecraft:lightning_rod":2,"mores:topaz_gem":11,"tombstone:grave_dust":4,"mores:tin_boots":1,"minecraft:rotten_flesh":29,"luminousworld:yellow_grassflowers":1,"alexsmobs:emu_egg":3,"supplementaries:ash":7,"minecraft:waxed_cut_copper":2,"minecraft:iron_bars":2,"minecraft:cobblestone":594,"minecraft:birch_log":4,"minecraft:cooked_beef":2,"minecraft:lilac":1,"minecraft:water_bucket":1,"minecraft:andesite":3,"minecraft:smoker":1,"mores:tin_leggings":1,"minecraft:tuff":4,"supplementaries:flax_seeds":3,"mores:tin_sword":1,"minecraft:lapis_lazuli":31,"minecraft:dirt":425,"born_in_chaos_v1:monster_skin":1,"minecraft:bone":6,"undead_revamp2:blacpetalblock":1,"minecraft:bow":3,"minecraft:wheat_seeds":399,"minecraft:raw_gold":13,"minecraft:dark_oak_sign":4,"minecraft:moss_block":2,"epicsamurai:raw_silver":10,"minecraft:oak_planks":1,"minecraft:black_terracotta":16,"luminousworld:creepberries":1,"minecraft:oak_pressure_plate":7,"minecraft:sand":1,"minecraft:jungle_planks":3,"minecraft:cyan_bed":8,"mores:raw_cobalt":4,"quark:glow_lichen_growth":3,"minecraft:grass_block":1,"alexsmobs:animal_dictionary":1,"minecraft:mossy_cobblestone":10,"minecraft:iron_hoe":1,"minecraft:dark_prismarine_slab":2,"minecraft:diamond":31,"minecraft:soul_lantern":2,"minecraft:lever":8,"minecraft:granite":7,"minecraft:golden_apple":6,"minecraft:bread":12,"minecraft:chainmail_helmet":1,"epicsamurai:ruby":1,"mores:raw_silver":4,"iceandfire:raw_silver":1,"luminousworld:groundpebbles_1":10,"minecraft:waxed_oxidized_cut_copper":1,"luminousworld:trout":1,"mores:tin_helmet":1,"minecraft:moss_carpet":2,"minecraft:iron_axe":1,"minecraft:iron_shovel":1,"born_in_chaos_v1:intoxicating_decoction":2,"epicsamurai:jade":11,"takesapillage:ravager_horn":3,"minecraft:dark_prismarine_stairs":2,"minecraft:player_head":2,"minecraft:spruce_slab":1,"tombstone:tablet_of_assistance":1,"minecraft:sugar_cane":13,"minecraft:spruce_trapdoor":2,"minecraft:polished_deepslate_slab":2,"luminousworld:blue_petunias":1,"minecraft:glow_item_frame":2,"minecraft:music_disc_mellohi":1,"minecraft:spruce_fence":1,"minecraft:carrot":38,"minecraft:redstone":13,"minecraft:dark_oak_planks":51,"minecraft:arrow":12,"minecraft:pumpkin_pie":1,"minecraft:gold_ingot":53,"minecraft:glow_berries":8,"minecraft:rail":1,"born_in_chaos_v1:corpse_maggot":2,"minecraft:mud_bricks":13,"minecraft:packed_mud":9,"minecraft:oak_log":3,"minecraft:gunpowder":5,"minecraft:white_banner":1,"tombstone:gift":1,"minecraft:waxed_weathered_cut_copper":9,"minecraft:red_nether_brick_stairs":1,"minecraft:apple":5,"minecraft:gray_carpet":9,"minecraft:iron_ingot":1,"minecraft:cooked_chicken":5,"quark:glow_shroom":1,"minecraft:waxed_weathered_cut_copper_stairs":2,"minecraft:glass_bottle":3,"luminousworld:white_petunias":2,"minecraft:dark_oak_stairs":4,"minecraft:book":1,"luminousworld:clovers_1":10,"born_in_chaos_v1:ethereal_spirit":5,"born_in_chaos_v1:dark_rod":1,"mores:tin_chestplate":1,"mores:sapphire_gem":4,"mores:chocolate":1,"iceandfire:silver_sword":1,"mores:anthracite":1,"minecraft:iron_helmet":3,"minecraft:painting":1,"minecraft:red_nether_brick_slab":2,"tombstone:magic_scroll":3,"minecraft:coal":12,"minecraft:ender_pearl":1},"minecraft:used":{"alexsmobs:emu_egg":3,"minecraft:moss_block":9,"minecraft:waxed_exposed_cut_copper":3,"minecraft:iron_shovel":229,"born_in_chaos_v1:intoxicating_decoction":1,"minecraft:iron_sword":197,"minecraft:carrot":46,"minecraft:packed_mud":3,"minecraft:waxed_weathered_cut_copper":2,"minecraft:acacia_fence":1,"luminousworld:clovers_1":3,"minecraft:dark_prismarine_stairs":1,"quark:dark_oak_ladder":38,"minecraft:oak_planks":1,"minecraft:golden_apple":14,"minecraft:glow_berries":12,"mores:emerald_battleaxe":44,"minecraft:black_terracotta":16,"minecraft:melon_slice":22,"minecraft:bread":47,"minecraft:cyan_bed":5,"minecraft:oak_pressure_plate":7,"minecraft:soul_lantern":1,"quark:glow_lichen_growth":1,"minecraft:smithing_table":1,"minecraft:rose_bush":1,"iceandfire:silver_sword":2,"minecraft:armor_stand":1,"minecraft:spruce_planks":19,"minecraft:cooked_chicken":3,"minecraft:torch":9,"minecraft:dirt":470,"minecraft:anvil":1,"minecraft:iron_hoe":341,"mores:tin_sword":76,"minecraft:dark_oak_planks":68,"minecraft:iron_axe":269,"minecraft:mud_bricks":12,"luminousworld:savannah_soil":5,"tombstone:gift":3,"minecraft:cooked_beef":4,"minecraft:cobbled_deepslate":25,"minecraft:calcite":1,"minecraft:wheat_seeds":158,"minecraft:water_bucket":6,"minecraft:glass_bottle":2,"minecraft:waxed_oxidized_cut_copper":1,"luminousworld:yellow_grassflowers":1,"securitycraft:cobblestone_mine":2,"minecraft:crafting_table":1,"minecraft:painting":1,"minecraft:smoker":1,"minecraft:cake":1,"minecraft:book":1,"minecraft:apple":5,"minecraft:iron_pickaxe":251,"tombstone:magic_scroll":5,"luminousworld:trout":1,"minecraft:cobblestone":96,"minecraft:potion":3,"minecraft:white_banner":1,"minecraft:bucket":5,"minecraft:pumpkin_pie":1,"alexsmobs:animal_dictionary":3,"takesapillage:ravager_horn":2},"minecraft:custom":{"minecraft:interact_with_crafting_table":33,"minecraft:open_barrel":19,"minecraft:leave_game":1,"minecraft:time_since_death":59628,"minecraft:sprint_one_cm":813920,"minecraft:drop":150,"minecraft:play_noteblock":1,"minecraft:play_time":225659,"minecraft:deaths":6,"minecraft:jump":2976,"minecraft:walk_on_water_one_cm":54973,"minecraft:interact_with_furnace":5,"minecraft:sleep_in_bed":7,"minecraft:damage_dealt":19002,"minecraft:crouch_one_cm":55140,"tombstone:undead_killed":28,"minecraft:interact_with_smoker":3,"minecraft:inspect_dispenser":1,"minecraft:interact_with_smithing_table":1,"minecraft:mob_kills":72,"minecraft:climb_one_cm":7101,"minecraft:walk_one_cm":1075977,"minecraft:sneak_time":11610,"minecraft:walk_under_water_one_cm":23324,"minecraft:interact_with_blast_furnace":7,"minecraft:total_world_time":225659,"tombstone:raider_killed":5,"minecraft:tune_noteblock":56,"minecraft:time_since_rest":1192,"minecraft:damage_taken":6469,"minecraft:damage_absorbed":454,"minecraft:swim_one_cm":82510,"minecraft:fly_one_cm":587028,"minecraft:open_chest":187,"minecraft:fall_one_cm":82235},"minecraft:crafted":{"securitycraft:mine":3,"minecraft:oak_planks":12,"minecraft:oak_pressure_plate":4,"minecraft:diamond_helmet":1,"minecraft:diamond_leggings":1,"minecraft:crafting_table":1,"minecraft:birch_planks":20,"minecraft:dark_oak_slab":6,"minecraft:stick":4,"minecraft:iron_pickaxe":1,"minecraft:iron_axe":1,"minecraft:iron_hoe":1,"minecraft:diamond_boots":1,"minecraft:dark_oak_planks":3,"quark:dark_oak_ladder":40,"minecraft:cooked_beef":10,"securitycraft:cobblestone_mine":3,"minecraft:air":0,"minecraft:bread":83,"minecraft:iron_shovel":1,"minecraft:torch":12,"minecraft:diamond_chestplate":1},"minecraft:mined":{"minecraft:dark_oak_planks":8,"minecraft:waxed_cut_copper_slab":7,"minecraft:dark_prismarine_stairs":1,"minecraft:spruce_planks":25,"minecraft:farmland":6,"minecraft:black_terracotta":16,"minecraft:cave_vines_plant":1,"minecraft:grass_block":116,"minecraft:oak_pressure_plate":7,"minecraft:mud_bricks":22,"minecraft:mud_brick_wall":2,"luminousworld:savanna_grass_2":8,"quark:glow_lichen_growth":1,"minecraft:spawner":1,"minecraft:tall_seagrass":1,"epicsamurai:deepslate_jade_ore":11,"mores:deepslate_tourmaline_ore":9,"minecraft:sticky_piston":1,"minecraft:fire":7,"minecraft:deepslate_lapis_ore":5,"minecraft:anvil":1,"minecraft:stripped_dark_oak_wood":3,"minecraft:dark_oak_stairs":1,"minecraft:cave_vines":2,"mores:deepslate_sapphire_ore":4,"minecraft:dirt_path":3,"epicsamurai:deepslate_silver_ore":10,"minecraft:player_head":2,"minecraft:spruce_slab":1,"luminousworld:creepbush":1,"minecraft:waxed_cut_copper":2,"minecraft:waxed_cut_copper_stairs":2,"minecraft:deepslate_redstone_ore":1,"quark:dark_oak_ladder":1,"minecraft:smoker":1,"mores:deepslate_anthracite_ore":1,"minecraft:torch":2,"minecraft:blast_furnace":2,"minecraft:melon":8,"minecraft:dead_bush":57,"minecraft:cyan_bed":7,"minecraft:sugar_cane":6,"minecraft:oak_planks":1,"placeablesmod:bread_full_block":1,"minecraft:wall_torch":1,"minecraft:seagrass":1,"minecraft:wheat":3,"minecraft:lilac":1,"dynamictrees:birch_leaves":2,"minecraft:grass":25,"minecraft:sand":1,"minecraft:dirt":88,"luminousworld:grassvariant_3":4,"minecraft:waxed_weathered_cut_copper":5,"mores:deepslate_topaz_ore":11,"minecraft:deepslate":36,"minecraft:dark_prismarine":1,"minecraft:tuff":6,"minecraft:mossy_cobblestone":11,"minecraft:deepslate_diamond_ore":10,"luminousworld:grassvariant_4":8,"luminousworld:blue_petunias":1,"epicsamurai:deepslate_ruby_ore":2,"minecraft:spruce_fence":1,"luminousworld:clovers_4":2,"luminousworld:grassvariant_2":11,"minecraft:moss_block":5,"luminousworld:groundpebbles_3":4,"minecraft:waxed_oxidized_cut_copper":1,"minecraft:carrots":1,"minecraft:packed_mud":11,"luminousworld:yellow_grassflowers":1,"minecraft:acacia_trapdoor":1,"mores:deepslate_cobalt_ore":3,"minecraft:bookshelf":4,"luminousworld:groundpebbles_2":1,"luminousworld:clovers_3":3,"minecraft:stone":15,"minecraft:cake":1,"minecraft:smithing_table":1,"luminousworld:savannah_soil":5,"minecraft:flowering_azalea":1,"minecraft:comparator":1,"minecraft:observer":1,"luminousworld:savannah_grass_1":2,"minecraft:rose_bush":1,"minecraft:deepslate_gold_ore":12,"supplementaries:urn":3,"minecraft:coal_ore":8,"luminousworld:clovers_5":2,"minecraft:gray_carpet":1,"minecraft:cobweb":1,"minecraft:small_dripleaf":1,"mores:deepslate_silver_ore":4,"minecraft:waxed_exposed_cut_copper":3},"minecraft:killed":{"born_in_chaos_v1:zombie_clown":1,"born_in_chaos_v1:restless_spirit":2,"born_in_chaos_v1:skeleton_demoman":1,"minecraft:spider":1,"minecraft:skeleton":4,"undead_revamp2:thespitter":1,"luminousworld:trout_fish":2,"minecraft:creeper":4,"minecraft:pillager":1,"minecraft:zombie":5,"born_in_chaos_v1:dread_hound":2,"born_in_chaos_v1:corpse_fly":2,"enemyexpansion:botfly":2,"luminousworld:dark_oak_zombie":1,"enemyexpansion:wasp":2,"luminousworld:sunken_skeleton":1,"enemyexpansion:direwolf":1,"naturalist:tortoise":1,"born_in_chaos_v1:maggot":7,"undead_revamp2:thehorrors":1,"minecraft:husk":6,"luminousworld:spring_azure":1,"undead_revamp2:the_moonflower":5,"enemyexpansion:sprinter":2,"minecraft:ravager":4,"born_in_chaos_v1:decrepit_skeleton":1,"born_in_chaos_v1:dark_vortex":1,"minecraft:enderman":1},"minecraft:broken":{"mores:tin_leggings":1,"mores:tin_helmet":1,"takesapillage:ravager_horn":2,"minecraft:iron_sword":1,"mores:tin_boots":1,"mores:tin_sword":1,"minecraft:iron_hoe":1,"mores:tin_chestplate":1,"minecraft:iron_axe":1},"minecraft:dropped":{"minecraft:dark_oak_stairs":4,"minecraft:moss_block":1,"minecraft:birch_planks":2,"minecraft:oak_pressure_plate":4,"minecraft:cooked_beef":1,"minecraft:ender_pearl":1,"minecraft:red_nether_brick_slab":2,"tombstone:tablet_of_assistance":1,"minecraft:jungle_planks":3,"securitycraft:cobblestone_mine":1,"minecraft:rail":1,"minecraft:dirt":3,"minecraft:packed_mud":1,"minecraft:dark_oak_trapdoor":10,"minecraft:sand":1,"minecraft:glistering_melon_slice":7,"minecraft:dark_oak_planks":37,"luminousworld:clovers_1":3,"minecraft:sugar_cane":5,"minecraft:lever":8,"dynamictrees:oak_seed":2,"minecraft:cooked_chicken":2,"minecraft:cobbled_deepslate":1,"alexsmobs:animal_dictionary":1,"minecraft:wheat":2,"minecraft:rotten_flesh":29,"minecraft:carrot":2,"supplementaries:ash":7,"born_in_chaos_v1:corpse_maggot":2,"minecraft:birch_door":1,"minecraft:birch_button":1,"minecraft:iron_bars":2,"minecraft:arrow":2,"minecraft:enchanted_book":1,"minecraft:bread":2,"born_in_chaos_v1:intoxicating_decoction":1,"minecraft:wheat_seeds":4,"minecraft:golden_helmet":1,"minecraft:lilac":1,"minecraft:mossy_cobblestone":2,"minecraft:cobblestone":24,"minecraft:dark_prismarine_slab":2,"luminousworld:creepberries":1,"minecraft:granite":7,"minecraft:golden_apple":1,"minecraft:stick":4,"quark:glow_lichen_growth":2,"minecraft:torch":7,"tombstone:grave_key":4,"iceandfire:silver_sword":1,"minecraft:rose_bush":2,"minecraft:potion":1,"minecraft:stripped_birch_log":38,"minecraft:oak_stairs":1,"minecraft:gray_carpet":9,"minecraft:redstone_block":7,"minecraft:waxed_weathered_cut_copper_stairs":2,"minecraft:moss_carpet":2,"minecraft:player_head":1,"minecraft:dark_prismarine_stairs":1,"minecraft:dark_oak_sign":4,"minecraft:polished_deepslate_slab":2,"minecraft:ender_eye":1,"minecraft:spruce_fence":1,"minecraft:oak_sign":1,"minecraft:lightning_rod":2,"minecraft:red_nether_brick_stairs":1,"minecraft:crimson_button":1,"minecraft:mud_bricks":1,"minecraft:waxed_cut_copper":2,"minecraft:spruce_trapdoor":2,"luminousworld:groundpebbles_1":5,"minecraft:andesite":3,"minecraft:waxed_weathered_cut_copper":4,"minecraft:bow":3}},"DataVersion":3465}