{"stats":{"minecraft:used":{"alexsmobs:emu_egg":1,"minecraft:red_sand":3,"minecraft:iron_sword":50,"luminousworld:baobab_plank":16,"minecraft:sand":4,"artifacts:umbrella":1,"minecraft:crafting_table":4,"minecraft:lime_bed":8,"iceandfire:pixie_dust":1,"minecraft:carrot":15,"born_in_chaos_v1:corpse_maggot":1,"minecraft:bread":10,"mores:cobalt_pickaxe":56,"minecraft:stone_axe":42,"minecraft:cobblestone":3,"minecraft:furnace":1,"alexsmobs:animal_dictionary":6,"tombstone:gift":2,"minecraft:oak_boat":1,"minecraft:potato":3},"minecraft:killed":{"born_in_chaos_v1:mr_pumpkin":1,"minecraft:pig":1,"undead_revamp2:thebeartamer":1,"enemyexpansion:direwolf":1,"born_in_chaos_v1:zombie_bruiser":1,"born_in_chaos_v1:maggot":1,"naturalist:deer":1,"iceandfire:ghost":1,"born_in_chaos_v1:door_knight":1},"minecraft:picked_up":{"minecraft:stripped_oak_log":7,"born_in_chaos_v1:corpse_maggot":1,"minecraft:lime_bed":8,"minecraft:crafting_table":1,"minecraft:wheat":4,"minecraft:potato":27,"minecraft:oak_log":6,"minecraft:bone":6,"minecraft:acacia_planks":4,"minecraft:beetroot":9,"minecraft:red_sand":3,"minecraft:gold_nugget":1,"minecraft:wheat_seeds":6,"minecraft:raw_gold":8,"minecraft:iron_ingot":2,"minecraft:oak_boat":1,"minecraft:iron_nugget":2,"minecraft:oak_planks":2,"minecraft:stick":17,"minecraft:pumpkin":4,"minecraft:porkchop":1,"tombstone:grave_dust":2,"born_in_chaos_v1:pieceofdarkmetal":2,"minecraft:carrot":47,"minecraft:iron_horse_armor":2,"alexsmobs:animal_dictionary":2,"luminousworld:baobab_plank":20,"minecraft:rotten_flesh":9,"minecraft:beetroot_seeds":15,"minecraft:hay_block":4,"minecraft:bread":3,"alexsmobs:emu_egg":1,"tombstone:essence_of_undeath":1,"luminousworld:bao_bob_log":5,"minecraft:coal":46,"minecraft:skeleton_skull":1,"iceandfire:raw_silver":4,"minecraft:cobblestone":31},"minecraft:custom":{"minecraft:interact_with_furnace":4,"minecraft:mob_kills":13,"minecraft:interact_with_cartography_table":1,"minecraft:interact_with_crafting_table":6,"minecraft:open_barrel":1,"minecraft:interact_with_loom":1,"minecraft:bell_ring":1,"minecraft:damage_dealt_resisted":996,"minecraft:time_since_death":6513,"minecraft:sleep_in_bed":8,"minecraft:climb_one_cm":27153,"minecraft:time_since_rest":5533,"minecraft:sprint_one_cm":293491,"minecraft:damage_taken":2806,"minecraft:walk_one_cm":326668,"minecraft:damage_blocked_by_shield":60,"minecraft:trigger_trapped_chest":2,"minecraft:drop":35,"minecraft:damage_dealt":2618,"minecraft:swim_one_cm":11656,"minecraft:fly_one_cm":633833,"minecraft:open_chest":40,"minecraft:crouch_one_cm":1474,"minecraft:play_time":88941,"tombstone:undead_killed":4,"minecraft:deaths":9,"minecraft:sneak_time":557,"minecraft:walk_under_water_one_cm":4562,"minecraft:interact_with_brewingstand":2,"minecraft:boat_one_cm":130343,"minecraft:jump":2473,"minecraft:walk_on_water_one_cm":17810,"minecraft:total_world_time":88941,"minecraft:fall_one_cm":37241},"minecraft:crafted":{"minecraft:oak_planks":52,"minecraft:crafting_table":3,"mores:cobalt_pickaxe":1,"minecraft:iron_sword":1,"minecraft:furnace":1,"minecraft:pumpkin_seeds":16,"minecraft:stone_axe":1,"minecraft:oak_boat":1,"minecraft:stick":76,"luminousworld:baobab_plank":20},"minecraft:mined":{"iceandfire:silver_ore":2,"minecraft:mossy_cobblestone":3,"luminousworld:savannah_grass_1":1,"minecraft:red_sand":3,"luminousworld:bao_bob_wood":1,"luminousworld:savanna_grass_2":1,"minecraft:lime_bed":7,"luminousworld:bao_bob_log":5,"minecraft:pumpkin":4,"minecraft:grass":1,"minecraft:oak_log":6,"minecraft:coal_ore":25,"minecraft:vine":1,"minecraft:stripped_oak_log":5,"minecraft:cobweb":1,"born_in_chaos_v1:infernal_evil_pumpkin_s":1,"minecraft:acacia_planks":6,"minecraft:stone":22,"minecraft:gold_ore":4},"minecraft:dropped":{"minecraft:bread":12,"minecraft:wheat_seeds":6,"minecraft:iron_nugget":2,"alexsmobs:animal_dictionary":2,"minecraft:wheat":4,"minecraft:cobblestone":5,"minecraft:oak_planks":2,"minecraft:iron_horse_armor":2,"minecraft:carrot":13,"minecraft:pumpkin_seeds":16,"minecraft:hay_block":4,"minecraft:gunpowder":6,"luminousworld:baobab_plank":20,"minecraft:skeleton_skull":1,"minecraft:beetroot_seeds":15,"minecraft:gold_nugget":1,"minecraft:black_wool":8,"minecraft:bone":5}},"DataVersion":3465}