{"stats":{"minecraft:used":{"alexsmobs:animal_dictionary":4,"minecraft:sand":4},"minecraft:picked_up":{"minecraft:pumpkin":4},"minecraft:custom":{"minecraft:jump":143,"minecraft:open_chest":4,"minecraft:time_since_rest":10941,"minecraft:damage_dealt":10,"minecraft:crouch_one_cm":350,"minecraft:damage_taken":250,"minecraft:sprint_one_cm":17408,"minecraft:play_time":10941,"minecraft:time_since_death":10941,"minecraft:walk_one_cm":19821,"minecraft:sneak_time":74,"minecraft:total_world_time":10941,"minecraft:fall_one_cm":4573,"minecraft:fly_one_cm":42786},"minecraft:crafted":{"minecraft:pumpkin_seeds":16},"minecraft:mined":{"minecraft:pumpkin":4}},"DataVersion":3465}