{"stats":{"minecraft:used":{"alexsmobs:emu_egg":1,"born_in_chaos_v1:corpse_maggot":1,"minecraft:bread":3,"minecraft:iron_sword":9,"minecraft:sand":4,"minecraft:lime_bed":4,"minecraft:crafting_table":1,"alexsmobs:animal_dictionary":6},"minecraft:killed":{"born_in_chaos_v1:maggot":1},"minecraft:picked_up":{"minecraft:stripped_oak_log":7,"born_in_chaos_v1:corpse_maggot":1,"minecraft:lime_bed":5,"minecraft:pumpkin":4,"minecraft:oak_log":4,"alexsmobs:animal_dictionary":1,"minecraft:rotten_flesh":2,"minecraft:gold_nugget":1,"minecraft:hay_block":2,"minecraft:iron_ingot":2,"alexsmobs:emu_egg":1,"minecraft:bread":3,"minecraft:iron_nugget":1},"minecraft:custom":{"minecraft:time_since_rest":2381,"minecraft:sprint_one_cm":87694,"minecraft:damage_taken":1573,"minecraft:walk_one_cm":141687,"minecraft:trigger_trapped_chest":2,"minecraft:mob_kills":4,"minecraft:damage_dealt":742,"minecraft:interact_with_crafting_table":3,"minecraft:swim_one_cm":6209,"minecraft:interact_with_cartography_table":1,"minecraft:fly_one_cm":174947,"minecraft:open_chest":6,"minecraft:crouch_one_cm":798,"minecraft:play_time":34941,"minecraft:interact_with_loom":1,"minecraft:deaths":5,"minecraft:sneak_time":364,"minecraft:bell_ring":1,"minecraft:walk_under_water_one_cm":4081,"minecraft:boat_one_cm":16264,"minecraft:jump":613,"minecraft:walk_on_water_one_cm":9911,"minecraft:time_since_death":2446,"minecraft:sleep_in_bed":3,"minecraft:climb_one_cm":4233,"minecraft:total_world_time":34941,"minecraft:fall_one_cm":14139},"minecraft:crafted":{"minecraft:oak_planks":44,"minecraft:crafting_table":1,"minecraft:stick":4,"mores:cobalt_pickaxe":1,"minecraft:iron_sword":1,"minecraft:pumpkin_seeds":16},"minecraft:mined":{"minecraft:lime_bed":4,"minecraft:pumpkin":4,"minecraft:oak_log":4,"minecraft:vine":1,"minecraft:stripped_oak_log":5,"minecraft:cobweb":1}},"DataVersion":3465}