{"stats":{"minecraft:killed_by":{"undead_revamp2:the_moonflower":1},"minecraft:picked_up":{"minecraft:flower_pot":1,"minecraft:wheat":61,"illagerinvasion:platinum_chunk":4,"minecraft:iron_trapdoor":2,"minecraft:prismarine_shard":3,"minecraft:oak_stairs":2,"alexscaves:cave_tablet":3,"enemyexpansion:wasp_thorax":1,"minecraft:enchanted_book":4,"minecraft:birch_button":1,"tombstone:grave_key":3,"minecraft:amethyst_block":2,"minecraft:raw_copper":18,"minecraft:string":5,"minecraft:dark_oak_trapdoor":5,"iceandfire:sea_serpent_scales_teal":5,"minecraft:iron_leggings":1,"iceandfire:sea_serpent_scales_bronze":14,"minecraft:oak_sign":3,"minecraft:beetroot":9,"dynamictrees:dark_oak_seed":5,"minecraft:red_sand":7,"minecraft:gold_nugget":1,"minecraft:smooth_stone":9,"minecraft:comparator":1,"minecraft:bucket":3,"minecraft:spruce_planks":2,"minecraft:waxed_exposed_cut_copper":5,"minecraft:rose_bush":4,"minecraft:ender_eye":1,"dynamictrees:oak_seed":34,"minecraft:melon_slice":41,"minecraft:iron_boots":1,"minecraft:furnace":2,"minecraft:golden_helmet":1,"minecraft:stick":1155,"luminousworld:auburnlog":1,"quark:glow_shroom_ring":4,"minecraft:torch":45,"minecraft:porkchop":1,"minecraft:lightning_rod":4,"mores:emerald_battleaxe":1,"tombstone:grave_dust":9,"minecraft:diorite":5,"born_in_chaos_v1:nightmare_claw":2,"minecraft:rabbit_foot":1,"minecraft:waxed_cut_copper_stairs":3,"quark:clear_shard":118,"minecraft:rotten_flesh":73,"luminousworld:yellow_grassflowers":3,"luminousworld:soft_birch_log":37,"alexsmobs:emu_egg":1,"supplementaries:ash":7,"minecraft:waxed_cut_copper":3,"mutantmonsters:mutant_skeleton_shoulder_pad":2,"minecraft:cod":1,"minecraft:cobblestone":256,"minecraft:birch_log":437,"minecraft:mossy_cobblestone_slab":1,"minecraft:cooked_beef":1,"minecraft:lilac":4,"mores:tin_shield":1,"minecraft:water_bucket":2,"minecraft:andesite":14,"alexsmobs:bison_fur":2,"supplementaries:item_shelf":1,"minecraft:potato":27,"alexsmobs:bear_fur":1,"minecraft:flint":1,"luminousworld:raw_venison":2,"supplementaries:flax_seeds":3,"minecraft:stripped_birch_log":239,"minecraft:dirt":599,"minecraft:lantern":14,"born_in_chaos_v1:monster_skin":11,"minecraft:bone":27,"minecraft:acacia_planks":4,"undead_revamp2:blacpetalblock":2,"minecraft:wheat_seeds":118,"minecraft:raw_gold":12,"mores:sapphire_axe":2,"minecraft:rabbit":1,"minecraft:moss_block":7,"minecraft:oak_planks":9,"minecraft:black_terracotta":3,"iceandfire:shiny_scales":7,"minecraft:sand":439,"minecraft:cyan_bed":1,"minecraft:dark_oak_log":160,"minecraft:barrel":1,"alexsmobs:animal_dictionary":2,"minecraft:mossy_cobblestone":3,"minecraft:dark_prismarine":62,"cataclysm:lionfish":1,"minecraft:bundle":1,"minecraft:iron_hoe":1,"minecraft:dark_prismarine_slab":2,"minecraft:soul_lantern":1,"luminousworld:yellowpetunias":1,"minecraft:lever":9,"mores:sapphire_battleaxe":1,"minecraft:granite":7,"minecraft:golden_apple":6,"minecraft:chainmail_helmet":1,"minecraft:emerald":1,"minecraft:bread":11,"mores:raw_silver":5,"luminousworld:bao_bob_log":5,"minecraft:dark_oak_fence":9,"iceandfire:raw_silver":10,"minecraft:crafting_table":1,"luminousworld:groundpebbles_1":3,"minecraft:waxed_oxidized_cut_copper":9,"born_in_chaos_v1:diamond_termite_shard":2,"minecraft:azure_bluet":1,"iceandfire:witherbone":2,"born_in_chaos_v1:seedof_chaos":1,"minecraft:brown_mushroom":24,"minecraft:cornflower":1,"minecraft:oak_trapdoor":3,"born_in_chaos_v1:intoxicating_decoction":1,"minecraft:compass":1,"minecraft:item_frame":1,"epicsamurai:jade":5,"takesapillage:ravager_horn":4,"minecraft:beef":10,"minecraft:oak_boat":1,"born_in_chaos_v1:gnawed_bones":1,"minecraft:player_head":3,"minecraft:iron_nugget":2,"minecraft:spruce_slab":5,"minecraft:tinted_glass":5,"minecraft:birch_sapling":2,"minecraft:spruce_trapdoor":1,"minecraft:raw_iron":14,"minecraft:oak_door":5,"minecraft:glow_item_frame":2,"minecraft:copper_ingot":7,"iceandfire:chared_grass":1,"sophisticatedbackpacks:backpack":1,"born_in_chaos_v1:pieceofdarkmetal":4,"minecraft:carrot":65,"minecraft:prismarine_crystals":6,"minecraft:iron_horse_armor":2,"minecraft:dark_oak_planks":55,"luminousworld:baobab_plank":20,"minecraft:arrow":21,"minecraft:beetroot_seeds":15,"born_in_chaos_v1:dark_ritual_dagger":1,"minecraft:hay_block":4,"mutantmonsters:mutant_skeleton_rib":6,"minecraft:gold_ingot":49,"tombstone:essence_of_undeath":1,"epicsamurai:spirit_stone_base":3,"minecraft:mutton":4,"minecraft:skeleton_skull":1,"minecraft:white_wool":2,"minecraft:stripped_oak_log":36,"born_in_chaos_v1:corpse_maggot":16,"minecraft:lime_bed":8,"minecraft:birch_leaves":80,"minecraft:mud_bricks":53,"iceandfire:sea_serpent_fang":2,"born_in_chaos_v1:monster_flesh":1,"minecraft:salmon":1,"luminousworld:ishstone":9,"minecraft:leather":1,"minecraft:birch_planks":81,"minecraft:packed_mud":13,"minecraft:oak_log":244,"minecraft:gunpowder":8,"mowziesmobs:wrought_axe":1,"mutantmonsters:mutant_skeleton_limb":5,"minecraft:paper":27,"minecraft:white_banner":1,"tombstone:gift":1,"minecraft:waxed_weathered_cut_copper":2,"minecraft:kelp":4,"minecraft:rabbit_hide":3,"quark:music_disc_crickets":1,"minecraft:acacia_trapdoor":1,"iceandfire:armor_silver_metal_helmet":1,"minecraft:iron_ingot":4,"dynamictrees:birch_seed":154,"quark:glow_shroom":4,"minecraft:waxed_weathered_cut_copper_stairs":1,"tombstone:bag_of_seeds":2,"iceandfire:sea_serpent_scales_deepblue":11,"minecraft:glass_bottle":5,"luminousworld:white_petunias":2,"luminousworld:autumnplank":8,"minecraft:iron_sword":1,"minecraft:flowering_azalea":1,"minecraft:dark_oak_stairs":2,"minecraft:book":51,"minecraft:oak_slab":3,"minecraft:dark_oak_slab":5,"luminousworld:clovers_1":10,"minecraft:pumpkin":4,"luminousworld:tall_birch_sapling":1,"iceandfire:ash":20,"born_in_chaos_v1:ethereal_spirit":3,"minecraft:torchflower_seeds":3,"mowziesmobs:wrought_helmet":1,"minecraft:gravel":9,"born_in_chaos_v1:dark_rod":2,"minecraft:birch_stairs":4,"minecraft:mud_brick_wall":4,"minecraft:white_bed":2,"minecraft:spider_eye":1,"minecraft:green_carpet":15,"alexsmobs:raw_catfish":3,"minecraft:slime_ball":3,"minecraft:diamond_axe":2,"minecraft:mossy_cobblestone_stairs":1,"minecraft:black_wool":1,"minecraft:baked_potato":1,"minecraft:stripped_dark_oak_log":2,"minecraft:coal":104,"minecraft:ender_pearl":2},"minecraft:used":{"minecraft:beetroot":9,"minecraft:moss_block":9,"minecraft:iron_shovel":429,"minecraft:waxed_exposed_cut_copper":3,"minecraft:red_sand":7,"minecraft:oak_sign":3,"born_in_chaos_v1:intoxicating_decoction":1,"minecraft:iron_sword":50,"mores:emerald_axe":608,"minecraft:player_head":1,"artifacts:umbrella":151,"minecraft:carrot":36,"minecraft:glass":262,"born_in_chaos_v1:corpse_maggot":6,"tombstone:tablet_of_cupidity":1,"minecraft:lantern":38,"minecraft:birch_sapling":1,"minecraft:packed_mud":5,"born_in_chaos_v1:gnawed_bones":1,"minecraft:furnace":6,"minecraft:potato":41,"quark:glow_shroom_ring":4,"luminousworld:autumnplank":4,"minecraft:stripped_birch_log":76,"minecraft:birch_leaves":79,"minecraft:oak_planks":2,"minecraft:diamond_axe":196,"tombstone:scroll_of_true_sight":1,"luminousworld:baobab_plank":16,"minecraft:golden_apple":23,"minecraft:sand":121,"iceandfire:silver_axe":116,"minecraft:shears":91,"mores:emerald_battleaxe":266,"iceandfire:silver_pickaxe":226,"born_in_chaos_v1:monster_flesh":1,"minecraft:dark_oak_log":103,"minecraft:melon_slice":20,"minecraft:bread":82,"minecraft:cyan_bed":1,"minecraft:torchflower_seeds":3,"quark:glow_lichen_growth":3,"minecraft:dark_oak_fence":83,"minecraft:birch_log":393,"minecraft:waxed_cut_copper_stairs":3,"minecraft:oak_boat":2,"mores:sapphire_battleaxe":194,"minecraft:oak_fence":5,"minecraft:oak_trapdoor":2,"born_in_chaos_v1:dark_ritual_dagger":13,"quark:birch_chest":10,"minecraft:spruce_planks":2,"minecraft:tinted_glass":4,"minecraft:wooden_shovel":120,"dynamictrees:oak_seed":8,"born_in_chaos_v1:fried_maggot":10,"minecraft:stick":6,"minecraft:oak_door":8,"minecraft:torch":44,"minecraft:dirt":469,"iceandfire:pixie_dust":1,"supplementaries:item_shelf":3,"minecraft:bookshelf":12,"minecraft:dark_oak_planks":94,"minecraft:waxed_cut_copper":2,"minecraft:oak_stairs":4,"minecraft:mud_bricks":45,"minecraft:barrel":1,"luminousworld:tall_birch_sapling":1,"minecraft:golden_carrot":10,"tombstone:gift":8,"luminousworld:raw_venison":1,"mores:bronze_apple":1,"mores:tin_shield":18,"minecraft:cooked_beef":1,"mores:sapphire_axe":1165,"alexsmobs:cooked_catfish":3,"minecraft:water_bucket":34,"minecraft:birch_planks":485,"quark:cobblestone_bricks":2,"minecraft:baked_potato":1,"minecraft:waxed_oxidized_cut_copper":4,"mores:emerald_shovel":396,"minecraft:glow_item_frame":2,"minecraft:oak_slab":16,"minecraft:lime_bed":8,"minecraft:dark_prismarine_slab":1,"minecraft:crafting_table":7,"minecraft:white_bed":2,"mowziesmobs:wrought_axe":2,"furnitura:birch_chair":8,"tombstone:bag_of_seeds":4,"minecraft:oak_log":223,"minecraft:diamond_pickaxe":223,"minecraft:dark_prismarine":40,"mores:chocolate":1,"mores:cobalt_pickaxe":213,"iceandfire:ash":1,"minecraft:stone_axe":60,"minecraft:enchanted_book":1,"furnitura:oak_table":4,"minecraft:cobblestone":252,"minecraft:potion":1,"minecraft:mud_brick_wall":1,"minecraft:white_banner":1,"minecraft:bucket":35,"minecraft:cooked_porkchop":1,"mores:silver_mace":2,"alexsmobs:animal_dictionary":6,"takesapillage:ravager_horn":1,"minecraft:birch_stairs":38,"alexsmobs:emu_egg":1},"minecraft:custom":{"minecraft:animals_bred":1,"minecraft:interact_with_crafting_table":102,"minecraft:open_barrel":31,"minecraft:bell_ring":1,"minecraft:eat_cake_slice":3,"minecraft:leave_game":14,"minecraft:time_since_death":19428,"minecraft:sprint_one_cm":1679748,"minecraft:damage_blocked_by_shield":1741,"minecraft:drop":311,"minecraft:play_noteblock":3,"minecraft:play_time":787419,"minecraft:deaths":26,"minecraft:jump":12685,"minecraft:interact_with_brewingstand":3,"minecraft:walk_on_water_one_cm":354927,"minecraft:interact_with_furnace":77,"minecraft:interact_with_cartography_table":1,"minecraft:interact_with_loom":4,"minecraft:sleep_in_bed":25,"minecraft:damage_dealt":46016,"minecraft:crouch_one_cm":111373,"tombstone:undead_killed":77,"minecraft:interact_with_smoker":5,"minecraft:interact_with_smithing_table":1,"minecraft:interact_with_anvil":2,"minecraft:mob_kills":168,"minecraft:damage_dealt_resisted":1718,"minecraft:climb_one_cm":70246,"minecraft:walk_one_cm":2319483,"minecraft:damage_dealt_absorbed":156,"minecraft:sneak_time":39310,"minecraft:walk_under_water_one_cm":171322,"minecraft:boat_one_cm":799457,"minecraft:interact_with_blast_furnace":3,"minecraft:total_world_time":787419,"tombstone:raider_killed":7,"minecraft:tune_noteblock":59,"minecraft:interact_with_stonecutter":2,"minecraft:time_since_rest":17029,"minecraft:damage_absorbed":668,"minecraft:damage_taken":13785,"minecraft:trigger_trapped_chest":2,"tombstone:cast_on_ally":0,"minecraft:swim_one_cm":354321,"minecraft:fly_one_cm":2736710,"minecraft:open_chest":262,"minecraft:fall_one_cm":165658},"minecraft:crafted":{"minecraft:oak_planks":220,"epicsamurai:silver_ingot":10,"quark:birch_chest":10,"minecraft:birch_slab":12,"minecraft:bookshelf":12,"mutantmonsters:mutant_skeleton_arms":1,"minecraft:glass":270,"born_in_chaos_v1:dark_ritual_dagger":1,"minecraft:diamond_helmet":2,"minecraft:diamond_leggings":2,"minecraft:iron_boots":1,"tombstone:grave_key":1,"furnitura:oak_table":4,"mutantmonsters:mutant_skeleton_rib_cage":1,"alexsmobs:cooked_catfish":3,"minecraft:oak_fence":6,"iceandfire:silver_axe":1,"minecraft:oak_slab":30,"minecraft:wooden_shovel":2,"minecraft:emerald":36,"minecraft:cooked_porkchop":1,"minecraft:crafting_table":6,"mores:cobalt_pickaxe":1,"minecraft:iron_helmet":1,"mores:sapphire_battleaxe":1,"minecraft:birch_planks":492,"minecraft:pumpkin_seeds":16,"minecraft:iron_chestplate":1,"minecraft:diamond_pickaxe":1,"minecraft:stick":76,"minecraft:iron_ingot":9,"minecraft:birch_stairs":36,"mores:emerald_shovel":1,"mores:emerald_boots":1,"minecraft:oak_door":3,"minecraft:iron_nugget":81,"minecraft:furnace":4,"mores:emerald_axe":1,"minecraft:oak_trapdoor":6,"mutantmonsters:mutant_skeleton_chestplate":1,"minecraft:lantern":10,"minecraft:dark_oak_fence":75,"born_in_chaos_v1:bone_handle":2,"born_in_chaos_v1:fried_maggot":10,"quark:cobblestone_bricks":4,"minecraft:diamond_boots":2,"mores:sapphire_axe":1,"minecraft:dark_oak_planks":252,"iceandfire:chain":1,"luminousworld:autumnplank":4,"supplementaries:item_shelf":2,"iceandfire:silver_ingot":5,"minecraft:iron_sword":1,"furnitura:birch_chair":8,"minecraft:stripped_oak_wood":3,"minecraft:bucket":1,"mores:emerald_battleaxe":1,"minecraft:stone_axe":1,"minecraft:bread":15,"minecraft:air":0,"minecraft:oak_boat":2,"iceandfire:armor_silver_metal_helmet":1,"mores:silver_mace":1,"minecraft:oak_stairs":4,"minecraft:iron_shovel":2,"minecraft:iron_leggings":1,"minecraft:torch":20,"iceandfire:silver_pickaxe":1,"luminousworld:baobab_plank":20,"minecraft:diamond_chestplate":2},"minecraft:mined":{"luminousworld:white_petunias":2,"minecraft:dark_oak_planks":44,"minecraft:waxed_cut_copper_slab":8,"minecraft:spruce_planks":20,"minecraft:white_bed":2,"luminousworld:yellowpetunias":1,"minecraft:black_terracotta":3,"quark:glow_shroom_stem":4,"minecraft:granite":10,"minecraft:red_sand":7,"minecraft:grass_block":343,"luminousworld:bao_bob_wood":1,"minecraft:mud_bricks":50,"minecraft:mud_brick_wall":2,"luminousworld:savanna_grass_2":1,"minecraft:tall_seagrass":1,"minecraft:spawner":13,"minecraft:smooth_stone":9,"epicsamurai:deepslate_jade_ore":5,"minecraft:mossy_cobblestone_slab":1,"minecraft:iron_ore":5,"minecraft:mossy_cobblestone_stairs":1,"minecraft:fire":44,"minecraft:pumpkin":4,"minecraft:dark_oak_stairs":3,"placeablesmod:empty_bucket_block":2,"supplementaries:stick":6,"minecraft:oak_sign":3,"minecraft:cave_vines":1,"minecraft:oak_stairs":2,"minecraft:green_carpet":2,"minecraft:player_head":1,"dynamictrees:jungle_leaves":3,"minecraft:waxed_cut_copper_stairs":1,"epicsamurai:spirit_stone_base":4,"minecraft:waxed_cut_copper":12,"supplementaries:book_pile":1,"minecraft:torch":5,"born_in_chaos_v1:infected_deepslate_diamond_ore":1,"minecraft:melon":9,"supplementaries:wild_flax":1,"minecraft:glass":38,"minecraft:cobblestone":31,"minecraft:cyan_bed":1,"minecraft:oak_planks":2,"minecraft:wall_torch":1,"minecraft:amethyst_block":2,"minecraft:dark_oak_slab":1,"luminousworld:clovers_1":2,"minecraft:wheat":2,"minecraft:tinted_glass":7,"minecraft:birch_log":27,"luminousworld:bao_bob_log":5,"dynamictrees:birch_leaves":91,"minecraft:grass":25,"minecraft:oak_log":54,"mores:silver_ore":6,"luminousworld:yellow_birch_leaves":1,"minecraft:acacia_fence":1,"minecraft:dirt":236,"minecraft:sand":439,"luminousworld:grassvariant_3":4,"born_in_chaos_v1:infernal_evil_pumpkin_s":1,"minecraft:netherrack":5,"minecraft:deepslate":6,"minecraft:redstone_lamp":1,"minecraft:dark_prismarine":43,"iceandfire:silver_ore":8,"minecraft:mossy_cobblestone":6,"luminousworld:grassvariant_4":2,"minecraft:oak_door":5,"minecraft:stripped_birch_log":163,"minecraft:dark_oak_log":20,"minecraft:glow_lichen":1,"minecraft:dark_oak_fence":9,"luminousworld:clovers_4":1,"luminousworld:grassvariant_2":8,"minecraft:moss_block":3,"iceandfire:chared_grass":1,"minecraft:furnace":2,"dynamictrees:oak_leaves":3,"minecraft:oak_trapdoor":1,"minecraft:packed_mud":20,"minecraft:waxed_oxidized_cut_copper":6,"dynamictrees:oak_undergrowth_leaves":5,"luminousworld:yellow_grassflowers":1,"placeablesmod:water_bucket_block":2,"minecraft:andesite":17,"minecraft:bookshelf":11,"minecraft:vine":1,"minecraft:lantern":14,"minecraft:stripped_oak_log":34,"luminousworld:groundpebbles_2":1,"luminousworld:clovers_3":1,"minecraft:stone":239,"luminousworld:soft_birch_log":37,"minecraft:oak_slab":3,"minecraft:birch_stairs":4,"minecraft:stripped_dark_oak_log":1,"minecraft:cornflower":1,"luminousworld:savannah_grass_1":1,"supplementaries:item_shelf":1,"minecraft:copper_ore":5,"minecraft:rose_bush":1,"luminousworld:auburnlog":3,"minecraft:tall_grass":4,"quark:glow_shroom_block":8,"minecraft:diorite":9,"minecraft:birch_planks":82,"minecraft:lime_bed":7,"minecraft:birch_leaves":24,"luminousworld:autumnplank":4,"minecraft:dark_prismarine_slab":2,"minecraft:yellow_bed":1,"minecraft:coal_ore":74,"luminousworld:clovers_5":1,"luminousworld:ishstone":8,"minecraft:gravel":11,"minecraft:cobweb":2,"minecraft:acacia_planks":6,"minecraft:gold_ore":4,"minecraft:waxed_exposed_cut_copper":3,"minecraft:iron_trapdoor":2,"minecraft:fern":1},"minecraft:killed":{"born_in_chaos_v1:mr_pumpkin":2,"earthmobsmod:jumbo_rabbit":1,"born_in_chaos_v1:zombie_lumberjack":1,"born_in_chaos_v1:restless_spirit":1,"minecraft:spider":4,"luminousworld:fawn":1,"undead_revamp2:thesmoker":1,"born_in_chaos_v1:baby_skeleton_minion":4,"undead_revamp2:theswarmer":1,"minecraft:skeleton":12,"minecraft:guardian":1,"luminousworld:dark_oak_skeleton":1,"undead_revamp2:therod":1,"undead_revamp2:thepregnant":1,"born_in_chaos_v1:bonescaller":1,"minecraft:pig":1,"alexsmobs:grizzly_bear":1,"born_in_chaos_v1:diamond_termite":2,"undead_revamp2:thebeartamer":1,"minecraft:creeper":5,"minecraft:sheep":3,"minecraft:pillager":1,"minecraft:zombie":29,"born_in_chaos_v1:dread_hound":1,"alexsmobs:terrapin":2,"born_in_chaos_v1:corpse_fly":2,"enemyexpansion:botfly":5,"born_in_chaos_v1:door_knight":2,"minecraft:cow":1,"iceandfire:sea_serpent":3,"enemyexpansion:wasp":2,"illagerinvasion:marauder":2,"enemyexpansion:direwolf":3,"born_in_chaos_v1:zombie_bruiser":2,"born_in_chaos_v1:maggot":10,"naturalist:deer":1,"mowziesmobs:ferrous_wroughtnaut":1,"iceandfire:siren":1,"undead_revamp2:thebidy":3,"alexsmobs:bison":1,"minecraft:drowned":2,"undead_revamp2:sucker":2,"enemyexpansion:goblin":1,"born_in_chaos_v1:barrel_zombie":1,"iceandfire:hippocampus":1,"born_in_chaos_v1:swarmer":1,"undead_revamp2:the_moonflower":6,"minecraft:ravager":4,"born_in_chaos_v1:decrepit_skeleton":1,"alexsmobs:catfish":2,"iceandfire:ghost":1,"born_in_chaos_v1:dark_vortex":1,"born_in_chaos_v1:nightmare_stalker":2,"minecraft:wither_skeleton":2,"enemyexpansion:slugger":1},"minecraft:broken":{"minecraft:iron_shovel":1,"minecraft:wooden_shovel":2,"takesapillage:ravager_horn":1,"mores:emerald_axe":1,"mores:sapphire_axe":1,"mores:tin_shield":1},"minecraft:dropped":{"minecraft:iron_sword":1,"luminousworld:autumnplank":4,"minecraft:brown_mushroom":3,"minecraft:dark_oak_stairs":2,"quark:glow_shroom":4,"luminousworld:yellowpetunias":1,"minecraft:lapis_lazuli":1,"minecraft:ender_pearl":1,"minecraft:glass_bottle":5,"luminousworld:white_petunias":2,"minecraft:pitcher_pod":5,"minecraft:dark_oak_slab":5,"minecraft:leather":1,"minecraft:iron_horse_armor":2,"born_in_chaos_v1:pieceofdarkmetal":2,"minecraft:packed_mud":6,"minecraft:dirt":122,"minecraft:dark_oak_log":5,"minecraft:dark_oak_fence":1,"born_in_chaos_v1:monster_skin":5,"minecraft:cornflower":1,"minecraft:dark_oak_trapdoor":5,"minecraft:gold_nugget":1,"iceandfire:ash":24,"undead_revamp2:blacpetalblock":2,"iceandfire:armor_silver_metal_helmet":2,"minecraft:dark_oak_planks":12,"minecraft:white_wool":1,"luminousworld:clovers_1":10,"minecraft:bone":14,"minecraft:lever":8,"dynamictrees:oak_seed":26,"minecraft:iron_nugget":2,"alexsmobs:animal_dictionary":2,"minecraft:tinted_glass":1,"minecraft:birch_sapling":1,"minecraft:wheat":4,"minecraft:soul_lantern":1,"minecraft:stripped_dark_oak_log":1,"minecraft:black_terracotta":3,"minecraft:rotten_flesh":82,"minecraft:oak_planks":2,"minecraft:azure_bluet":1,"minecraft:carrot":35,"minecraft:rabbit_foot":1,"minecraft:rabbit_hide":3,"supplementaries:ash":9,"minecraft:gunpowder":6,"luminousworld:baobab_plank":20,"minecraft:skeleton_skull":1,"minecraft:beetroot_seeds":17,"minecraft:leather_boots":1,"minecraft:spruce_slab":5,"minecraft:birch_button":1,"minecraft:arrow":5,"minecraft:water_bucket":1,"minecraft:bread":22,"minecraft:birch_leaves":1,"minecraft:wheat_seeds":39,"minecraft:golden_helmet":1,"minecraft:lilac":4,"luminousworld:ishstone":9,"dynamictrees:birch_seed":154,"minecraft:mossy_cobblestone":3,"mowziesmobs:foliaath_seed":2,"minecraft:diamond_leggings":1,"dynamictrees:dark_oak_seed":5,"minecraft:cobblestone":78,"minecraft:iron_helmet":1,"minecraft:dark_prismarine_slab":1,"minecraft:book":1,"minecraft:granite":7,"minecraft:chainmail_helmet":1,"mowziesmobs:wrought_axe":1,"minecraft:golden_apple":6,"minecraft:stick":828,"quark:clear_shard":14,"minecraft:mud_brick_wall":3,"illagerinvasion:platinum_chunk":2,"minecraft:mossy_cobblestone_slab":1,"minecraft:diorite":5,"minecraft:iron_trapdoor":2,"tombstone:grave_key":3,"minecraft:rose_bush":4,"minecraft:diamond_helmet":1,"tombstone:grave_dust":7,"minecraft:green_carpet":15,"minecraft:iron_leggings":2,"minecraft:flowering_azalea":1,"minecraft:mossy_cobblestone_stairs":1,"minecraft:smooth_stone":9,"minecraft:string":5,"minecraft:waxed_weathered_cut_copper_stairs":1,"minecraft:player_head":2,"minecraft:iron_boots":2,"minecraft:waxed_exposed_cut_copper":2,"minecraft:torchflower_seeds":2,"minecraft:potato":1,"minecraft:pumpkin_seeds":19,"mutantmonsters:mutant_skeleton_chestplate":1,"minecraft:lightning_rod":4,"mores:emerald_battleaxe":1,"luminousworld:yellow_grassflowers":3,"takesapillage:ravager_horn":4,"minecraft:hay_block":4,"minecraft:diamond_chestplate":1,"minecraft:waxed_cut_copper":1,"minecraft:spruce_trapdoor":1,"minecraft:bundle":1,"minecraft:iron_chestplate":1,"luminousworld:groundpebbles_1":3,"minecraft:andesite":14,"minecraft:waxed_weathered_cut_copper":2,"minecraft:waxed_oxidized_cut_copper":5,"minecraft:spider_eye":1,"minecraft:diamond_boots":1,"minecraft:slime_ball":2,"minecraft:dark_prismarine":25,"minecraft:black_wool":8}},"DataVersion":3465}