{"stats":{"minecraft:used":{"minecraft:sand":4,"minecraft:lime_bed":1,"minecraft:bread":3,"alexsmobs:animal_dictionary":4},"minecraft:picked_up":{"minecraft:lime_bed":1,"minecraft:pumpkin":4,"minecraft:bread":3},"minecraft:custom":{"minecraft:time_since_rest":9671,"minecraft:open_chest":4,"minecraft:bell_ring":1,"minecraft:crouch_one_cm":417,"minecraft:play_time":22941,"minecraft:sprint_one_cm":63156,"minecraft:walk_one_cm":89658,"minecraft:damage_taken":645,"minecraft:deaths":1,"minecraft:trigger_trapped_chest":2,"minecraft:sneak_time":132,"minecraft:walk_under_water_one_cm":2269,"minecraft:mob_kills":2,"minecraft:jump":451,"minecraft:damage_dealt":426,"minecraft:time_since_death":9984,"minecraft:walk_on_water_one_cm":4426,"minecraft:total_world_time":22941,"minecraft:climb_one_cm":2467,"minecraft:interact_with_cartography_table":1,"minecraft:swim_one_cm":3342,"minecraft:interact_with_crafting_table":1,"minecraft:fall_one_cm":11398,"minecraft:fly_one_cm":136886},"minecraft:crafted":{"minecraft:pumpkin_seeds":16},"minecraft:mined":{"minecraft:lime_bed":1,"minecraft:vine":1,"minecraft:pumpkin":4}},"DataVersion":3465}