{"stats":{"minecraft:picked_up":{"minecraft:stripped_oak_log":7,"minecraft:birch_log":47,"minecraft:lime_bed":8,"born_in_chaos_v1:corpse_maggot":1,"minecraft:crafting_table":1,"minecraft:wheat":4,"minecraft:brown_mushroom":18,"minecraft:potato":27,"minecraft:oak_log":6,"minecraft:stripped_birch_log":21,"minecraft:bone":6,"minecraft:acacia_planks":4,"minecraft:beetroot":9,"minecraft:wheat_seeds":7,"minecraft:red_sand":3,"minecraft:gold_nugget":1,"minecraft:raw_gold":8,"dynamictrees:birch_seed":22,"minecraft:iron_ingot":2,"minecraft:oak_boat":1,"minecraft:iron_nugget":2,"minecraft:oak_planks":2,"minecraft:stick":105,"minecraft:pumpkin":4,"minecraft:copper_ingot":2,"minecraft:porkchop":1,"tombstone:grave_dust":4,"born_in_chaos_v1:pieceofdarkmetal":2,"minecraft:carrot":47,"minecraft:iron_horse_armor":2,"alexsmobs:animal_dictionary":2,"alexsmobs:raw_catfish":3,"luminousworld:baobab_plank":20,"minecraft:rotten_flesh":28,"luminousworld:soft_birch_log":36,"minecraft:beetroot_seeds":15,"minecraft:hay_block":4,"alexsmobs:emu_egg":1,"minecraft:bread":3,"tombstone:essence_of_undeath":1,"epicsamurai:spirit_stone_base":3,"luminousworld:bao_bob_log":5,"minecraft:coal":46,"minecraft:skeleton_skull":1,"iceandfire:raw_silver":4,"minecraft:cobblestone":34},"minecraft:used":{"alexsmobs:emu_egg":1,"quark:birch_chest":1,"minecraft:red_sand":3,"minecraft:birch_planks":20,"minecraft:iron_sword":50,"mores:emerald_axe":107,"luminousworld:baobab_plank":16,"minecraft:sand":4,"iceandfire:pixie_dust":1,"artifacts:umbrella":1,"minecraft:lime_bed":8,"minecraft:crafting_table":5,"minecraft:carrot":18,"mores:emerald_battleaxe":10,"born_in_chaos_v1:corpse_maggot":1,"minecraft:bread":16,"mores:cobalt_pickaxe":62,"minecraft:stone_axe":60,"minecraft:cobblestone":3,"minecraft:furnace":2,"minecraft:birch_log":20,"tombstone:gift":2,"alexsmobs:animal_dictionary":6,"minecraft:oak_boat":1,"minecraft:potato":3,"minecraft:beetroot":4},"minecraft:crafted":{"minecraft:oak_planks":52,"quark:birch_chest":1,"minecraft:crafting_table":4,"mores:cobalt_pickaxe":1,"minecraft:iron_sword":1,"minecraft:furnace":2,"mores:emerald_axe":1,"minecraft:birch_planks":136,"minecraft:pumpkin_seeds":16,"mores:emerald_battleaxe":1,"minecraft:stone_axe":1,"minecraft:oak_boat":1,"minecraft:stick":76,"luminousworld:baobab_plank":20},"minecraft:custom":{"minecraft:interact_with_furnace":6,"minecraft:mob_kills":18,"minecraft:interact_with_crafting_table":10,"minecraft:interact_with_cartography_table":1,"minecraft:open_barrel":1,"minecraft:interact_with_loom":1,"minecraft:bell_ring":1,"minecraft:damage_dealt_resisted":996,"minecraft:time_since_death":30882,"minecraft:sleep_in_bed":9,"minecraft:climb_one_cm":27153,"minecraft:time_since_rest":4156,"minecraft:sprint_one_cm":357304,"minecraft:damage_taken":3091,"minecraft:walk_one_cm":379848,"minecraft:damage_blocked_by_shield":60,"minecraft:trigger_trapped_chest":2,"minecraft:drop":40,"minecraft:damage_dealt":3235,"minecraft:swim_one_cm":21962,"minecraft:fly_one_cm":718179,"minecraft:open_chest":47,"minecraft:crouch_one_cm":1879,"minecraft:play_time":113310,"tombstone:undead_killed":4,"minecraft:deaths":9,"minecraft:sneak_time":790,"minecraft:walk_under_water_one_cm":11148,"minecraft:boat_one_cm":130343,"minecraft:interact_with_brewingstand":2,"minecraft:jump":2828,"minecraft:walk_on_water_one_cm":24456,"minecraft:total_world_time":113310,"minecraft:fall_one_cm":44441},"minecraft:mined":{"luminousworld:soft_birch_log":36,"iceandfire:silver_ore":2,"minecraft:mossy_cobblestone":3,"minecraft:stripped_birch_log":20,"luminousworld:savannah_grass_1":1,"minecraft:red_sand":3,"luminousworld:bao_bob_wood":1,"luminousworld:grassvariant_2":2,"luminousworld:savanna_grass_2":1,"minecraft:lime_bed":7,"luminousworld:bao_bob_log":5,"minecraft:pumpkin":4,"minecraft:grass":4,"minecraft:oak_log":6,"minecraft:coal_ore":25,"minecraft:vine":1,"luminousworld:yellow_birch_leaves":1,"minecraft:stripped_oak_log":5,"minecraft:cobweb":1,"born_in_chaos_v1:infernal_evil_pumpkin_s":1,"minecraft:acacia_planks":6,"minecraft:stone":25,"minecraft:gold_ore":4,"epicsamurai:spirit_stone_base":3},"minecraft:killed":{"born_in_chaos_v1:mr_pumpkin":2,"minecraft:pig":1,"undead_revamp2:thebeartamer":1,"enemyexpansion:direwolf":1,"born_in_chaos_v1:zombie_bruiser":1,"born_in_chaos_v1:maggot":1,"alexsmobs:catfish":2,"naturalist:deer":1,"iceandfire:ghost":1,"alexsmobs:terrapin":2,"born_in_chaos_v1:door_knight":1},"minecraft:dropped":{"minecraft:bread":12,"minecraft:wheat_seeds":6,"minecraft:lapis_lazuli":1,"minecraft:iron_nugget":2,"alexsmobs:animal_dictionary":2,"minecraft:wheat":4,"minecraft:rotten_flesh":17,"minecraft:cobblestone":5,"minecraft:oak_planks":2,"minecraft:iron_horse_armor":2,"minecraft:carrot":13,"minecraft:pumpkin_seeds":16,"minecraft:hay_block":4,"minecraft:gunpowder":6,"luminousworld:baobab_plank":20,"minecraft:skeleton_skull":1,"minecraft:beetroot_seeds":15,"tombstone:grave_dust":4,"minecraft:gold_nugget":1,"minecraft:black_wool":8,"minecraft:bone":5}},"DataVersion":3465}