{"stats":{"minecraft:used":{"alexsmobs:emu_egg":1,"minecraft:beetroot":9,"minecraft:moss_block":9,"minecraft:ladder":1,"mores:emerald_axe":608,"minecraft:grass_block":1,"minecraft:birch_sapling":1,"minecraft:dark_oak_boat":1,"minecraft:cooked_cod":1,"minecraft:furnace":6,"minecraft:potato":41,"quark:glow_shroom_ring":4,"luminousworld:autumnplank":28,"minecraft:stripped_birch_log":76,"tombstone:scroll_of_true_sight":1,"minecraft:cookie":5,"minecraft:golden_apple":27,"luminousworld:baobab_plank":16,"minecraft:sand":121,"mutantmonsters:mutant_skeleton_skull":1,"mores:emerald_battleaxe":266,"iceandfire:silver_pickaxe":226,"born_in_chaos_v1:monster_flesh":1,"quark:glow_lichen_growth":3,"minecraft:dark_oak_fence":83,"minecraft:birch_log":393,"minecraft:waxed_cut_copper_stairs":3,"minecraft:oak_boat":2,"minecraft:oak_trapdoor":2,"born_in_chaos_v1:dark_ritual_dagger":17,"minecraft:tinted_glass":4,"born_in_chaos_v1:fried_maggot":10,"minecraft:netherrack":31,"minecraft:stick":6,"minecraft:torch":152,"minecraft:totem_of_undying":1,"minecraft:mud_bricks":45,"minecraft:barrel":1,"luminousworld:raw_venison":1,"mores:tin_shield":18,"tombstone:gift":10,"mores:sapphire_axe":1165,"alexsmobs:cooked_catfish":3,"minecraft:water_bucket":34,"minecraft:birch_planks":485,"quark:cobblestone_bricks":2,"minecraft:waxed_oxidized_cut_copper":4,"mores:emerald_shovel":396,"minecraft:polished_blackstone_bricks":2,"securitycraft:cobblestone_mine":1,"minecraft:oak_slab":16,"minecraft:crafting_table":7,"supplementaries:bomb":6,"minecraft:white_bed":2,"epicsamurai:tanuki_statue":1,"mowziesmobs:wrought_axe":2,"minecraft:oak_log":223,"minecraft:dark_prismarine":40,"minecraft:diamond_pickaxe":445,"tombstone:magic_scroll":2,"mores:chocolate":4,"minecraft:enchanted_book":1,"furnitura:oak_table":4,"minecraft:cobblestone":314,"minecraft:potion":1,"minecraft:cooked_porkchop":1,"minecraft:waxed_exposed_cut_copper":3,"minecraft:red_sand":7,"minecraft:iron_shovel":429,"born_in_chaos_v1:intoxicating_decoction":1,"minecraft:oak_sign":5,"minecraft:iron_sword":50,"minecraft:player_head":1,"artifacts:umbrella":3672,"endrem:cursed_eye":20,"minecraft:carrot":442,"minecraft:obsidian":7,"minecraft:glass":262,"born_in_chaos_v1:corpse_maggot":6,"tombstone:tablet_of_cupidity":1,"minecraft:lantern":38,"minecraft:packed_mud":5,"born_in_chaos_v1:gnawed_bones":1,"luminousworld:cooked_squirrel":1,"minecraft:birch_leaves":79,"minecraft:oak_planks":2,"minecraft:diamond_axe":211,"iceandfire:silver_axe":116,"minecraft:shears":91,"luminousworld:creepberries":1,"minecraft:dark_oak_log":103,"minecraft:melon_slice":20,"minecraft:bread":99,"minecraft:cyan_bed":1,"minecraft:gravel":2,"minecraft:torchflower_seeds":3,"naturalist:cooked_duck":2,"minecraft:cooked_rabbit":1,"mores:sapphire_battleaxe":554,"minecraft:experience_bottle":1,"minecraft:oak_fence":5,"quark:birch_chest":10,"minecraft:flint_and_steel":48,"minecraft:spruce_planks":2,"minecraft:wooden_shovel":120,"dynamictrees:oak_seed":8,"minecraft:oak_door":8,"minecraft:dirt":490,"iceandfire:pixie_dust":4,"mores:silver_apple":1,"supplementaries:item_shelf":3,"minecraft:dark_oak_planks":94,"minecraft:bookshelf":12,"minecraft:waxed_cut_copper":2,"minecraft:oak_stairs":4,"luminousworld:tall_birch_sapling":1,"minecraft:golden_carrot":22,"mores:bronze_apple":1,"minecraft:cooked_beef":1,"minecraft:cooked_mutton":4,"minecraft:baked_potato":1,"minecraft:glow_item_frame":2,"minecraft:dark_prismarine_slab":1,"minecraft:lime_bed":8,"furnitura:birch_chair":8,"tombstone:bag_of_seeds":4,"minecraft:gray_terracotta":1,"minecraft:apple":2,"mores:cobalt_pickaxe":213,"iceandfire:ash":1,"minecraft:stone_axe":60,"minecraft:mud_brick_wall":1,"minecraft:white_banner":1,"minecraft:bucket":35,"mores:silver_mace":2,"alexsmobs:animal_dictionary":6,"takesapillage:ravager_horn":1,"minecraft:birch_stairs":38},"minecraft:killed":{"illagerinvasion:archivist":2,"born_in_chaos_v1:mr_pumpkin":2,"earthmobsmod:jumbo_rabbit":1,"born_in_chaos_v1:restless_spirit":1,"born_in_chaos_v1:zombie_lumberjack":1,"luminousworld:fawn":1,"undead_revamp2:theswarmer":1,"born_in_chaos_v1:baby_skeleton_minion":4,"minecraft:skeleton":17,"undead_revamp2:deadclogger":1,"minecraft:guardian":1,"luminousworld:dark_oak_skeleton":1,"undead_revamp2:thepregnant":1,"enemyexpansion:vampflyer":1,"undead_revamp2:theheavy":1,"mutantmonsters:mutant_skeleton":1,"minecraft:pillager":1,"minecraft:zombie":36,"born_in_chaos_v1:corpse_fly":2,"enemyexpansion:botfly":6,"born_in_chaos_v1:door_knight":2,"iceandfire:sea_serpent":6,"minecraft:cow":1,"alexsmobs:mimic_octopus":1,"minecraft:evoker":1,"minecraft:vindicator":4,"illagerinvasion:marauder":3,"naturalist:deer":1,"mowziesmobs:ferrous_wroughtnaut":1,"iceandfire:siren":1,"undead_revamp2:thebidy":3,"born_in_chaos_v1:barrel_zombie":1,"iceandfire:hippocampus":1,"undead_revamp2:the_moonflower":6,"minecraft:ravager":4,"born_in_chaos_v1:decrepit_skeleton":2,"alexsmobs:catfish":2,"undead_revamp2:thesomnolence":7,"alexsmobs:elephant":1,"iceandfire:ghost":1,"born_in_chaos_v1:dark_vortex":1,"minecraft:witch":1,"minecraft:spider":5,"undead_revamp2:thesmoker":1,"born_in_chaos_v1:scarlet_persecutor":1,"illagerinvasion:provoker":1,"minecraft:silverfish":2,"undead_revamp2:therod":1,"alexsmobs:hammerhead_shark":1,"born_in_chaos_v1:bonescaller":1,"minecraft:pig":1,"alexsmobs:grizzly_bear":1,"minecraft:zombie_villager":1,"born_in_chaos_v1:diamond_termite":2,"undead_revamp2:thebeartamer":1,"minecraft:creeper":5,"minecraft:sheep":3,"luminousworld:savannah_skeleton":2,"born_in_chaos_v1:dread_hound":1,"illagerinvasion:sorcerer":1,"alexsmobs:terrapin":2,"luminousworld:grey_squirrel":1,"undead_revamp2:theskeeper":1,"enemyexpansion:wasp":2,"luminousworld:deer":1,"minecraft:vex":1,"born_in_chaos_v1:missioner":1,"luminousworld:sunken_skeleton":1,"enemyexpansion:direwolf":5,"born_in_chaos_v1:zombie_bruiser":2,"born_in_chaos_v1:maggot":10,"naturalist:bass":3,"alexsmobs:bison":1,"minecraft:drowned":2,"born_in_chaos_v1:corpse_fish":1,"undead_revamp2:thehorrors":1,"undead_revamp2:sucker":2,"enemyexpansion:goblin":1,"luminousworld:savannah_zombie":2,"born_in_chaos_v1:fallen_chaos_knight":1,"born_in_chaos_v1:swarmer":1,"creeperoverhaul:ocean_creeper":1,"born_in_chaos_v1:nightmare_stalker":2,"minecraft:wither_skeleton":2,"enemyexpansion:slugger":1},"minecraft:picked_up":{"minecraft:iron_chestplate":1,"minecraft:flower_pot":1,"minecraft:prismarine_shard":3,"minecraft:oak_stairs":2,"minecraft:enchanted_book":5,"minecraft:birch_button":1,"minecraft:amethyst_block":2,"minecraft:string":8,"minecraft:dark_oak_trapdoor":5,"minecraft:shroomlight":1,"minecraft:beetroot":9,"dynamictrees:dark_oak_seed":5,"minecraft:gold_nugget":2,"minecraft:cobbled_deepslate":41,"minecraft:spruce_planks":2,"minecraft:waxed_exposed_cut_copper":5,"minecraft:netherite_upgrade_smithing_template":1,"hangglider:hang_glider":2,"minecraft:melon_slice":41,"minecraft:golden_helmet":1,"luminousworld:auburnlog":6,"born_in_chaos_v1:shattered_skull":1,"minecraft:lightning_rod":4,"mores:emerald_battleaxe":1,"mores:topaz_gem":4,"minecraft:rabbit_foot":1,"mutantmonsters:mutant_skeleton_pelvis":1,"mores:raw_tin":4,"minecraft:waxed_cut_copper_stairs":3,"quark:clear_shard":118,"luminousworld:yellow_grassflowers":3,"mores:silver_nugget":1,"supplementaries:ash":7,"minecraft:waxed_cut_copper":3,"minecraft:birch_log":448,"minecraft:mossy_cobblestone_slab":1,"minecraft:cooked_beef":1,"minecraft:water_bucket":2,"minecraft:dark_oak_boat":2,"alexsmobs:bison_fur":2,"minecraft:flint":1,"luminousworld:raw_venison":5,"minecraft:lantern":14,"minecraft:twisting_vines":1,"undead_revamp2:blacpetalblock":2,"minecraft:gray_terracotta":5,"minecraft:rabbit":1,"minecraft:moss_block":7,"luminousworld:creepberries":2,"iceandfire:shiny_scales":7,"epicsamurai:tanuki_statue":1,"minecraft:dark_oak_log":160,"minecraft:barrel":1,"alexsmobs:animal_dictionary":2,"minecraft:bundle":1,"cataclysm:lionfish":3,"minecraft:iron_hoe":1,"minecraft:lever":9,"luminousworld:yellowpetunias":1,"minecraft:granite":27,"minecraft:chainmail_helmet":1,"minecraft:bread":20,"born_in_chaos_v1:rotten_fish":1,"mores:raw_silver":5,"minecraft:dark_oak_fence":9,"iceandfire:raw_silver":11,"luminousworld:groundpebbles_1":3,"minecraft:crafting_table":1,"iceandfire:witherbone":2,"born_in_chaos_v1:seedof_chaos":2,"minecraft:cornflower":1,"epicsamurai:jade":5,"born_in_chaos_v1:intoxicating_decoction":1,"minecraft:compass":1,"minecraft:beef":10,"born_in_chaos_v1:gnawed_bones":1,"minecraft:iron_nugget":3,"minecraft:spruce_slab":8,"minecraft:birch_sapling":2,"naturalist:duck":4,"minecraft:oak_door":5,"minecraft:glow_item_frame":2,"sophisticatedbackpacks:backpack":1,"born_in_chaos_v1:pieceofdarkmetal":7,"minecraft:carrot":360,"minecraft:prismarine_crystals":6,"minecraft:beetroot_seeds":15,"minecraft:hay_block":4,"born_in_chaos_v1:dark_ritual_dagger":1,"tombstone:essence_of_undeath":1,"minecraft:gold_ingot":49,"minecraft:totem_of_undying":1,"minecraft:mutton":4,"minecraft:white_wool":2,"minecraft:stripped_oak_log":36,"minecraft:lime_bed":8,"minecraft:birch_leaves":80,"minecraft:mud_bricks":53,"iceandfire:sea_serpent_fang":11,"born_in_chaos_v1:monster_flesh":4,"luminousworld:ishstone":54,"minecraft:packed_mud":13,"minecraft:oak_log":244,"mowziesmobs:wrought_axe":1,"mutantmonsters:mutant_skeleton_limb":11,"minecraft:paper":27,"tombstone:gift":2,"minecraft:white_banner":1,"minecraft:stone_bricks":18,"minecraft:kelp":4,"quark:glow_shroom":4,"minecraft:waxed_weathered_cut_copper_stairs":1,"tombstone:bag_of_seeds":2,"minecraft:glass_bottle":7,"minecraft:iron_sword":1,"minecraft:flowering_azalea":1,"minecraft:dark_oak_stairs":2,"iceandfire:copper_nugget":38,"minecraft:dark_oak_slab":5,"born_in_chaos_v1:ethereal_spirit":4,"minecraft:torchflower_seeds":3,"minecraft:gravel":41,"minecraft:birch_stairs":4,"minecraft:slime_ball":3,"mores:anthracite":7,"minecraft:diamond_axe":2,"minecraft:warped_roots":1,"minecraft:baked_potato":1,"minecraft:stripped_dark_oak_log":2,"minecraft:ender_pearl":4,"minecraft:wheat":110,"illagerinvasion:platinum_chunk":4,"minecraft:iron_trapdoor":2,"alexscaves:cave_tablet":3,"enemyexpansion:wasp_thorax":1,"tombstone:grave_key":3,"born_in_chaos_v1:black_argillite":7,"iceandfire:tide_teal_helmet":1,"iceandfire:sea_serpent_scales_teal":13,"mutantmonsters:mutant_skeleton_skull":1,"minecraft:raw_copper":35,"minecraft:iron_leggings":2,"minecraft:oak_sign":7,"iceandfire:sea_serpent_scales_bronze":14,"minecraft:red_sand":7,"minecraft:smooth_stone":9,"minecraft:comparator":1,"minecraft:bucket":3,"minecraft:rose_bush":4,"minecraft:ender_eye":1,"dynamictrees:oak_seed":34,"minecraft:iron_boots":1,"minecraft:furnace":2,"iceandfire:pixie_dust":4,"minecraft:stick":1192,"quark:glow_shroom_ring":4,"minecraft:torch":51,"quark:yellow_corundum_cluster":9,"minecraft:porkchop":1,"aether:golden_gloves":1,"tombstone:grave_dust":10,"minecraft:diorite":13,"born_in_chaos_v1:nightmare_claw":3,"minecraft:rotten_flesh":100,"luminousworld:soft_birch_log":37,"alexsmobs:emu_egg":1,"mutantmonsters:mutant_skeleton_shoulder_pad":4,"minecraft:obsidian":17,"minecraft:cod":1,"minecraft:cobblestone":452,"minecraft:lilac":4,"mores:tin_shield":1,"minecraft:andesite":25,"minecraft:potato":27,"supplementaries:item_shelf":1,"alexsmobs:bear_fur":1,"quark:black_corundum_cluster":21,"supplementaries:flax_seeds":3,"minecraft:dirt":628,"minecraft:stripped_birch_log":239,"born_in_chaos_v1:monster_skin":11,"minecraft:bone":34,"minecraft:acacia_planks":4,"minecraft:wheat_seeds":237,"securitycraft:cobblestone_mine":1,"minecraft:raw_gold":12,"mores:sapphire_axe":2,"minecraft:mossy_stone_bricks":9,"minecraft:oak_planks":10,"minecraft:black_terracotta":3,"minecraft:sand":439,"mores:raw_cobalt":5,"minecraft:grass_block":1,"minecraft:cyan_bed":1,"minecraft:mossy_cobblestone":3,"minecraft:dark_prismarine":62,"minecraft:dark_prismarine_slab":2,"minecraft:soul_lantern":1,"minecraft:cracked_polished_blackstone_bricks":1,"mores:sapphire_battleaxe":2,"minecraft:golden_apple":7,"minecraft:emerald":4,"luminousworld:bao_bob_log":5,"minecraft:netherrack":66,"minecraft:waxed_oxidized_cut_copper":9,"born_in_chaos_v1:diamond_termite_shard":2,"minecraft:azure_bluet":1,"minecraft:ladder":1,"minecraft:brown_mushroom":24,"minecraft:oak_trapdoor":3,"minecraft:item_frame":1,"takesapillage:ravager_horn":4,"minecraft:oak_boat":1,"minecraft:player_head":3,"minecraft:tinted_glass":5,"minecraft:spruce_trapdoor":1,"minecraft:raw_iron":17,"minecraft:copper_ingot":7,"iceandfire:chared_grass":1,"minecraft:polished_blackstone_bricks":2,"minecraft:cookie":5,"luminousworld:raw_squirrel":1,"minecraft:iron_horse_armor":2,"minecraft:dark_oak_planks":55,"luminousworld:baobab_plank":20,"minecraft:arrow":24,"mutantmonsters:mutant_skeleton_rib":10,"epicsamurai:spirit_stone_base":3,"minecraft:skeleton_skull":1,"endrem:cursed_eye":21,"born_in_chaos_v1:corpse_maggot":16,"minecraft:golden_carrot":5,"minecraft:salmon":1,"minecraft:leather":61,"minecraft:birch_planks":81,"minecraft:gunpowder":8,"naturalist:bass":3,"minecraft:waxed_weathered_cut_copper":2,"quark:music_disc_crickets":1,"minecraft:acacia_trapdoor":1,"iceandfire:armor_silver_metal_helmet":1,"minecraft:rabbit_hide":3,"minecraft:iron_ingot":9,"dynamictrees:birch_seed":171,"luminousworld:white_petunias":2,"luminousworld:autumnplank":12,"iceandfire:sea_serpent_scales_deepblue":11,"quark:black_corundum":10,"minecraft:book":58,"minecraft:oak_slab":3,"luminousworld:clovers_1":11,"minecraft:pumpkin":4,"luminousworld:tall_birch_sapling":1,"minecraft:stone_brick_slab":1,"iceandfire:ash":20,"minecraft:quartz":37,"minecraft:dandelion":1,"born_in_chaos_v1:dark_rod":2,"minecraft:amethyst_shard":8,"mowziesmobs:wrought_helmet":1,"minecraft:mud_brick_wall":4,"minecraft:white_bed":2,"minecraft:green_carpet":15,"minecraft:spider_eye":1,"undead_revamp2:rawbostrox":3,"alexsmobs:raw_catfish":3,"dynamictrees:jungle_seed":2,"minecraft:mossy_cobblestone_stairs":1,"minecraft:black_wool":1,"minecraft:coal":123},"minecraft:custom":{"minecraft:interact_with_crafting_table":114,"minecraft:open_barrel":66,"minecraft:bell_ring":1,"minecraft:eat_cake_slice":3,"minecraft:leave_game":17,"minecraft:time_since_death":8427,"minecraft:damage_blocked_by_shield":14288,"minecraft:play_time":1087171,"minecraft:deaths":34,"minecraft:jump":17122,"minecraft:interact_with_furnace":98,"minecraft:interact_with_cartography_table":1,"minecraft:sleep_in_bed":36,"minecraft:damage_dealt":69680,"tombstone:undead_killed":102,"minecraft:interact_with_smoker":8,"minecraft:interact_with_smithing_table":7,"minecraft:interact_with_anvil":26,"minecraft:damage_dealt_absorbed":156,"minecraft:sneak_time":46366,"minecraft:interact_with_blast_furnace":9,"minecraft:total_world_time":1087171,"tombstone:raider_killed":18,"minecraft:tune_noteblock":59,"minecraft:interact_with_stonecutter":3,"minecraft:time_since_rest":106,"tombstone:cast_on_ally":0,"minecraft:swim_one_cm":767668,"minecraft:fly_one_cm":4167870,"minecraft:open_chest":450,"minecraft:fall_one_cm":198197,"minecraft:animals_bred":1,"minecraft:sprint_one_cm":2393972,"minecraft:drop":438,"minecraft:play_noteblock":3,"minecraft:talked_to_villager":1,"minecraft:interact_with_brewingstand":3,"minecraft:walk_on_water_one_cm":424536,"minecraft:interact_with_loom":4,"minecraft:crouch_one_cm":130286,"minecraft:mob_kills":237,"minecraft:damage_dealt_resisted":2102,"minecraft:climb_one_cm":150039,"minecraft:walk_one_cm":2978881,"minecraft:walk_under_water_one_cm":252015,"minecraft:boat_one_cm":885723,"minecraft:damage_taken":23199,"minecraft:damage_absorbed":899,"minecraft:trigger_trapped_chest":2},"minecraft:crafted":{"epicsamurai:silver_ingot":10,"quark:birch_chest":10,"minecraft:birch_slab":12,"minecraft:bookshelf":12,"minecraft:cooked_mutton":4,"minecraft:glass":270,"minecraft:diamond_helmet":2,"minecraft:diamond_leggings":2,"furnitura:oak_table":4,"alexsmobs:cooked_catfish":3,"minecraft:cooked_rabbit":1,"iceandfire:silver_axe":1,"minecraft:wooden_shovel":2,"minecraft:emerald":36,"minecraft:cooked_porkchop":1,"iceandfire:tide_teal_boots":1,"minecraft:birch_stairs":36,"iceandfire:tide_deepblue_boots":1,"minecraft:iron_nugget":81,"mores:emerald_axe":1,"minecraft:lantern":10,"minecraft:dark_oak_fence":75,"quark:cobblestone_bricks":4,"minecraft:diamond_boots":2,"mores:sapphire_axe":1,"minecraft:dark_oak_planks":252,"iceandfire:tide_deepblue_helmet":1,"iceandfire:chain":1,"luminousworld:autumnplank":24,"iceandfire:tide_bronze_chestplate":1,"mores:emerald_battleaxe":1,"minecraft:oak_stairs":4,"minecraft:iron_shovel":2,"minecraft:iron_leggings":1,"iceandfire:silver_pickaxe":1,"naturalist:cooked_duck":2,"minecraft:oak_planks":220,"mutantmonsters:mutant_skeleton_arms":1,"born_in_chaos_v1:dark_ritual_dagger":1,"minecraft:iron_boots":1,"tombstone:grave_key":2,"luminousworld:cooked_squirrel":1,"mutantmonsters:mutant_skeleton_rib_cage":1,"minecraft:oak_fence":6,"minecraft:oak_slab":30,"minecraft:crafting_table":6,"mores:cobalt_pickaxe":1,"minecraft:iron_helmet":1,"mores:sapphire_battleaxe":1,"minecraft:birch_planks":536,"minecraft:pumpkin_seeds":16,"minecraft:iron_chestplate":1,"minecraft:diamond_pickaxe":1,"iceandfire:tide_teal_helmet":1,"minecraft:stick":76,"minecraft:iron_ingot":23,"mores:emerald_shovel":1,"mores:emerald_boots":1,"minecraft:oak_door":3,"minecraft:furnace":4,"minecraft:oak_trapdoor":6,"mutantmonsters:mutant_skeleton_chestplate":1,"born_in_chaos_v1:bone_handle":2,"born_in_chaos_v1:fried_maggot":10,"minecraft:cooked_cod":1,"supplementaries:item_shelf":2,"iceandfire:silver_ingot":5,"minecraft:iron_sword":1,"furnitura:birch_chair":8,"minecraft:stripped_oak_wood":3,"minecraft:bucket":1,"minecraft:stone_axe":1,"minecraft:bread":24,"minecraft:air":0,"minecraft:oak_boat":2,"iceandfire:armor_silver_metal_helmet":1,"mores:silver_mace":1,"minecraft:torch":128,"luminousworld:baobab_plank":20,"minecraft:diamond_chestplate":2},"minecraft:dropped":{"minecraft:iron_sword":1,"iceandfire:raw_silver":1,"luminousworld:autumnplank":4,"minecraft:lapis_lazuli":1,"minecraft:glass_bottle":7,"minecraft:pitcher_pod":5,"minecraft:dark_oak_slab":5,"minecraft:warped_roots":1,"born_in_chaos_v1:pieceofdarkmetal":2,"mutantmonsters:mutant_skeleton_shoulder_pad":2,"born_in_chaos_v1:monster_flesh":3,"minecraft:packed_mud":6,"minecraft:dirt":123,"minecraft:dark_oak_fence":1,"minecraft:dark_oak_trapdoor":5,"mores:cipher_music_disc":1,"minecraft:gold_nugget":3,"undead_revamp2:blacpetalblock":2,"iceandfire:armor_silver_metal_helmet":2,"minecraft:dark_oak_planks":12,"minecraft:white_wool":2,"luminousworld:clovers_1":11,"minecraft:bone":21,"minecraft:lever":8,"minecraft:iron_nugget":4,"minecraft:cobbled_deepslate":47,"alexsmobs:animal_dictionary":2,"minecraft:tinted_glass":1,"minecraft:birch_sapling":1,"minecraft:wheat":4,"minecraft:obsidian":10,"minecraft:stripped_dark_oak_log":1,"minecraft:rotten_flesh":91,"minecraft:oak_planks":3,"minecraft:azure_bluet":1,"minecraft:rabbit_foot":1,"luminousworld:baobab_plank":20,"minecraft:leather_boots":1,"minecraft:spruce_slab":5,"minecraft:iron_ingot":5,"minecraft:birch_leaves":1,"minecraft:wheat_seeds":160,"luminousworld:ishstone":9,"dynamictrees:birch_seed":167,"minecraft:cobblestone":84,"minecraft:iron_helmet":1,"minecraft:dark_prismarine_slab":1,"minecraft:book":8,"minecraft:granite":27,"minecraft:chainmail_helmet":1,"minecraft:golden_apple":7,"mores:cobalt_pickaxe":1,"born_in_chaos_v1:black_argillite":7,"minecraft:iron_trapdoor":2,"iceandfire:copper_nugget":64,"minecraft:rose_bush":4,"minecraft:diamond_helmet":2,"minecraft:mossy_cobblestone_stairs":1,"minecraft:smooth_stone":9,"minecraft:string":5,"minecraft:stone_brick_slab":1,"minecraft:player_head":2,"mores:raw_tin":1,"born_in_chaos_v1:rotten_fish":1,"minecraft:iron_boots":2,"mores:raw_cobalt":5,"minecraft:torchflower_seeds":2,"minecraft:oak_sign":1,"quark:black_corundum":10,"minecraft:pumpkin_seeds":19,"minecraft:lightning_rod":4,"minecraft:potato":1,"minecraft:hay_block":4,"takesapillage:ravager_horn":4,"minecraft:shroomlight":1,"minecraft:waxed_cut_copper":1,"minecraft:spruce_trapdoor":1,"minecraft:bundle":1,"mutantmonsters:mutant_skeleton_limb":6,"endrem:cursed_eye":2,"minecraft:spider_eye":1,"minecraft:stone_bricks":18,"minecraft:dark_prismarine":25,"mutantmonsters:mutant_skeleton_rib":4,"minecraft:black_wool":9,"naturalist:duck":2,"minecraft:brown_mushroom":3,"minecraft:dark_oak_stairs":2,"quark:glow_shroom":4,"luminousworld:yellowpetunias":1,"minecraft:ender_pearl":1,"luminousworld:white_petunias":2,"cataclysm:lionfish":3,"minecraft:netherite_upgrade_smithing_template":1,"minecraft:leather":1,"minecraft:iron_horse_armor":2,"minecraft:cracked_polished_blackstone_bricks":1,"dynamictrees:jungle_seed":12,"minecraft:dark_oak_log":5,"born_in_chaos_v1:monster_skin":5,"minecraft:cornflower":1,"iceandfire:ash":24,"minecraft:gravel":19,"mores:silver_nugget":1,"mutantmonsters:mutant_skeleton_pelvis":1,"hangglider:hang_glider":1,"dynamictrees:oak_seed":26,"minecraft:twisting_vines":1,"minecraft:soul_lantern":1,"minecraft:black_terracotta":3,"minecraft:carrot":35,"minecraft:rabbit_hide":3,"supplementaries:ash":9,"minecraft:gunpowder":6,"minecraft:skeleton_skull":1,"minecraft:beetroot_seeds":17,"iceandfire:tide_teal_helmet":2,"iceandfire:pixie_dust":1,"minecraft:birch_button":1,"minecraft:arrow":5,"undead_revamp2:rawbostrox":3,"minecraft:netherrack":35,"minecraft:water_bucket":1,"minecraft:bread":23,"minecraft:golden_helmet":1,"minecraft:lilac":4,"minecraft:mossy_cobblestone":3,"mowziesmobs:foliaath_seed":2,"minecraft:diamond_leggings":1,"dynamictrees:dark_oak_seed":5,"minecraft:prismarine_shard":2,"luminousworld:creepberries":1,"mowziesmobs:wrought_axe":1,"minecraft:stick":831,"quark:clear_shard":14,"illagerinvasion:platinum_chunk":2,"minecraft:mud_brick_wall":3,"minecraft:mossy_cobblestone_slab":1,"minecraft:diorite":13,"minecraft:torch":11,"tombstone:grave_key":3,"tombstone:grave_dust":7,"minecraft:iron_leggings":2,"minecraft:green_carpet":15,"minecraft:flowering_azalea":1,"minecraft:dandelion":1,"minecraft:waxed_weathered_cut_copper_stairs":1,"minecraft:raw_iron":3,"minecraft:waxed_exposed_cut_copper":2,"mores:emerald_battleaxe":1,"luminousworld:yellow_grassflowers":3,"mutantmonsters:mutant_skeleton_chestplate":1,"minecraft:diamond_chestplate":2,"minecraft:iron_chestplate":1,"luminousworld:groundpebbles_1":3,"minecraft:andesite":14,"minecraft:mossy_stone_bricks":9,"minecraft:waxed_weathered_cut_copper":2,"minecraft:waxed_oxidized_cut_copper":5,"minecraft:diamond_boots":2,"minecraft:slime_ball":3},"minecraft:mined":{"minecraft:dark_oak_planks":44,"minecraft:white_bed":2,"minecraft:black_terracotta":3,"minecraft:obsidian":14,"minecraft:granite":10,"minecraft:red_sand":7,"minecraft:stone_brick_wall":1,"quark:yellow_corundum":2,"luminousworld:savanna_grass_2":1,"minecraft:spawner":14,"minecraft:polished_blackstone_bricks":2,"minecraft:tall_seagrass":1,"epicsamurai:deepslate_jade_ore":5,"minecraft:mossy_cobblestone_stairs":1,"minecraft:fire":51,"minecraft:pumpkin":4,"quark:black_corundum_cluster":8,"placeablesmod:empty_bucket_block":2,"minecraft:cave_vines":1,"minecraft:oak_sign":6,"minecraft:oak_stairs":2,"minecraft:small_amethyst_bud":1,"minecraft:green_carpet":2,"minecraft:player_head":1,"dynamictrees:jungle_leaves":3,"minecraft:amethyst_cluster":2,"born_in_chaos_v1:infected_deepslate_diamond_ore":1,"minecraft:torch":5,"minecraft:melon":9,"minecraft:glass":38,"minecraft:cyan_bed":1,"minecraft:amethyst_block":2,"iceandfire:crackled_stone":1,"minecraft:tinted_glass":7,"minecraft:wheat":2,"minecraft:grass":26,"luminousworld:yellow_birch_leaves":1,"mores:silver_ore":6,"luminousworld:grassvariant_3":4,"quark:yellow_corundum_cluster":4,"born_in_chaos_v1:infernal_evil_pumpkin_s":1,"minecraft:deepslate":26,"minecraft:dark_prismarine":43,"iceandfire:silver_ore":8,"minecraft:mossy_cobblestone":6,"minecraft:dark_oak_log":20,"minecraft:stripped_birch_log":163,"minecraft:dark_oak_fence":9,"luminousworld:grassvariant_2":8,"minecraft:moss_block":3,"dynamictrees:oak_leaves":3,"minecraft:waxed_oxidized_cut_copper":6,"minecraft:packed_mud":20,"dynamictrees:oak_undergrowth_leaves":6,"placeablesmod:water_bucket_block":2,"minecraft:andesite":17,"minecraft:vine":1,"luminousworld:groundpebbles_2":1,"luminousworld:clovers_3":1,"minecraft:oak_slab":3,"minecraft:birch_stairs":4,"minecraft:stone_brick_slab":1,"minecraft:cornflower":1,"supplementaries:item_shelf":1,"minecraft:warped_roots":1,"luminousworld:auburnlog":8,"quark:glow_shroom_block":8,"minecraft:tall_grass":4,"minecraft:copper_ore":5,"minecraft:diorite":17,"mores:tin_ore":1,"minecraft:birch_leaves":24,"luminousworld:autumnplank":8,"minecraft:dark_prismarine_slab":2,"luminousworld:clovers_5":1,"luminousworld:ishstone":9,"minecraft:gravel":11,"minecraft:cobweb":5,"minecraft:acacia_planks":6,"minecraft:stone_bricks":8,"minecraft:gold_ore":4,"minecraft:waxed_exposed_cut_copper":3,"minecraft:iron_trapdoor":2,"minecraft:fern":2,"luminousworld:white_petunias":2,"minecraft:waxed_cut_copper_slab":8,"minecraft:large_amethyst_bud":1,"minecraft:spruce_planks":20,"luminousworld:yellowpetunias":1,"mores:nether_anthracite_ore":6,"quark:glow_shroom_stem":4,"minecraft:budding_amethyst":1,"luminousworld:bao_bob_wood":1,"minecraft:grass_block":345,"minecraft:mud_brick_wall":2,"minecraft:mud_bricks":50,"minecraft:smooth_stone":9,"minecraft:mossy_cobblestone_slab":1,"minecraft:iron_ore":5,"minecraft:dark_oak_stairs":3,"supplementaries:stick":6,"luminousworld:creepbush":2,"minecraft:waxed_cut_copper":12,"epicsamurai:spirit_stone_base":4,"minecraft:waxed_cut_copper_stairs":1,"minecraft:gray_terracotta":1,"supplementaries:book_pile":1,"supplementaries:wild_flax":1,"minecraft:nether_quartz_ore":36,"minecraft:cobblestone":32,"minecraft:oak_planks":4,"minecraft:iron_door":1,"minecraft:wall_torch":2,"minecraft:dark_oak_slab":1,"luminousworld:clovers_1":2,"minecraft:birch_log":27,"dynamictrees:birch_leaves":91,"born_in_chaos_v1:river_mint":1,"luminousworld:bao_bob_log":5,"minecraft:smooth_stone_slab":3,"minecraft:oak_log":54,"minecraft:acacia_fence":1,"minecraft:sand":439,"minecraft:dirt":240,"epicsamurai:tanuki_statue":1,"minecraft:netherrack":73,"mores:deepslate_topaz_ore":4,"minecraft:redstone_lamp":1,"luminousworld:grassvariant_4":2,"minecraft:oak_door":5,"minecraft:glow_lichen":1,"luminousworld:clovers_4":1,"iceandfire:chared_grass":1,"minecraft:carrots":2,"minecraft:oak_trapdoor":1,"minecraft:furnace":2,"luminousworld:yellow_grassflowers":1,"minecraft:gold_block":1,"minecraft:bookshelf":11,"minecraft:shroomlight":1,"minecraft:lantern":14,"minecraft:stripped_oak_log":34,"minecraft:stone":241,"luminousworld:soft_birch_log":37,"minecraft:stripped_dark_oak_log":1,"luminousworld:savannah_grass_1":1,"minecraft:rose_bush":1,"mores:nether_silver_ore":1,"quark:black_corundum":11,"supplementaries:urn":1,"minecraft:birch_planks":82,"minecraft:lime_bed":7,"minecraft:gray_bed":1,"minecraft:yellow_bed":1,"minecraft:coal_ore":74,"minecraft:mossy_stone_bricks":5},"minecraft:broken":{"minecraft:wooden_shovel":2,"takesapillage:ravager_horn":1,"minecraft:iron_shovel":1,"mores:emerald_axe":1,"mores:sapphire_axe":1,"mores:tin_shield":1},"minecraft:killed_by":{"undead_revamp2:the_moonflower":1}},"DataVersion":3465}