{"stats":{"minecraft:picked_up":{"minecraft:crafting_table":1,"minecraft:wheat":4,"minecraft:brown_mushroom":21,"minecraft:beetroot":9,"minecraft:gold_nugget":1,"minecraft:red_sand":3,"minecraft:oak_boat":1,"minecraft:iron_nugget":2,"minecraft:stick":146,"minecraft:copper_ingot":4,"minecraft:porkchop":1,"tombstone:grave_dust":4,"born_in_chaos_v1:pieceofdarkmetal":2,"minecraft:carrot":47,"minecraft:iron_horse_armor":2,"luminousworld:baobab_plank":20,"minecraft:rotten_flesh":31,"luminousworld:soft_birch_log":37,"minecraft:beetroot_seeds":15,"minecraft:hay_block":4,"alexsmobs:emu_egg":1,"tombstone:essence_of_undeath":1,"epicsamurai:spirit_stone_base":3,"minecraft:skeleton_skull":1,"minecraft:cobblestone":77,"minecraft:stripped_oak_log":7,"minecraft:birch_log":69,"born_in_chaos_v1:corpse_maggot":1,"minecraft:lime_bed":8,"minecraft:potato":27,"minecraft:birch_planks":1,"minecraft:oak_log":6,"minecraft:stripped_birch_log":26,"minecraft:dirt":1,"minecraft:bone":6,"minecraft:acacia_planks":4,"minecraft:wheat_seeds":7,"minecraft:raw_gold":8,"minecraft:iron_ingot":2,"dynamictrees:birch_seed":28,"minecraft:oak_planks":2,"minecraft:pumpkin":4,"luminousworld:tall_birch_sapling":1,"minecraft:sand":40,"alexsmobs:animal_dictionary":2,"alexsmobs:raw_catfish":3,"minecraft:bread":3,"luminousworld:bao_bob_log":5,"minecraft:coal":46,"iceandfire:raw_silver":4},"minecraft:used":{"alexsmobs:emu_egg":1,"minecraft:beetroot":9,"minecraft:red_sand":3,"quark:birch_chest":1,"minecraft:iron_shovel":40,"minecraft:iron_sword":50,"mores:emerald_axe":156,"artifacts:umbrella":1,"iceandfire:pixie_dust":1,"minecraft:carrot":18,"born_in_chaos_v1:corpse_maggot":1,"luminousworld:tall_birch_sapling":1,"minecraft:furnace":2,"tombstone:gift":2,"minecraft:potato":3,"minecraft:birch_planks":133,"minecraft:stripped_birch_log":4,"luminousworld:baobab_plank":16,"minecraft:sand":4,"minecraft:crafting_table":5,"minecraft:lime_bed":8,"mores:emerald_battleaxe":17,"minecraft:bread":17,"mores:cobalt_pickaxe":106,"minecraft:stone_axe":60,"minecraft:cobblestone":39,"minecraft:birch_log":57,"minecraft:oak_boat":1,"alexsmobs:animal_dictionary":6},"minecraft:custom":{"minecraft:mob_kills":20,"minecraft:interact_with_crafting_table":12,"minecraft:open_barrel":1,"minecraft:bell_ring":1,"minecraft:damage_dealt_resisted":996,"minecraft:time_since_death":54882,"minecraft:climb_one_cm":27153,"minecraft:sprint_one_cm":384181,"minecraft:walk_one_cm":407492,"minecraft:damage_blocked_by_shield":60,"minecraft:drop":40,"minecraft:play_time":137310,"minecraft:deaths":9,"minecraft:sneak_time":6756,"minecraft:walk_under_water_one_cm":12743,"minecraft:boat_one_cm":130343,"minecraft:jump":2966,"minecraft:interact_with_brewingstand":2,"minecraft:walk_on_water_one_cm":34720,"minecraft:total_world_time":137310,"minecraft:interact_with_furnace":10,"minecraft:interact_with_cartography_table":1,"minecraft:interact_with_loom":1,"minecraft:sleep_in_bed":9,"minecraft:time_since_rest":28156,"minecraft:damage_taken":3201,"minecraft:trigger_trapped_chest":2,"minecraft:damage_dealt":3736,"minecraft:swim_one_cm":24619,"minecraft:fly_one_cm":751098,"minecraft:open_chest":50,"minecraft:crouch_one_cm":20551,"tombstone:undead_killed":6,"minecraft:fall_one_cm":47224},"minecraft:crafted":{"minecraft:oak_planks":52,"quark:birch_chest":1,"minecraft:furnace":2,"mores:emerald_axe":1,"alexsmobs:cooked_catfish":3,"minecraft:crafting_table":4,"mores:cobalt_pickaxe":1,"minecraft:iron_sword":1,"minecraft:birch_planks":172,"minecraft:pumpkin_seeds":16,"mores:emerald_battleaxe":1,"minecraft:stone_axe":1,"minecraft:air":0,"minecraft:oak_boat":1,"minecraft:stick":76,"minecraft:iron_shovel":1,"luminousworld:baobab_plank":20},"minecraft:mined":{"iceandfire:silver_ore":2,"minecraft:mossy_cobblestone":3,"luminousworld:grassvariant_4":1,"minecraft:stripped_birch_log":25,"minecraft:red_sand":3,"luminousworld:bao_bob_wood":1,"luminousworld:grassvariant_2":2,"luminousworld:savanna_grass_2":1,"minecraft:pumpkin":4,"minecraft:vine":1,"minecraft:stripped_oak_log":5,"minecraft:stone":68,"epicsamurai:spirit_stone_base":3,"luminousworld:soft_birch_log":37,"luminousworld:savannah_grass_1":1,"minecraft:birch_planks":1,"minecraft:lime_bed":7,"minecraft:birch_log":1,"luminousworld:bao_bob_log":5,"minecraft:grass":4,"minecraft:coal_ore":25,"minecraft:oak_log":6,"luminousworld:yellow_birch_leaves":1,"minecraft:sand":40,"minecraft:dirt":1,"minecraft:cobweb":1,"minecraft:acacia_planks":6,"born_in_chaos_v1:infernal_evil_pumpkin_s":1,"minecraft:gold_ore":4},"minecraft:killed":{"born_in_chaos_v1:mr_pumpkin":2,"enemyexpansion:direwolf":1,"born_in_chaos_v1:zombie_bruiser":1,"born_in_chaos_v1:maggot":1,"naturalist:deer":1,"undead_revamp2:therod":1,"minecraft:drowned":1,"minecraft:pig":1,"undead_revamp2:thebeartamer":1,"alexsmobs:catfish":2,"iceandfire:ghost":1,"alexsmobs:terrapin":2,"born_in_chaos_v1:door_knight":1},"minecraft:dropped":{"minecraft:bread":12,"minecraft:wheat_seeds":6,"minecraft:lapis_lazuli":1,"minecraft:cobblestone":5,"minecraft:iron_horse_armor":2,"tombstone:grave_dust":4,"minecraft:gold_nugget":1,"minecraft:bone":5,"minecraft:iron_nugget":2,"alexsmobs:animal_dictionary":2,"minecraft:wheat":4,"minecraft:rotten_flesh":17,"minecraft:oak_planks":2,"minecraft:pumpkin_seeds":16,"minecraft:carrot":13,"minecraft:hay_block":4,"minecraft:gunpowder":6,"luminousworld:baobab_plank":20,"minecraft:skeleton_skull":1,"minecraft:beetroot_seeds":15,"minecraft:black_wool":8}},"DataVersion":3465}