{"stats":{"minecraft:used":{"alexsmobs:emu_egg":1,"minecraft:red_sand":3,"minecraft:iron_sword":50,"minecraft:sand":4,"artifacts:umbrella":1,"minecraft:crafting_table":4,"minecraft:lime_bed":6,"iceandfire:pixie_dust":1,"minecraft:carrot":9,"born_in_chaos_v1:corpse_maggot":1,"minecraft:bread":7,"mores:cobalt_pickaxe":51,"minecraft:stone_axe":22,"minecraft:cobblestone":3,"minecraft:furnace":1,"alexsmobs:animal_dictionary":6,"tombstone:gift":2,"minecraft:oak_boat":1,"minecraft:potato":3},"minecraft:killed":{"undead_revamp2:thebeartamer":1,"enemyexpansion:direwolf":1,"born_in_chaos_v1:zombie_bruiser":1,"born_in_chaos_v1:maggot":1,"born_in_chaos_v1:door_knight":1},"minecraft:picked_up":{"minecraft:stripped_oak_log":7,"born_in_chaos_v1:corpse_maggot":1,"minecraft:lime_bed":7,"minecraft:crafting_table":1,"minecraft:wheat":4,"minecraft:potato":27,"minecraft:oak_log":6,"minecraft:bone":5,"minecraft:acacia_planks":4,"minecraft:beetroot":9,"minecraft:red_sand":3,"minecraft:gold_nugget":1,"minecraft:wheat_seeds":6,"minecraft:raw_gold":8,"minecraft:iron_ingot":2,"minecraft:oak_boat":1,"minecraft:iron_nugget":2,"minecraft:oak_planks":2,"minecraft:stick":7,"minecraft:pumpkin":4,"tombstone:grave_dust":1,"born_in_chaos_v1:pieceofdarkmetal":2,"minecraft:carrot":47,"minecraft:iron_horse_armor":2,"alexsmobs:animal_dictionary":2,"luminousworld:baobab_plank":20,"minecraft:rotten_flesh":9,"minecraft:beetroot_seeds":15,"minecraft:hay_block":4,"minecraft:bread":3,"alexsmobs:emu_egg":1,"tombstone:essence_of_undeath":1,"luminousworld:bao_bob_log":5,"minecraft:coal":46,"minecraft:skeleton_skull":1,"iceandfire:raw_silver":4,"minecraft:cobblestone":26},"minecraft:custom":{"minecraft:interact_with_furnace":4,"minecraft:mob_kills":9,"minecraft:interact_with_cartography_table":1,"minecraft:interact_with_crafting_table":6,"minecraft:open_barrel":1,"minecraft:interact_with_loom":1,"minecraft:bell_ring":1,"minecraft:damage_dealt_resisted":996,"minecraft:time_since_death":20044,"minecraft:sleep_in_bed":5,"minecraft:climb_one_cm":27153,"minecraft:time_since_rest":11990,"minecraft:sprint_one_cm":231001,"minecraft:damage_taken":2063,"minecraft:walk_one_cm":278740,"minecraft:damage_blocked_by_shield":60,"minecraft:trigger_trapped_chest":2,"minecraft:drop":21,"minecraft:damage_dealt":2020,"minecraft:swim_one_cm":10894,"minecraft:fly_one_cm":496360,"minecraft:open_chest":40,"minecraft:crouch_one_cm":1145,"minecraft:play_time":70941,"tombstone:undead_killed":3,"minecraft:deaths":7,"minecraft:sneak_time":475,"minecraft:walk_under_water_one_cm":4304,"minecraft:interact_with_brewingstand":2,"minecraft:boat_one_cm":130343,"minecraft:jump":1813,"minecraft:walk_on_water_one_cm":15445,"minecraft:total_world_time":70941,"minecraft:fall_one_cm":27758},"minecraft:crafted":{"minecraft:oak_planks":52,"minecraft:crafting_table":3,"mores:cobalt_pickaxe":1,"minecraft:iron_sword":1,"minecraft:furnace":1,"minecraft:pumpkin_seeds":16,"minecraft:stone_axe":1,"minecraft:oak_boat":1,"minecraft:stick":76,"luminousworld:baobab_plank":20},"minecraft:mined":{"iceandfire:silver_ore":2,"minecraft:mossy_cobblestone":3,"minecraft:red_sand":3,"luminousworld:bao_bob_wood":1,"luminousworld:savanna_grass_2":1,"minecraft:lime_bed":6,"luminousworld:bao_bob_log":5,"minecraft:pumpkin":4,"minecraft:oak_log":6,"minecraft:coal_ore":25,"minecraft:vine":1,"minecraft:stripped_oak_log":5,"minecraft:cobweb":1,"minecraft:acacia_planks":6,"minecraft:stone":17,"minecraft:gold_ore":4},"minecraft:dropped":{"minecraft:wheat_seeds":6,"minecraft:iron_nugget":2,"alexsmobs:animal_dictionary":2,"minecraft:wheat":4,"minecraft:cobblestone":5,"minecraft:oak_planks":2,"minecraft:iron_horse_armor":2,"minecraft:pumpkin_seeds":16,"minecraft:hay_block":4,"minecraft:gunpowder":6,"luminousworld:baobab_plank":20,"minecraft:skeleton_skull":1,"minecraft:beetroot_seeds":15,"minecraft:gold_nugget":1,"minecraft:black_wool":8,"minecraft:bone":5}},"DataVersion":3465}