{"stats":{"minecraft:used":{"alexsmobs:emu_egg":1,"born_in_chaos_v1:corpse_maggot":1,"minecraft:bread":3,"mores:cobalt_pickaxe":46,"minecraft:iron_sword":48,"iceandfire:pixie_dust":1,"minecraft:furnace":1,"minecraft:stone_axe":16,"minecraft:sand":4,"minecraft:carrot":2,"minecraft:lime_bed":5,"minecraft:crafting_table":4,"minecraft:oak_boat":1,"tombstone:gift":2,"alexsmobs:animal_dictionary":6},"minecraft:killed":{"born_in_chaos_v1:door_knight":1,"undead_revamp2:thebeartamer":1,"enemyexpansion:direwolf":1,"born_in_chaos_v1:zombie_bruiser":1,"born_in_chaos_v1:maggot":1},"minecraft:picked_up":{"minecraft:stripped_oak_log":7,"born_in_chaos_v1:corpse_maggot":1,"minecraft:lime_bed":6,"minecraft:crafting_table":1,"minecraft:pumpkin":4,"minecraft:oak_log":6,"born_in_chaos_v1:pieceofdarkmetal":2,"minecraft:carrot":1,"alexsmobs:animal_dictionary":1,"minecraft:acacia_planks":4,"tombstone:essence_of_undeath":1,"minecraft:rotten_flesh":9,"minecraft:gold_nugget":1,"minecraft:raw_gold":4,"minecraft:hay_block":2,"minecraft:iron_ingot":2,"minecraft:oak_boat":1,"alexsmobs:emu_egg":1,"minecraft:bread":3,"minecraft:iron_nugget":1,"minecraft:coal":22,"iceandfire:raw_silver":2,"minecraft:cobblestone":16},"minecraft:custom":{"minecraft:time_since_rest":757,"minecraft:sprint_one_cm":146895,"minecraft:damage_taken":2023,"minecraft:walk_one_cm":211094,"minecraft:trigger_trapped_chest":2,"minecraft:mob_kills":9,"minecraft:drop":1,"minecraft:damage_dealt":1967,"minecraft:interact_with_crafting_table":6,"minecraft:swim_one_cm":6598,"minecraft:interact_with_cartography_table":1,"minecraft:fly_one_cm":306784,"minecraft:open_chest":10,"minecraft:crouch_one_cm":951,"minecraft:play_time":52941,"minecraft:interact_with_loom":1,"tombstone:undead_killed":3,"minecraft:deaths":7,"minecraft:sneak_time":432,"minecraft:bell_ring":1,"minecraft:walk_under_water_one_cm":4181,"minecraft:boat_one_cm":130343,"minecraft:damage_dealt_resisted":996,"minecraft:jump":1075,"minecraft:walk_on_water_one_cm":13189,"minecraft:time_since_death":2044,"minecraft:sleep_in_bed":4,"minecraft:climb_one_cm":4233,"minecraft:total_world_time":52941,"minecraft:fall_one_cm":22854},"minecraft:crafted":{"minecraft:oak_boat":1,"minecraft:oak_planks":52,"minecraft:crafting_table":3,"minecraft:stick":76,"mores:cobalt_pickaxe":1,"minecraft:furnace":1,"minecraft:iron_sword":1,"minecraft:stone_axe":1,"minecraft:pumpkin_seeds":16},"minecraft:dropped":{"alexsmobs:animal_dictionary":1},"minecraft:mined":{"minecraft:lime_bed":5,"iceandfire:silver_ore":2,"minecraft:pumpkin":4,"minecraft:acacia_planks":6,"minecraft:coal_ore":23,"minecraft:oak_log":6,"minecraft:vine":1,"minecraft:stone":17,"minecraft:stripped_oak_log":5,"minecraft:cobweb":1,"minecraft:gold_ore":4}},"DataVersion":3465}