{"stats":{"minecraft:picked_up":{"minecraft:crafting_table":1,"minecraft:wheat":4,"minecraft:brown_mushroom":21,"minecraft:oak_stairs":2,"minecraft:enchanted_book":2,"minecraft:beetroot":9,"minecraft:red_sand":3,"minecraft:gold_nugget":1,"minecraft:oak_boat":1,"minecraft:iron_nugget":2,"dynamictrees:oak_seed":11,"minecraft:stick":582,"minecraft:oak_door":5,"minecraft:copper_ingot":4,"minecraft:porkchop":1,"tombstone:grave_dust":4,"born_in_chaos_v1:pieceofdarkmetal":2,"minecraft:carrot":48,"minecraft:iron_horse_armor":2,"luminousworld:baobab_plank":20,"minecraft:rotten_flesh":31,"luminousworld:soft_birch_log":37,"minecraft:beetroot_seeds":15,"minecraft:hay_block":4,"alexsmobs:emu_egg":1,"tombstone:essence_of_undeath":1,"epicsamurai:spirit_stone_base":3,"minecraft:skeleton_skull":1,"minecraft:cobblestone":82,"minecraft:stripped_oak_log":7,"minecraft:birch_log":347,"born_in_chaos_v1:corpse_maggot":1,"minecraft:lime_bed":8,"born_in_chaos_v1:monster_flesh":1,"mores:tin_shield":1,"minecraft:potato":27,"minecraft:birch_planks":7,"minecraft:oak_log":112,"minecraft:stripped_birch_log":29,"minecraft:dirt":1,"minecraft:bone":7,"minecraft:acacia_planks":4,"minecraft:wheat_seeds":7,"minecraft:raw_gold":8,"minecraft:iron_ingot":2,"dynamictrees:birch_seed":125,"minecraft:oak_planks":8,"minecraft:pumpkin":4,"luminousworld:tall_birch_sapling":1,"minecraft:sand":174,"alexsmobs:animal_dictionary":2,"alexsmobs:raw_catfish":3,"minecraft:bread":3,"luminousworld:bao_bob_log":5,"minecraft:coal":57,"iceandfire:raw_silver":6},"minecraft:used":{"alexsmobs:emu_egg":1,"minecraft:beetroot":9,"quark:birch_chest":1,"minecraft:red_sand":3,"minecraft:iron_shovel":178,"minecraft:iron_sword":50,"mores:emerald_axe":608,"minecraft:oak_door":8,"minecraft:torch":4,"artifacts:umbrella":1,"iceandfire:pixie_dust":1,"minecraft:carrot":18,"minecraft:glass":135,"born_in_chaos_v1:corpse_maggot":1,"minecraft:oak_stairs":4,"luminousworld:tall_birch_sapling":1,"minecraft:furnace":2,"mores:tin_shield":2,"tombstone:gift":4,"minecraft:potato":3,"mores:sapphire_axe":87,"minecraft:birch_planks":140,"quark:cobblestone_bricks":2,"minecraft:stripped_birch_log":29,"luminousworld:baobab_plank":16,"minecraft:sand":4,"minecraft:lime_bed":8,"minecraft:crafting_table":5,"mores:emerald_battleaxe":65,"minecraft:oak_log":62,"born_in_chaos_v1:monster_flesh":1,"minecraft:bread":51,"mores:cobalt_pickaxe":124,"minecraft:stone_axe":60,"minecraft:enchanted_book":1,"minecraft:cobblestone":39,"minecraft:birch_log":341,"minecraft:oak_boat":1,"alexsmobs:animal_dictionary":6},"minecraft:custom":{"minecraft:mob_kills":31,"minecraft:interact_with_crafting_table":17,"minecraft:open_barrel":1,"minecraft:bell_ring":1,"minecraft:damage_dealt_resisted":996,"minecraft:leave_game":6,"minecraft:time_since_death":139770,"minecraft:climb_one_cm":27153,"minecraft:sprint_one_cm":581138,"minecraft:walk_one_cm":643267,"minecraft:damage_blocked_by_shield":80,"minecraft:drop":48,"minecraft:play_time":222198,"minecraft:deaths":9,"minecraft:sneak_time":11760,"minecraft:walk_under_water_one_cm":31309,"minecraft:boat_one_cm":130343,"minecraft:jump":4268,"minecraft:interact_with_brewingstand":2,"minecraft:walk_on_water_one_cm":65603,"minecraft:total_world_time":222198,"minecraft:interact_with_furnace":24,"minecraft:interact_with_cartography_table":1,"minecraft:interact_with_loom":1,"minecraft:sleep_in_bed":9,"minecraft:time_since_rest":113044,"minecraft:damage_taken":4865,"minecraft:trigger_trapped_chest":2,"minecraft:damage_dealt":6088,"minecraft:swim_one_cm":73126,"minecraft:fly_one_cm":989826,"minecraft:open_chest":58,"minecraft:crouch_one_cm":29915,"tombstone:undead_killed":13,"minecraft:fall_one_cm":78363},"minecraft:crafted":{"minecraft:oak_door":3,"minecraft:oak_planks":108,"quark:birch_chest":1,"minecraft:furnace":2,"mores:emerald_axe":1,"minecraft:glass":144,"quark:cobblestone_bricks":4,"mores:sapphire_axe":1,"alexsmobs:cooked_catfish":3,"minecraft:crafting_table":4,"mores:cobalt_pickaxe":1,"minecraft:iron_sword":1,"minecraft:birch_planks":172,"minecraft:pumpkin_seeds":16,"mores:emerald_battleaxe":1,"minecraft:stone_axe":1,"minecraft:air":0,"minecraft:oak_boat":1,"minecraft:stick":76,"minecraft:oak_stairs":4,"minecraft:iron_shovel":1,"minecraft:torch":20,"luminousworld:baobab_plank":20},"minecraft:mined":{"iceandfire:silver_ore":4,"minecraft:mossy_cobblestone":3,"luminousworld:grassvariant_4":1,"minecraft:oak_door":5,"minecraft:stripped_birch_log":28,"minecraft:red_sand":3,"luminousworld:bao_bob_wood":1,"luminousworld:grassvariant_2":4,"luminousworld:savanna_grass_2":1,"minecraft:pumpkin":4,"minecraft:vine":1,"minecraft:oak_stairs":2,"minecraft:stripped_oak_log":5,"minecraft:stone":71,"epicsamurai:spirit_stone_base":3,"luminousworld:soft_birch_log":37,"supplementaries:book_pile":1,"luminousworld:savannah_grass_1":1,"supplementaries:wild_flax":1,"luminousworld:auburnlog":2,"minecraft:cobblestone":2,"minecraft:birch_planks":7,"minecraft:lime_bed":7,"minecraft:birch_log":7,"luminousworld:bao_bob_log":5,"minecraft:grass":5,"minecraft:oak_log":49,"minecraft:coal_ore":36,"luminousworld:yellow_birch_leaves":1,"minecraft:gravel":1,"minecraft:sand":175,"minecraft:dirt":1,"luminousworld:grassvariant_3":2,"minecraft:cobweb":1,"minecraft:acacia_planks":6,"born_in_chaos_v1:infernal_evil_pumpkin_s":1,"minecraft:gold_ore":4},"minecraft:killed":{"born_in_chaos_v1:mr_pumpkin":2,"minecraft:spider":3,"enemyexpansion:direwolf":1,"born_in_chaos_v1:zombie_bruiser":1,"undead_revamp2:theswarmer":1,"born_in_chaos_v1:maggot":1,"naturalist:deer":1,"luminousworld:dark_oak_skeleton":1,"undead_revamp2:therod":1,"minecraft:drowned":1,"minecraft:pig":1,"undead_revamp2:the_moonflower":2,"undead_revamp2:thebeartamer":1,"alexsmobs:catfish":2,"minecraft:zombie":3,"iceandfire:ghost":1,"born_in_chaos_v1:dread_hound":1,"alexsmobs:terrapin":2,"born_in_chaos_v1:door_knight":1},"minecraft:broken":{"mores:emerald_axe":1},"minecraft:dropped":{"minecraft:bread":12,"minecraft:wheat_seeds":6,"minecraft:lapis_lazuli":1,"dynamictrees:birch_seed":91,"minecraft:cobblestone":5,"minecraft:iron_horse_armor":2,"minecraft:stick":64,"tombstone:grave_dust":4,"minecraft:gold_nugget":1,"minecraft:bone":6,"minecraft:iron_nugget":2,"dynamictrees:oak_seed":11,"alexsmobs:animal_dictionary":2,"minecraft:wheat":4,"minecraft:rotten_flesh":17,"minecraft:oak_planks":2,"minecraft:pumpkin_seeds":16,"minecraft:carrot":35,"minecraft:hay_block":4,"minecraft:gunpowder":6,"luminousworld:baobab_plank":20,"minecraft:skeleton_skull":1,"minecraft:beetroot_seeds":15,"minecraft:black_wool":8}},"DataVersion":3465}