{"stats":{"minecraft:used":{"alexsmobs:emu_egg":1,"minecraft:red_sand":3,"minecraft:iron_sword":48,"minecraft:sand":4,"minecraft:crafting_table":4,"minecraft:lime_bed":6,"iceandfire:pixie_dust":1,"minecraft:carrot":2,"born_in_chaos_v1:corpse_maggot":1,"minecraft:bread":5,"mores:cobalt_pickaxe":46,"minecraft:stone_axe":16,"minecraft:furnace":1,"alexsmobs:animal_dictionary":6,"tombstone:gift":2,"minecraft:oak_boat":1},"minecraft:killed":{"undead_revamp2:thebeartamer":1,"enemyexpansion:direwolf":1,"born_in_chaos_v1:zombie_bruiser":1,"born_in_chaos_v1:maggot":1,"born_in_chaos_v1:door_knight":1},"minecraft:picked_up":{"minecraft:stripped_oak_log":7,"born_in_chaos_v1:corpse_maggot":1,"minecraft:lime_bed":6,"minecraft:crafting_table":1,"minecraft:wheat":4,"minecraft:potato":27,"minecraft:oak_log":6,"minecraft:acacia_planks":4,"minecraft:beetroot":9,"minecraft:red_sand":3,"minecraft:gold_nugget":1,"minecraft:wheat_seeds":6,"minecraft:raw_gold":4,"minecraft:iron_ingot":2,"minecraft:oak_boat":1,"minecraft:iron_nugget":1,"minecraft:pumpkin":4,"born_in_chaos_v1:pieceofdarkmetal":2,"minecraft:carrot":47,"alexsmobs:animal_dictionary":1,"minecraft:rotten_flesh":9,"minecraft:beetroot_seeds":15,"minecraft:hay_block":2,"minecraft:bread":3,"alexsmobs:emu_egg":1,"tombstone:essence_of_undeath":1,"minecraft:coal":22,"iceandfire:raw_silver":2,"minecraft:cobblestone":16},"minecraft:custom":{"minecraft:interact_with_furnace":4,"minecraft:mob_kills":9,"minecraft:interact_with_cartography_table":1,"minecraft:interact_with_crafting_table":6,"minecraft:open_barrel":1,"minecraft:interact_with_loom":1,"minecraft:bell_ring":1,"minecraft:damage_dealt_resisted":996,"minecraft:time_since_death":8044,"minecraft:sleep_in_bed":5,"minecraft:climb_one_cm":7072,"minecraft:time_since_rest":0,"minecraft:sprint_one_cm":181156,"minecraft:damage_taken":2033,"minecraft:walk_one_cm":257991,"minecraft:trigger_trapped_chest":2,"minecraft:drop":3,"minecraft:damage_dealt":1967,"minecraft:swim_one_cm":10894,"minecraft:fly_one_cm":348750,"minecraft:open_chest":36,"minecraft:crouch_one_cm":951,"minecraft:play_time":58941,"tombstone:undead_killed":3,"minecraft:deaths":7,"minecraft:sneak_time":438,"minecraft:walk_under_water_one_cm":4304,"minecraft:interact_with_brewingstand":2,"minecraft:boat_one_cm":130343,"minecraft:jump":1294,"minecraft:walk_on_water_one_cm":15445,"minecraft:total_world_time":58941,"minecraft:fall_one_cm":24923},"minecraft:crafted":{"minecraft:oak_planks":52,"minecraft:crafting_table":3,"mores:cobalt_pickaxe":1,"minecraft:iron_sword":1,"minecraft:furnace":1,"minecraft:pumpkin_seeds":16,"minecraft:stone_axe":1,"minecraft:oak_boat":1,"minecraft:stick":76},"minecraft:mined":{"iceandfire:silver_ore":2,"minecraft:red_sand":3,"minecraft:lime_bed":5,"minecraft:pumpkin":4,"minecraft:oak_log":6,"minecraft:coal_ore":23,"minecraft:vine":1,"minecraft:stripped_oak_log":5,"minecraft:cobweb":1,"minecraft:acacia_planks":6,"minecraft:stone":17,"minecraft:gold_ore":4},"minecraft:dropped":{"minecraft:wheat_seeds":6,"alexsmobs:animal_dictionary":1,"minecraft:wheat":4}},"DataVersion":3465}