{"stats":{"minecraft:killed_by":{"minecraft:player":1},"minecraft:picked_up":{"minecraft:birch_log":18,"born_in_chaos_v1:corpse_maggot":4,"luminousworld:groundpebbles_1":7,"minecraft:lime_bed":9,"minecraft:coarse_dirt":1,"luminousworld:savannah_ground":1,"luminousworld:palmplank":26,"minecraft:cooked_beef":2,"minecraft:flower_pot":1,"minecraft:cooked_rabbit":5,"minecraft:oak_log":61,"minecraft:golden_boots":1,"minecraft:dirt":75,"minecraft:iron_axe":1,"minecraft:bone":2,"luminousworld:palm_log":16,"minecraft:wheat_seeds":2,"minecraft:gold_nugget":68,"alexsmobs:emu_feather":1,"dynamictrees:birch_seed":9,"mores:cobalt_axe":1,"dynamictrees:oak_seed":15,"minecraft:iron_pickaxe":1,"minecraft:oak_planks":3,"minecraft:stick":113,"luminousworld:auburnlog":8,"minecraft:torch":14,"minecraft:green_bed":1,"minecraft:gravel":2,"luminousworld:savannah_soil":3,"minecraft:sand":5,"minecraft:white_bed":1,"minecraft:carrot":13,"alexsmobs:animal_dictionary":1,"minecraft:rotten_flesh":18,"luminousworld:auburn_sapling":2,"minecraft:bread":16,"minecraft:chainmail_helmet":1,"supplementaries:ash":1,"mores:raw_silver":4,"minecraft:crafting_table":1,"undead_revamp2:arapholia":1,"minecraft:cobblestone":198,"iceandfire:raw_silver":3,"minecraft:stripped_oak_log":4},"minecraft:used":{"minecraft:oak_planks":72,"minecraft:green_bed":1,"minecraft:torch":12,"minecraft:crafting_table":2,"minecraft:lime_bed":8,"minecraft:carrot":15,"minecraft:white_bed":1,"minecraft:oak_log":34,"minecraft:flower_pot":1,"minecraft:iron_axe":164,"minecraft:bread":27,"minecraft:iron_pickaxe":251,"minecraft:furnace":1,"minecraft:cooked_rabbit":5,"alexsmobs:animal_dictionary":5,"minecraft:cooked_beef":2,"mores:cobalt_axe":2,"luminousworld:palm_log":1},"minecraft:crafted":{"minecraft:oak_planks":92,"minecraft:crafting_table":1,"minecraft:furnace":1,"minecraft:bread":6,"minecraft:stick":16,"luminousworld:palmplank":52},"minecraft:custom":{"minecraft:interact_with_furnace":1,"minecraft:mob_kills":8,"minecraft:interact_with_crafting_table":14,"minecraft:leave_game":3,"minecraft:time_since_death":93742,"minecraft:sleep_in_bed":10,"minecraft:climb_one_cm":1319,"minecraft:time_since_rest":2506,"minecraft:sprint_one_cm":398095,"minecraft:damage_taken":3463,"minecraft:walk_one_cm":768676,"minecraft:drop":21,"minecraft:damage_dealt":1170,"minecraft:swim_one_cm":13859,"minecraft:fly_one_cm":163283,"minecraft:open_chest":7,"minecraft:play_time":151787,"tombstone:undead_killed":5,"minecraft:deaths":5,"minecraft:walk_under_water_one_cm":17893,"minecraft:boat_one_cm":159671,"minecraft:jump":1891,"minecraft:walk_on_water_one_cm":76925,"minecraft:total_world_time":151787,"minecraft:fall_one_cm":43217},"minecraft:mined":{"luminousworld:savannah_soil":3,"luminousworld:groundpebbles_1":1,"minecraft:white_bed":1,"iceandfire:silver_ore":3,"luminousworld:grassvariant_4":2,"luminousworld:autumnleaves":19,"minecraft:crafting_table":1,"minecraft:grass_block":77,"minecraft:dead_bush":2,"luminousworld:auburnlog":8,"luminousworld:grassvariant_2":2,"minecraft:oak_planks":2,"minecraft:wall_torch":1,"dynamictrees:oak_leaves":3,"minecraft:lime_bed":8,"minecraft:coarse_dirt":1,"minecraft:grass":7,"minecraft:oak_log":5,"iceandfire:gold_pile":12,"minecraft:dirt":26,"minecraft:gravel":5,"minecraft:sand":2,"mores:silver_ore":4,"minecraft:stripped_oak_log":2,"luminousworld:groundpebbles_2":3,"luminousworld:palm_log":16,"minecraft:stone":229,"luminousworld:savannah_ground":1},"minecraft:killed":{"minecraft:zombie_villager":1,"undead_revamp2:the_moonflower":3,"iceandfire:ghost":1,"born_in_chaos_v1:corpse_fly":3},"minecraft:broken":{"minecraft:iron_axe":1,"minecraft:iron_pickaxe":1},"minecraft:dropped":{"minecraft:bread":8,"minecraft:rotten_flesh":10,"minecraft:oak_planks":6,"minecraft:stripped_oak_log":2,"minecraft:carrot":4,"minecraft:stick":69,"minecraft:lime_bed":1,"luminousworld:palmplank":66}},"DataVersion":3465}