{"stats":{"minecraft:used":{"minecraft:lime_bed":3,"minecraft:bread":12,"alexsmobs:animal_dictionary":3,"luminousworld:palm_log":1},"minecraft:killed":{"born_in_chaos_v1:corpse_fly":3},"minecraft:picked_up":{"born_in_chaos_v1:corpse_maggot":4,"minecraft:lime_bed":4,"minecraft:bone":1,"minecraft:flower_pot":1,"minecraft:rotten_flesh":3,"luminousworld:palm_log":16,"alexsmobs:emu_feather":1,"minecraft:sand":5},"minecraft:custom":{"minecraft:time_since_rest":8981,"minecraft:open_chest":6,"minecraft:damage_taken":1664,"minecraft:play_time":47163,"minecraft:sprint_one_cm":151970,"minecraft:deaths":4,"minecraft:walk_one_cm":200129,"minecraft:walk_under_water_one_cm":4753,"minecraft:mob_kills":3,"minecraft:drop":1,"minecraft:jump":430,"minecraft:damage_dealt":320,"minecraft:leave_game":2,"minecraft:time_since_death":10778,"minecraft:walk_on_water_one_cm":32492,"minecraft:sleep_in_bed":3,"minecraft:climb_one_cm":1108,"minecraft:total_world_time":47163,"minecraft:interact_with_crafting_table":2,"minecraft:fall_one_cm":11024,"minecraft:fly_one_cm":72851},"minecraft:crafted":{"minecraft:bread":4,"luminousworld:palmplank":52},"minecraft:mined":{"minecraft:lime_bed":3,"minecraft:sand":2,"luminousworld:palm_log":16},"minecraft:dropped":{"minecraft:bread":3},"minecraft:killed_by":{"minecraft:player":1}},"DataVersion":3465}