{"stats":{"minecraft:used":{"minecraft:flower_pot":1,"minecraft:bread":20,"minecraft:lime_bed":6,"alexsmobs:animal_dictionary":3,"luminousworld:palm_log":1},"minecraft:killed":{"iceandfire:ghost":1,"born_in_chaos_v1:corpse_fly":3},"minecraft:picked_up":{"minecraft:lime_bed":7,"born_in_chaos_v1:corpse_maggot":4,"luminousworld:palmplank":26,"minecraft:flower_pot":1,"minecraft:sand":5,"minecraft:golden_boots":1,"minecraft:bone":1,"minecraft:rotten_flesh":3,"luminousworld:palm_log":16,"alexsmobs:emu_feather":1,"minecraft:bread":16,"minecraft:chainmail_helmet":1},"minecraft:custom":{"minecraft:time_since_rest":6992,"minecraft:walk_one_cm":342892,"minecraft:sprint_one_cm":255450,"minecraft:damage_taken":2586,"minecraft:mob_kills":4,"minecraft:drop":3,"minecraft:damage_dealt":423,"minecraft:interact_with_crafting_table":7,"minecraft:fly_one_cm":112624,"minecraft:open_chest":6,"minecraft:play_time":77163,"tombstone:undead_killed":1,"minecraft:deaths":5,"minecraft:walk_under_water_one_cm":13531,"minecraft:boat_one_cm":119622,"minecraft:jump":942,"minecraft:leave_game":2,"minecraft:walk_on_water_one_cm":58450,"minecraft:time_since_death":19118,"minecraft:sleep_in_bed":5,"minecraft:total_world_time":77163,"minecraft:climb_one_cm":1165,"minecraft:fall_one_cm":20330},"minecraft:crafted":{"minecraft:crafting_table":1,"minecraft:stick":16,"minecraft:bread":6,"luminousworld:palmplank":52},"minecraft:mined":{"minecraft:lime_bed":6,"minecraft:dead_bush":1,"minecraft:sand":2,"luminousworld:palm_log":16},"minecraft:dropped":{"minecraft:bread":3,"luminousworld:palmplank":26},"minecraft:killed_by":{"minecraft:player":1}},"DataVersion":3465}