{"stats":{"minecraft:killed_by":{"minecraft:player":1,"undead_revamp2:thespitter":1},"minecraft:picked_up":{"minecraft:coarse_dirt":1,"minecraft:iron_chestplate":1,"luminousworld:groundpebbles_1":12,"minecraft:crafting_table":2,"minecraft:wheat":1,"minecraft:ladder":4,"mores:tin_battleaxe":1,"minecraft:flower_pot":1,"minecraft:oak_stairs":85,"minecraft:cooked_rabbit":5,"minecraft:string":3,"minecraft:iron_axe":1,"minecraft:oak_sign":1,"luminousworld:palm_log":16,"alexsmobs:emu_feather":1,"minecraft:gold_nugget":132,"minecraft:bucket":1,"mores:cobalt_axe":1,"dynamictrees:oak_seed":95,"minecraft:iron_pickaxe":1,"minecraft:stick":675,"luminousworld:auburnlog":8,"minecraft:oak_door":4,"minecraft:oak_fence":4,"minecraft:torch":36,"minecraft:green_bed":2,"minecraft:note_block":1,"luminousworld:savannah_soil":3,"minecraft:carrot":21,"minecraft:rotten_flesh":31,"quark:clear_shard":138,"minecraft:jungle_stairs":1,"supplementaries:ash":2,"undead_revamp2:arapholia":1,"minecraft:cobblestone":356,"minecraft:stripped_oak_log":12,"minecraft:birch_log":27,"minecraft:mud_bricks":14,"born_in_chaos_v1:corpse_maggot":4,"minecraft:lime_bed":9,"luminousworld:savannah_ground":1,"luminousworld:palmplank":26,"minecraft:cooked_beef":2,"born_in_chaos_v1:monster_flesh":2,"minecraft:jungle_log":64,"minecraft:birch_planks":2,"mutantmonsters:mutant_skeleton_chestplate":1,"minecraft:oak_log":755,"minecraft:golden_boots":1,"minecraft:cobblestone_stairs":2,"minecraft:dirt":410,"tombstone:gift":1,"minecraft:bone":2,"minecraft:wheat_seeds":22,"dynamictrees:birch_seed":12,"luminousworld:white_petunias":1,"minecraft:oak_planks":709,"luminousworld:clovers_1":1,"minecraft:gravel":2,"minecraft:sand":22,"epicsamurai:tanuki_statue":1,"minecraft:white_bed":1,"alexsmobs:animal_dictionary":2,"minecraft:iron_hoe":1,"mores:chocolate":1,"luminousworld:auburn_sapling":2,"minecraft:bread":31,"minecraft:chainmail_helmet":1,"mores:raw_silver":4,"iceandfire:raw_silver":3},"minecraft:used":{"minecraft:oak_fence":65,"mores:cobalt_axe":196,"minecraft:iron_shovel":163,"mores:tin_axe":100,"minecraft:ladder":5,"minecraft:oak_sign":2,"minecraft:oak_door":6,"minecraft:torch":30,"minecraft:dirt":184,"minecraft:carrot":102,"mores:tin_sword":22,"minecraft:glass":22,"minecraft:wooden_axe":39,"minecraft:lava_bucket":1,"minecraft:iron_axe":922,"minecraft:oak_stairs":208,"minecraft:furnace":1,"minecraft:cooked_beef":2,"luminousworld:palm_log":1,"stalwart_dungeons:wooden_hammer":3,"minecraft:oak_planks":953,"minecraft:green_bed":1,"minecraft:crafting_table":3,"minecraft:lime_bed":8,"minecraft:white_bed":1,"minecraft:oak_log":608,"minecraft:flower_pot":1,"minecraft:apple":3,"minecraft:bread":42,"minecraft:iron_pickaxe":251,"minecraft:gravel":2,"minecraft:cooked_rabbit":5,"minecraft:bucket":2,"alexsmobs:animal_dictionary":5,"minecraft:stripped_oak_log":2},"minecraft:custom":{"minecraft:mob_kills":13,"minecraft:interact_with_crafting_table":58,"minecraft:damage_dealt_resisted":13,"minecraft:leave_game":17,"minecraft:time_since_death":206709,"minecraft:climb_one_cm":12817,"minecraft:sprint_one_cm":714886,"minecraft:walk_one_cm":2301838,"minecraft:drop":50,"minecraft:play_noteblock":1,"minecraft:play_time":446133,"minecraft:deaths":7,"minecraft:walk_under_water_one_cm":20689,"minecraft:boat_one_cm":159671,"minecraft:jump":3776,"minecraft:interact_with_blast_furnace":8,"minecraft:walk_on_water_one_cm":116994,"minecraft:total_world_time":446133,"minecraft:interact_with_furnace":19,"minecraft:sleep_in_bed":24,"minecraft:time_since_rest":17598,"minecraft:damage_taken":6477,"minecraft:damage_dealt":2481,"minecraft:swim_one_cm":18119,"minecraft:fly_one_cm":261393,"minecraft:open_chest":127,"tombstone:undead_killed":9,"minecraft:fall_one_cm":93067},"minecraft:crafted":{"minecraft:oak_door":5,"minecraft:oak_planks":564,"minecraft:oak_sign":3,"minecraft:furnace":1,"minecraft:glass":22,"minecraft:iron_axe":3,"mores:tin_ingot":55,"minecraft:ladder":12,"mores:tin_axe":1,"minecraft:oak_fence":69,"luminousworld:palmplank":52,"minecraft:crafting_table":1,"minecraft:bread":6,"mores:tin_sword":2,"minecraft:stick":16,"minecraft:oak_stairs":128,"minecraft:wooden_axe":1,"minecraft:iron_shovel":1},"minecraft:mined":{"luminousworld:groundpebbles_1":4,"minecraft:white_bed":1,"iceandfire:silver_ore":3,"luminousworld:grassvariant_4":4,"minecraft:oak_door":4,"luminousworld:autumnleaves":19,"minecraft:ladder":3,"minecraft:grass_block":356,"luminousworld:grassvariant_2":5,"dynamictrees:oak_leaves":3,"minecraft:carrots":4,"minecraft:fire":9,"supplementaries:stick":8,"iceandfire:gold_pile":12,"minecraft:oak_sign":1,"minecraft:dirt_path":16,"minecraft:oak_stairs":45,"minecraft:stripped_oak_log":10,"luminousworld:groundpebbles_2":3,"minecraft:stone":229,"minecraft:green_bed":1,"luminousworld:savannah_soil":3,"minecraft:oak_fence":4,"minecraft:crafting_table":3,"minecraft:torch":8,"minecraft:note_block":1,"minecraft:jungle_stairs":1,"minecraft:dead_bush":2,"luminousworld:auburnlog":8,"minecraft:glass":48,"minecraft:oak_planks":591,"minecraft:wall_torch":8,"minecraft:lime_bed":8,"minecraft:coarse_dirt":1,"minecraft:wheat":2,"minecraft:grass":11,"minecraft:oak_log":225,"minecraft:gravel":5,"minecraft:sand":21,"minecraft:dirt":75,"mores:silver_ore":4,"luminousworld:grassvariant_3":1,"luminousworld:palm_log":16,"luminousworld:savannah_ground":1},"minecraft:killed":{"undead_revamp2:thewolf":1,"born_in_chaos_v1:maggot":1,"undead_revamp2:sucker":1,"minecraft:zombie_villager":1,"undead_revamp2:the_moonflower":4,"minecraft:zombie":1,"iceandfire:ghost":1,"born_in_chaos_v1:corpse_fly":3},"minecraft:broken":{"minecraft:golden_boots":1,"mores:cobalt_axe":1,"minecraft:iron_axe":5,"mores:tin_axe":1,"minecraft:iron_pickaxe":1,"minecraft:wooden_axe":1},"minecraft:dropped":{"minecraft:iron_ingot":7,"minecraft:bread":8,"minecraft:wheat_seeds":14,"epicsamurai:tanuki_statue":1,"luminousworld:white_petunias":1,"minecraft:cobblestone":4,"minecraft:stick":236,"born_in_chaos_v1:monster_flesh":2,"minecraft:dirt":95,"minecraft:gold_nugget":64,"minecraft:bucket":1,"minecraft:bone":2,"dynamictrees:oak_seed":2,"alexsmobs:animal_dictionary":1,"minecraft:wheat":1,"undead_revamp2:arapholia":1,"tombstone:gift":1,"minecraft:rotten_flesh":17,"minecraft:oak_planks":14,"minecraft:stripped_oak_log":2,"minecraft:carrot":4,"minecraft:lime_bed":1,"supplementaries:ash":1,"minecraft:mud_bricks":14,"luminousworld:palmplank":66,"minecraft:jungle_log":64,"minecraft:ladder":11}},"DataVersion":3465}