{"stats":{"minecraft:killed_by":{"minecraft:player":1},"minecraft:picked_up":{"minecraft:birch_log":18,"born_in_chaos_v1:corpse_maggot":4,"luminousworld:groundpebbles_1":7,"minecraft:lime_bed":9,"minecraft:coarse_dirt":1,"luminousworld:savannah_ground":1,"luminousworld:palmplank":26,"minecraft:cooked_beef":2,"minecraft:flower_pot":1,"minecraft:cooked_rabbit":5,"minecraft:oak_log":135,"minecraft:golden_boots":1,"minecraft:dirt":108,"minecraft:iron_axe":1,"minecraft:bone":2,"luminousworld:palm_log":16,"minecraft:wheat_seeds":3,"minecraft:gold_nugget":132,"alexsmobs:emu_feather":1,"dynamictrees:birch_seed":9,"mores:cobalt_axe":1,"dynamictrees:oak_seed":27,"minecraft:iron_pickaxe":1,"minecraft:oak_planks":5,"minecraft:stick":166,"luminousworld:auburnlog":8,"minecraft:torch":14,"minecraft:green_bed":1,"minecraft:gravel":2,"luminousworld:savannah_soil":3,"minecraft:sand":5,"minecraft:white_bed":1,"minecraft:carrot":13,"alexsmobs:animal_dictionary":1,"minecraft:rotten_flesh":18,"luminousworld:auburn_sapling":2,"minecraft:bread":31,"minecraft:chainmail_helmet":1,"supplementaries:ash":1,"mores:raw_silver":4,"minecraft:crafting_table":1,"undead_revamp2:arapholia":1,"minecraft:cobblestone":198,"iceandfire:raw_silver":3,"minecraft:stripped_oak_log":4},"minecraft:used":{"minecraft:oak_planks":91,"minecraft:green_bed":1,"minecraft:torch":12,"minecraft:dirt":5,"minecraft:crafting_table":2,"minecraft:lime_bed":8,"minecraft:carrot":15,"minecraft:white_bed":1,"minecraft:oak_log":76,"minecraft:flower_pot":1,"minecraft:iron_axe":164,"minecraft:bread":29,"minecraft:iron_pickaxe":251,"minecraft:furnace":1,"minecraft:cooked_rabbit":5,"alexsmobs:animal_dictionary":5,"minecraft:stripped_oak_log":2,"minecraft:cooked_beef":2,"mores:cobalt_axe":45,"luminousworld:palm_log":1},"minecraft:crafted":{"minecraft:oak_planks":92,"minecraft:crafting_table":1,"minecraft:furnace":1,"minecraft:bread":6,"minecraft:stick":16,"luminousworld:palmplank":52},"minecraft:custom":{"minecraft:interact_with_furnace":2,"minecraft:mob_kills":8,"minecraft:interact_with_crafting_table":15,"minecraft:leave_game":3,"minecraft:time_since_death":105742,"minecraft:sleep_in_bed":11,"minecraft:climb_one_cm":1319,"minecraft:time_since_rest":1289,"minecraft:sprint_one_cm":400624,"minecraft:damage_taken":3481,"minecraft:walk_one_cm":820200,"minecraft:drop":22,"minecraft:damage_dealt":1170,"minecraft:swim_one_cm":13859,"minecraft:fly_one_cm":164331,"minecraft:open_chest":9,"minecraft:play_time":163787,"tombstone:undead_killed":5,"minecraft:deaths":5,"minecraft:walk_under_water_one_cm":17893,"minecraft:boat_one_cm":159671,"minecraft:jump":1944,"minecraft:walk_on_water_one_cm":78983,"minecraft:total_world_time":163787,"minecraft:fall_one_cm":44305},"minecraft:mined":{"luminousworld:savannah_soil":3,"luminousworld:groundpebbles_1":1,"minecraft:white_bed":1,"iceandfire:silver_ore":3,"luminousworld:grassvariant_4":2,"luminousworld:autumnleaves":19,"minecraft:crafting_table":1,"minecraft:grass_block":97,"minecraft:dead_bush":2,"luminousworld:auburnlog":8,"luminousworld:grassvariant_2":3,"minecraft:oak_planks":4,"minecraft:wall_torch":1,"dynamictrees:oak_leaves":3,"minecraft:lime_bed":8,"minecraft:coarse_dirt":1,"minecraft:grass":7,"minecraft:oak_log":35,"iceandfire:gold_pile":12,"minecraft:dirt_path":5,"minecraft:dirt":41,"minecraft:gravel":5,"minecraft:sand":2,"mores:silver_ore":4,"minecraft:stripped_oak_log":2,"luminousworld:groundpebbles_2":3,"luminousworld:palm_log":16,"minecraft:stone":229,"luminousworld:savannah_ground":1},"minecraft:killed":{"minecraft:zombie_villager":1,"undead_revamp2:the_moonflower":3,"iceandfire:ghost":1,"born_in_chaos_v1:corpse_fly":3},"minecraft:broken":{"minecraft:iron_axe":1,"minecraft:iron_pickaxe":1},"minecraft:dropped":{"minecraft:bread":8,"minecraft:rotten_flesh":10,"minecraft:oak_planks":6,"minecraft:stripped_oak_log":2,"minecraft:carrot":4,"minecraft:stick":69,"minecraft:lime_bed":1,"luminousworld:palmplank":66,"minecraft:gold_nugget":64}},"DataVersion":3465}