{"stats":{"minecraft:used":{"minecraft:flower_pot":1,"minecraft:iron_axe":4,"minecraft:bread":23,"minecraft:lime_bed":7,"alexsmobs:animal_dictionary":3,"luminousworld:palm_log":1},"minecraft:killed":{"iceandfire:ghost":1,"born_in_chaos_v1:corpse_fly":3},"minecraft:picked_up":{"minecraft:stick":2,"minecraft:coarse_dirt":1,"minecraft:lime_bed":8,"born_in_chaos_v1:corpse_maggot":4,"luminousworld:palmplank":26,"minecraft:flower_pot":1,"minecraft:sand":5,"minecraft:golden_boots":1,"minecraft:iron_axe":1,"minecraft:bone":1,"minecraft:rotten_flesh":3,"luminousworld:palm_log":16,"alexsmobs:emu_feather":1,"dynamictrees:oak_seed":2,"minecraft:bread":16,"minecraft:chainmail_helmet":1,"minecraft:iron_pickaxe":1},"minecraft:custom":{"minecraft:time_since_rest":0,"minecraft:walk_one_cm":395230,"minecraft:sprint_one_cm":259511,"minecraft:damage_taken":2678,"minecraft:mob_kills":4,"minecraft:drop":9,"minecraft:damage_dealt":423,"minecraft:interact_with_crafting_table":9,"minecraft:fly_one_cm":114578,"minecraft:open_chest":6,"minecraft:play_time":83163,"tombstone:undead_killed":1,"minecraft:deaths":5,"minecraft:walk_under_water_one_cm":13531,"minecraft:boat_one_cm":119622,"minecraft:jump":1106,"minecraft:leave_game":2,"minecraft:walk_on_water_one_cm":58450,"minecraft:time_since_death":25118,"minecraft:sleep_in_bed":6,"minecraft:total_world_time":83163,"minecraft:climb_one_cm":1319,"minecraft:fall_one_cm":24658},"minecraft:crafted":{"minecraft:crafting_table":1,"minecraft:stick":16,"minecraft:bread":6,"luminousworld:palmplank":52},"minecraft:mined":{"dynamictrees:oak_leaves":3,"minecraft:lime_bed":6,"minecraft:coarse_dirt":1,"minecraft:dead_bush":2,"minecraft:sand":2,"luminousworld:palm_log":16},"minecraft:dropped":{"minecraft:lime_bed":1,"minecraft:bread":8,"luminousworld:palmplank":26},"minecraft:killed_by":{"minecraft:player":1}},"DataVersion":3465}