{"stats":{"minecraft:used":{"minecraft:flower_pot":1,"minecraft:iron_axe":4,"minecraft:bread":27,"minecraft:iron_pickaxe":100,"minecraft:green_bed":1,"minecraft:crafting_table":1,"minecraft:lime_bed":8,"minecraft:carrot":2,"minecraft:cooked_rabbit":5,"alexsmobs:animal_dictionary":4,"luminousworld:palm_log":1},"minecraft:killed":{"iceandfire:ghost":1,"born_in_chaos_v1:corpse_fly":3},"minecraft:picked_up":{"minecraft:stick":2,"minecraft:coarse_dirt":1,"minecraft:lime_bed":9,"born_in_chaos_v1:corpse_maggot":4,"luminousworld:palmplank":26,"minecraft:flower_pot":1,"minecraft:torch":1,"minecraft:green_bed":1,"minecraft:cooked_rabbit":5,"minecraft:sand":5,"minecraft:golden_boots":1,"minecraft:carrot":13,"minecraft:dirt":6,"alexsmobs:animal_dictionary":1,"minecraft:iron_axe":1,"minecraft:bone":1,"minecraft:rotten_flesh":3,"luminousworld:palm_log":16,"minecraft:gold_nugget":68,"alexsmobs:emu_feather":1,"dynamictrees:oak_seed":2,"minecraft:bread":16,"minecraft:chainmail_helmet":1,"minecraft:iron_pickaxe":1,"mores:raw_silver":4,"minecraft:oak_planks":1,"minecraft:cobblestone":77},"minecraft:custom":{"minecraft:time_since_rest":4785,"minecraft:walk_one_cm":515651,"minecraft:sprint_one_cm":345426,"minecraft:damage_taken":3045,"minecraft:mob_kills":4,"minecraft:drop":10,"minecraft:damage_dealt":473,"minecraft:interact_with_crafting_table":9,"minecraft:fly_one_cm":144401,"minecraft:open_chest":7,"minecraft:play_time":107163,"tombstone:undead_killed":1,"minecraft:deaths":5,"minecraft:walk_under_water_one_cm":15900,"minecraft:boat_one_cm":119622,"minecraft:jump":1514,"minecraft:leave_game":2,"minecraft:walk_on_water_one_cm":71014,"minecraft:time_since_death":49118,"minecraft:sleep_in_bed":8,"minecraft:total_world_time":107163,"minecraft:climb_one_cm":1319,"minecraft:fall_one_cm":37348},"minecraft:crafted":{"minecraft:crafting_table":1,"minecraft:stick":16,"minecraft:bread":6,"luminousworld:palmplank":52},"minecraft:mined":{"dynamictrees:oak_leaves":3,"minecraft:lime_bed":8,"minecraft:coarse_dirt":1,"minecraft:grass_block":2,"iceandfire:gold_pile":12,"minecraft:gravel":3,"minecraft:dead_bush":2,"minecraft:dirt":3,"minecraft:sand":2,"mores:silver_ore":4,"minecraft:stone":91,"luminousworld:palm_log":16,"minecraft:wall_torch":1},"minecraft:dropped":{"minecraft:lime_bed":1,"minecraft:bread":8,"luminousworld:palmplank":66},"minecraft:killed_by":{"minecraft:player":1}},"DataVersion":3465}