{"stats":{"minecraft:crafted":{"minecraft:brick":18,"furnitura:oak_mailbox":1,"minecraft:oak_planks":1024,"minecraft:barrel":6,"minecraft:oak_sign":3,"naturalist:cooked_venison":1,"minecraft:dark_oak_boat":1,"minecraft:pink_bed":1,"minecraft:birch_boat":1,"luminousworld:decorative_tag":1,"minecraft:bookshelf":3,"luminousworld:whitepetuniapot":2,"minecraft:iron_bars":16,"luminousworld:emptyflowerpot":3,"minecraft:dark_oak_door":3,"minecraft:glass":72,"minecraft:diamond_leggings":1,"mores:tin_ingot":55,"minecraft:oak_button":2,"minecraft:birch_door":3,"minecraft:oak_fence":69,"minecraft:flower_pot":5,"luminousworld:palmplank":52,"minecraft:item_frame":2,"minecraft:oak_slab":180,"sophisticatedbackpacks:backpack":2,"minecraft:crafting_table":3,"minecraft:birch_planks":40,"minecraft:dark_oak_slab":36,"minecraft:wooden_hoe":1,"minecraft:stick":16,"furnitura:oak_chair":10,"minecraft:birch_fence":9,"quark:oak_chest":2,"luminousworld:sunsetpetuniapot":1,"minecraft:shears":1,"minecraft:cherry_planks":32,"minecraft:oak_door":5,"supplementaries:wind_vane":1,"minecraft:iron_nugget":27,"minecraft:furnace":2,"minecraft:dark_oak_trapdoor":12,"minecraft:pink_dye":1,"minecraft:oak_trapdoor":24,"furnitura:single_leg_table_oak":3,"minecraft:lantern":3,"minecraft:leather":10,"minecraft:iron_axe":3,"minecraft:ladder":12,"luminousworld:white_oak_plank":36,"minecraft:chiseled_bookshelf":6,"furnitura:small_table_oak":2,"mores:tin_axe":7,"minecraft:dark_oak_planks":96,"quark:birch_bookshelf":1,"minecraft:birch_sign":3,"minecraft:red_dye":3,"minecraft:diamond_sword":1,"minecraft:dark_oak_stairs":4,"supplementaries:present":1,"minecraft:iron_sword":1,"furnitura:oak_desk":2,"minecraft:bucket":2,"minecraft:jungle_slab":6,"minecraft:bread":6,"mores:tin_sword":2,"minecraft:oak_stairs":304,"minecraft:wooden_axe":2,"minecraft:iron_shovel":1,"furnitura:oak_cabinet":2},"minecraft:used":{"minecraft:moss_block":1,"mores:cobalt_axe":196,"minecraft:iron_shovel":168,"minecraft:ladder":5,"minecraft:oak_sign":3,"minecraft:iron_sword":50,"minecraft:carrot":298,"minecraft:glass":62,"minecraft:lava_bucket":2,"minecraft:lantern":6,"furnitura:oak_chair":15,"minecraft:dark_oak_slab":2,"luminousworld:whitepetuniapot":3,"minecraft:item_frame":5,"minecraft:dark_oak_boat":4,"quark:birch_bookshelf":1,"minecraft:furnace":2,"mores:tourmaline_shield":12,"furnitura:single_leg_table_oak":3,"alexsmobs:raw_catfish":2,"minecraft:dark_oak_stairs":8,"stalwart_dungeons:wooden_hammer":3,"minecraft:birch_leaves":3,"furnitura:oak_desk":2,"minecraft:oak_planks":1230,"minecraft:oak_leaves":15,"minecraft:glow_berries":62,"minecraft:dark_oak_trapdoor":11,"minecraft:shears":25,"minecraft:birch_fence":13,"luminousworld:decorative_red_2":4,"minecraft:bread":42,"minecraft:cyan_bed":1,"minecraft:lectern":1,"minecraft:gravel":2,"luminousworld:sunsetpetuniapot":1,"minecraft:diamond_sword":163,"minecraft:cooked_rabbit":5,"minecraft:oak_fence":77,"supplementaries:wind_vane":2,"minecraft:oak_trapdoor":62,"quark:birch_chest":1,"mores:tin_axe":451,"furnitura:oak_mailbox":1,"minecraft:oak_door":12,"minecraft:torch":38,"minecraft:dirt":187,"minecraft:birch_door":1,"mores:tin_sword":207,"minecraft:dark_oak_planks":8,"minecraft:wooden_axe":41,"minecraft:bookshelf":3,"minecraft:iron_axe":922,"minecraft:oak_stairs":410,"minecraft:barrel":15,"minecraft:cooked_beef":9,"minecraft:cobbled_deepslate":2,"luminousworld:palm_log":1,"minecraft:water_bucket":5,"minecraft:wheat_seeds":13,"minecraft:chiseled_bookshelf":6,"minecraft:birch_planks":8,"furnitura:small_table_oak":2,"minecraft:birch_boat":2,"minecraft:green_bed":1,"minecraft:oak_slab":166,"minecraft:lime_bed":8,"minecraft:crafting_table":5,"minecraft:white_bed":2,"minecraft:dark_oak_door":5,"minecraft:oak_log":652,"minecraft:flower_pot":6,"minecraft:wooden_hoe":20,"minecraft:apple":3,"furnitura:oak_cabinet":3,"minecraft:oak_button":2,"minecraft:iron_pickaxe":258,"minecraft:jungle_stairs":14,"minecraft:pink_petals":17,"minecraft:pink_bed":1,"minecraft:cobblestone":89,"vanillaplustools:iron_hammer":1,"minecraft:white_banner":2,"minecraft:bucket":8,"alexsmobs:animal_dictionary":5,"minecraft:stripped_oak_log":5},"minecraft:killed":{"undead_revamp2:thewolf":1,"born_in_chaos_v1:restless_spirit":1,"born_in_chaos_v1:zombie_lumberjack":1,"born_in_chaos_v1:siamese_skeletonsright":1,"minecraft:pig":1,"minecraft:zombie_villager":1,"earthmobsmod:lobber_zombie":2,"minecraft:sheep":1,"minecraft:zombie":3,"born_in_chaos_v1:corpse_fly":6,"born_in_chaos_v1:siamese_skeletonsleft":1,"illagerinvasion:marauder":1,"luminousworld:yellow_swallowtail":1,"born_in_chaos_v1:maggot":2,"naturalist:deer":1,"undead_revamp2:coppertar":1,"undead_revamp2:sucker":1,"alexsmobs:skunk":2,"undead_revamp2:the_moonflower":9,"enemyexpansion:sprinter":1,"born_in_chaos_v1:decrepit_skeleton":1,"alexsmobs:catfish":1,"endermanoverhaul:cave_enderman":1},"minecraft:dropped":{"minecraft:moss_block":1,"epicsamurai:tanuki_statue":1,"luminousworld:white_petunias":1,"minecraft:glow_berries":2,"luminousworld:decorative_red_1":2,"minecraft:leather":4,"mutantmonsters:mutant_skeleton_shoulder_pad":6,"minecraft:cobblestone_stairs":2,"born_in_chaos_v1:monster_flesh":2,"minecraft:dirt":136,"born_in_chaos_v1:monster_skin":2,"minecraft:gold_nugget":64,"vanillaplustools:iron_hammer":1,"minecraft:dark_oak_boat":1,"minecraft:white_wool":1,"minecraft:armor_stand":3,"minecraft:bone":2,"minecraft:note_block":1,"mutantmonsters:mutant_skeleton_pelvis":1,"minecraft:iron_nugget":3,"dynamictrees:oak_seed":25,"alexsmobs:animal_dictionary":1,"minecraft:wheat":4,"undead_revamp2:arapholia":1,"tombstone:gift":2,"minecraft:rotten_flesh":36,"minecraft:oak_planks":94,"minecraft:carrot":4,"minecraft:lime_bed":1,"supplementaries:ash":1,"minecraft:gunpowder":27,"minecraft:jungle_log":64,"minecraft:ladder":11,"minecraft:iron_bars":31,"minecraft:oak_leaves":1,"minecraft:bread":8,"minecraft:iron_ingot":11,"minecraft:wheat_seeds":14,"dynamictrees:birch_seed":3,"dynamictrees:dark_oak_seed":4,"minecraft:cobblestone":50,"minecraft:book":6,"minecraft:chainmail_helmet":3,"minecraft:stick":300,"supplementaries:present":1,"minecraft:string":5,"minecraft:bucket":4,"minecraft:oak_trapdoor":3,"minecraft:clay_ball":24,"minecraft:stripped_oak_log":2,"sophisticatedbackpacks:backpack":1,"minecraft:shears":1,"mutantmonsters:mutant_skeleton_chestplate":1,"minecraft:mud_bricks":14,"minecraft:oak_button":2,"luminousworld:palmplank":66,"mutantmonsters:mutant_skeleton_limb":8,"luminousworld:groundpebbles_1":4,"minecraft:barrel":1,"minecraft:diamond_boots":1,"minecraft:birch_boat":1,"mutantmonsters:mutant_skeleton_rib":4,"minecraft:brick":22},"minecraft:picked_up":{"minecraft:iron_chestplate":1,"minecraft:wheat":19,"mores:tin_battleaxe":1,"minecraft:flower_pot":4,"minecraft:oak_stairs":108,"born_in_chaos_v1:black_argillite":25,"minecraft:string":7,"minecraft:dark_oak_trapdoor":3,"minecraft:armor_stand":3,"minecraft:oak_sign":1,"dynamictrees:dark_oak_seed":4,"alexsmobs:emu_feather":1,"minecraft:gold_nugget":132,"minecraft:cobbled_deepslate":2,"minecraft:bucket":3,"dynamictrees:oak_seed":135,"minecraft:iron_pickaxe":2,"minecraft:iron_boots":1,"minecraft:dark_oak_door":3,"minecraft:stick":863,"luminousworld:auburnlog":8,"quark:glow_shroom_ring":1,"minecraft:oak_fence":8,"minecraft:torch":42,"minecraft:green_bed":2,"minecraft:porkchop":3,"luminousworld:savannah_soil":3,"minecraft:cherry_log":8,"tombstone:grave_dust":2,"mutantmonsters:mutant_skeleton_pelvis":1,"minecraft:rotten_flesh":50,"quark:clear_shard":139,"supplementaries:ash":2,"mutantmonsters:mutant_skeleton_shoulder_pad":8,"minecraft:iron_bars":16,"undead_revamp2:arapholia":1,"minecraft:cobblestone":427,"minecraft:birch_log":28,"minecraft:pink_petals":17,"luminousworld:savannah_ground":1,"minecraft:cooked_beef":2,"minecraft:jungle_log":64,"minecraft:dark_oak_boat":5,"mores:tin_leggings":1,"furnitura:oak_chair":5,"luminousworld:whitepetuniapot":1,"minecraft:lantern":3,"minecraft:dirt":441,"born_in_chaos_v1:monster_skin":4,"minecraft:glass":11,"minecraft:bone":2,"minecraft:wheat_seeds":57,"minecraft:diamond_helmet":1,"minecraft:moss_block":2,"minecraft:oak_planks":869,"minecraft:jungle_planks":12,"minecraft:sand":22,"epicsamurai:tanuki_statue":1,"minecraft:cyan_bed":1,"minecraft:dark_oak_log":51,"minecraft:barrel":12,"alexsmobs:animal_dictionary":2,"minecraft:bundle":1,"minecraft:iron_hoe":1,"luminousworld:auburn_sapling":2,"minecraft:emerald":1,"minecraft:chainmail_helmet":4,"minecraft:bread":31,"mores:raw_silver":4,"minecraft:oak_leaves":16,"luminousworld:groundpebbles_1":14,"minecraft:coarse_dirt":1,"minecraft:crafting_table":2,"minecraft:ladder":4,"minecraft:clay_ball":54,"naturalist:venison":1,"ecologics:seashell":1,"mores:tourmaline_shield":1,"minecraft:cooked_rabbit":5,"minecraft:chain":1,"minecraft:brick":20,"minecraft:oak_trapdoor":44,"minecraft:iron_axe":1,"minecraft:item_frame":3,"minecraft:birch_fence":13,"luminousworld:palm_log":16,"mores:cobalt_axe":1,"minecraft:poppy":3,"minecraft:iron_nugget":9,"luminousworld:decorative_red_1":2,"minecraft:lectern":1,"minecraft:sugar_cane":6,"minecraft:oak_door":9,"minecraft:note_block":1,"furnitura:oak_cabinet":1,"quark:birch_chest":1,"minecraft:carrot":182,"minecraft:dark_oak_planks":7,"minecraft:diamond_chestplate":1,"minecraft:jungle_stairs":17,"minecraft:shears":1,"minecraft:diamond_boots":2,"minecraft:pink_tulip":1,"mutantmonsters:mutant_skeleton_rib":4,"minecraft:glow_berries":67,"minecraft:mutton":1,"minecraft:white_wool":1,"born_in_chaos_v1:fused_bone":2,"minecraft:stripped_oak_log":25,"luminousworld:palmplank":26,"born_in_chaos_v1:corpse_maggot":4,"minecraft:lime_bed":9,"minecraft:birch_leaves":3,"minecraft:mud_bricks":14,"born_in_chaos_v1:monster_flesh":2,"minecraft:leather":4,"minecraft:birch_planks":6,"mutantmonsters:mutant_skeleton_chestplate":2,"minecraft:oak_log":977,"minecraft:golden_boots":1,"minecraft:gunpowder":18,"minecraft:cobblestone_stairs":2,"mutantmonsters:mutant_skeleton_limb":8,"minecraft:white_banner":2,"tombstone:gift":1,"minecraft:iron_ingot":1,"dynamictrees:birch_seed":15,"luminousworld:white_petunias":3,"minecraft:dark_oak_stairs":8,"minecraft:book":30,"minecraft:dark_oak_slab":1,"minecraft:oak_slab":28,"minecraft:milk_bucket":3,"luminousworld:clovers_1":1,"minecraft:birch_boat":2,"minecraft:pumpkin":1,"minecraft:dandelion":2,"luminousworld:sunset_petunias":1,"minecraft:gravel":2,"minecraft:lava_bucket":1,"minecraft:white_bed":3,"supplementaries:wind_vane":1,"luminousworld:whiteoaklog":9,"alexsmobs:raw_catfish":2,"mores:chocolate":1,"luminousworld:decorative_red_2":4,"dynamictrees:cherry_seed":6,"minecraft:oak_button":2},"minecraft:broken":{"mores:tin_leggings":1,"minecraft:golden_boots":1,"mores:tin_axe":7,"minecraft:wooden_axe":1,"mores:tin_sword":2,"mores:cobalt_axe":1,"minecraft:iron_axe":5,"minecraft:iron_pickaxe":1},"minecraft:custom":{"minecraft:animals_bred":2,"minecraft:interact_with_crafting_table":147,"minecraft:open_barrel":29,"minecraft:leave_game":31,"minecraft:time_since_death":37276,"minecraft:sprint_one_cm":1755860,"minecraft:damage_blocked_by_shield":301,"minecraft:drop":135,"minecraft:play_noteblock":1,"minecraft:play_time":1117772,"minecraft:deaths":9,"minecraft:jump":6801,"minecraft:walk_on_water_one_cm":166106,"minecraft:interact_with_furnace":44,"minecraft:interact_with_loom":1,"minecraft:sleep_in_bed":49,"minecraft:damage_dealt":9124,"tombstone:undead_killed":23,"minecraft:interact_with_anvil":2,"minecraft:mob_kills":43,"minecraft:damage_dealt_resisted":548,"minecraft:climb_one_cm":22617,"minecraft:walk_one_cm":4754540,"minecraft:sneak_time":5,"minecraft:walk_under_water_one_cm":37274,"minecraft:boat_one_cm":622856,"minecraft:interact_with_blast_furnace":13,"minecraft:total_world_time":1117772,"tombstone:raider_killed":1,"minecraft:pot_flower":2,"minecraft:time_since_rest":22299,"minecraft:damage_taken":10617,"minecraft:swim_one_cm":89641,"minecraft:fly_one_cm":673140,"minecraft:open_chest":328,"minecraft:fall_one_cm":160783},"minecraft:killed_by":{"minecraft:player":1,"undead_revamp2:thespitter":1},"minecraft:mined":{"minecraft:dark_oak_planks":7,"quark:dark_oak_bookshelf":3,"minecraft:white_bed":3,"luminousworld:autumnleaves":19,"minecraft:cave_vines_plant":92,"minecraft:grass_block":364,"luminousworld:decorative_red_2":4,"luminousworld:decorative_red_1":4,"furnitura:oak_chair":6,"minecraft:dark_oak_trapdoor":3,"minecraft:cobbled_deepslate":2,"minecraft:fire":9,"minecraft:barrel":10,"dynamictrees:rooty_grass_block":1,"minecraft:pumpkin":1,"minecraft:dark_oak_stairs":8,"supplementaries:stick":12,"minecraft:cave_vines":132,"minecraft:oak_sign":1,"minecraft:dirt_path":16,"minecraft:oak_stairs":66,"minecraft:pink_tulip":1,"minecraft:green_bed":1,"minecraft:clay":9,"minecraft:torch":9,"minecraft:note_block":1,"minecraft:jungle_stairs":17,"minecraft:poppy":3,"quark:jungle_bookshelf":5,"minecraft:dead_bush":2,"minecraft:glass":48,"minecraft:cobblestone":1,"minecraft:cyan_bed":1,"minecraft:sugar_cane":2,"minecraft:oak_planks":700,"minecraft:wall_torch":14,"minecraft:pink_petals":7,"minecraft:seagrass":2,"minecraft:dark_oak_slab":1,"ecologics:seashell":1,"minecraft:dark_oak_door":1,"minecraft:wheat":4,"dynamictrees:birch_leaves":4,"minecraft:grass":26,"quark:birch_chest":1,"minecraft:oak_log":231,"furnitura:oak_cabinet":1,"minecraft:sand":21,"minecraft:dirt":79,"mores:silver_ore":4,"luminousworld:grassvariant_3":4,"quark:glow_shroom_ring":1,"luminousworld:palm_log":16,"minecraft:oak_leaves":3,"luminousworld:savannah_ground":1,"luminousworld:groundpebbles_1":4,"luminousworld:grassvariant_4":11,"minecraft:oak_door":7,"minecraft:ladder":3,"minecraft:chiseled_bookshelf":2,"luminousworld:clovers_4":1,"minecraft:jungle_planks":5,"luminousworld:grassvariant_2":8,"luminousworld:whiteoakleaves":1,"minecraft:moss_block":1,"dynamictrees:oak_leaves":21,"luminousworld:sunset_petunias":2,"minecraft:oak_trapdoor":41,"minecraft:carrots":4,"minecraft:bookshelf":2,"minecraft:lantern":2,"minecraft:stripped_oak_log":23,"luminousworld:groundpebbles_2":3,"minecraft:stone":229,"minecraft:oak_slab":24,"luminousworld:savannah_soil":3,"minecraft:dandelion":2,"minecraft:oak_fence":9,"luminousworld:whitepetuniapot":1,"minecraft:crafting_table":3,"minecraft:rose_bush":3,"luminousworld:auburnlog":8,"minecraft:tall_grass":1,"luminousworld:whiteoaklog":9,"minecraft:birch_planks":4,"minecraft:lime_bed":8,"minecraft:coarse_dirt":1,"minecraft:white_wall_banner":1,"minecraft:flower_pot":3,"minecraft:gravel":5,"minecraft:cobweb":4,"supplementaries:wind_vane":1,"minecraft:birch_fence":13,"luminousworld:white_petunias":3}},"DataVersion":3465}