{"stats":{"minecraft:crafted":{"luminousworld:palmplank":52},"minecraft:killed_by":{"minecraft:player":1},"minecraft:used":{"minecraft:lime_bed":1,"minecraft:bread":4,"alexsmobs:animal_dictionary":3,"luminousworld:palm_log":1},"minecraft:custom":{"minecraft:time_since_rest":293,"minecraft:open_chest":4,"minecraft:play_time":26923,"minecraft:sprint_one_cm":50850,"minecraft:walk_one_cm":131236,"minecraft:damage_taken":734,"minecraft:deaths":2,"minecraft:walk_under_water_one_cm":2248,"minecraft:mob_kills":3,"minecraft:jump":192,"minecraft:damage_dealt":268,"minecraft:leave_game":1,"minecraft:time_since_death":0,"minecraft:walk_on_water_one_cm":22128,"minecraft:sleep_in_bed":2,"minecraft:climb_one_cm":1108,"minecraft:total_world_time":26923,"minecraft:interact_with_crafting_table":1,"minecraft:fall_one_cm":3535,"minecraft:fly_one_cm":24571},"minecraft:picked_up":{"born_in_chaos_v1:corpse_maggot":4,"minecraft:lime_bed":3,"minecraft:rotten_flesh":1,"luminousworld:palm_log":16,"alexsmobs:emu_feather":1},"minecraft:mined":{"minecraft:lime_bed":2,"luminousworld:palm_log":16},"minecraft:killed":{"born_in_chaos_v1:corpse_fly":3}},"DataVersion":3465}