{"stats":{"minecraft:used":{"minecraft:lime_bed":3,"minecraft:bread":6,"alexsmobs:animal_dictionary":3,"luminousworld:palm_log":1},"minecraft:killed":{"born_in_chaos_v1:corpse_fly":3},"minecraft:picked_up":{"born_in_chaos_v1:corpse_maggot":4,"minecraft:lime_bed":4,"minecraft:flower_pot":1,"minecraft:rotten_flesh":1,"luminousworld:palm_log":16,"alexsmobs:emu_feather":1,"minecraft:sand":4},"minecraft:custom":{"minecraft:time_since_rest":2551,"minecraft:open_chest":6,"minecraft:damage_taken":1379,"minecraft:sprint_one_cm":112015,"minecraft:play_time":40733,"minecraft:deaths":4,"minecraft:walk_one_cm":174499,"minecraft:walk_under_water_one_cm":4753,"minecraft:mob_kills":3,"minecraft:jump":344,"minecraft:damage_dealt":278,"minecraft:leave_game":2,"minecraft:time_since_death":4348,"minecraft:walk_on_water_one_cm":30746,"minecraft:sleep_in_bed":3,"minecraft:climb_one_cm":1108,"minecraft:total_world_time":40733,"minecraft:interact_with_crafting_table":1,"minecraft:fall_one_cm":8902,"minecraft:fly_one_cm":56196},"minecraft:crafted":{"luminousworld:palmplank":52},"minecraft:mined":{"minecraft:lime_bed":3,"luminousworld:palm_log":16},"minecraft:killed_by":{"minecraft:player":1}},"DataVersion":3465}