{"stats":{"minecraft:used":{"minecraft:lime_bed":2,"minecraft:bread":4,"alexsmobs:animal_dictionary":3,"luminousworld:palm_log":1},"minecraft:killed":{"born_in_chaos_v1:corpse_fly":3},"minecraft:picked_up":{"born_in_chaos_v1:corpse_maggot":4,"minecraft:lime_bed":4,"minecraft:rotten_flesh":1,"luminousworld:palm_log":16,"alexsmobs:emu_feather":1},"minecraft:custom":{"minecraft:time_since_rest":977,"minecraft:open_chest":6,"minecraft:damage_taken":1084,"minecraft:sprint_one_cm":53453,"minecraft:play_time":31563,"minecraft:deaths":3,"minecraft:walk_one_cm":144369,"minecraft:walk_under_water_one_cm":2248,"minecraft:mob_kills":3,"minecraft:jump":218,"minecraft:damage_dealt":268,"minecraft:leave_game":1,"minecraft:time_since_death":1248,"minecraft:walk_on_water_one_cm":22128,"minecraft:sleep_in_bed":2,"minecraft:climb_one_cm":1108,"minecraft:total_world_time":31563,"minecraft:interact_with_crafting_table":1,"minecraft:fall_one_cm":3535,"minecraft:fly_one_cm":24685},"minecraft:crafted":{"luminousworld:palmplank":52},"minecraft:mined":{"minecraft:lime_bed":3,"luminousworld:palm_log":16},"minecraft:killed_by":{"minecraft:player":1}},"DataVersion":3465}