{"stats":{"minecraft:killed_by":{"minecraft:player":1},"minecraft:picked_up":{"minecraft:birch_log":18,"born_in_chaos_v1:corpse_maggot":4,"luminousworld:groundpebbles_1":7,"minecraft:lime_bed":9,"minecraft:coarse_dirt":1,"luminousworld:savannah_ground":1,"luminousworld:palmplank":26,"minecraft:flower_pot":1,"minecraft:cooked_rabbit":5,"minecraft:oak_log":12,"minecraft:golden_boots":1,"minecraft:dirt":59,"minecraft:iron_axe":1,"minecraft:bone":1,"luminousworld:palm_log":16,"minecraft:wheat_seeds":1,"minecraft:gold_nugget":68,"alexsmobs:emu_feather":1,"dynamictrees:birch_seed":9,"dynamictrees:oak_seed":9,"minecraft:iron_pickaxe":1,"minecraft:oak_planks":1,"minecraft:stick":88,"luminousworld:auburnlog":7,"minecraft:torch":14,"minecraft:green_bed":1,"minecraft:gravel":2,"luminousworld:savannah_soil":3,"minecraft:sand":5,"minecraft:carrot":13,"alexsmobs:animal_dictionary":1,"minecraft:rotten_flesh":7,"luminousworld:auburn_sapling":2,"minecraft:bread":16,"minecraft:chainmail_helmet":1,"mores:raw_silver":4,"minecraft:cobblestone":195,"iceandfire:raw_silver":3},"minecraft:used":{"minecraft:green_bed":1,"minecraft:torch":7,"minecraft:crafting_table":1,"minecraft:lime_bed":8,"minecraft:carrot":7,"minecraft:flower_pot":1,"minecraft:iron_axe":70,"minecraft:bread":27,"minecraft:iron_pickaxe":245,"minecraft:furnace":1,"minecraft:cooked_rabbit":5,"alexsmobs:animal_dictionary":4,"luminousworld:palm_log":1},"minecraft:crafted":{"minecraft:crafting_table":1,"minecraft:furnace":1,"minecraft:bread":6,"minecraft:stick":16,"luminousworld:palmplank":52},"minecraft:custom":{"minecraft:interact_with_furnace":1,"minecraft:mob_kills":4,"minecraft:interact_with_crafting_table":12,"minecraft:leave_game":3,"minecraft:time_since_death":69742,"minecraft:sleep_in_bed":9,"minecraft:climb_one_cm":1319,"minecraft:time_since_rest":2928,"minecraft:sprint_one_cm":372882,"minecraft:damage_taken":3118,"minecraft:walk_one_cm":630804,"minecraft:drop":11,"minecraft:damage_dealt":663,"minecraft:swim_one_cm":946,"minecraft:fly_one_cm":149090,"minecraft:open_chest":7,"minecraft:play_time":127787,"tombstone:undead_killed":1,"minecraft:deaths":5,"minecraft:walk_under_water_one_cm":16937,"minecraft:boat_one_cm":159671,"minecraft:jump":1739,"minecraft:walk_on_water_one_cm":74679,"minecraft:total_world_time":127787,"minecraft:fall_one_cm":41097},"minecraft:mined":{"luminousworld:savannah_soil":3,"luminousworld:groundpebbles_1":1,"iceandfire:silver_ore":3,"luminousworld:grassvariant_4":2,"luminousworld:autumnleaves":19,"minecraft:grass_block":38,"minecraft:dead_bush":2,"luminousworld:auburnlog":7,"luminousworld:grassvariant_2":2,"minecraft:wall_torch":1,"dynamictrees:oak_leaves":3,"minecraft:lime_bed":8,"minecraft:coarse_dirt":1,"minecraft:grass":3,"iceandfire:gold_pile":12,"minecraft:dirt":26,"minecraft:gravel":5,"minecraft:sand":2,"mores:silver_ore":4,"luminousworld:groundpebbles_2":3,"luminousworld:palm_log":16,"minecraft:stone":224,"luminousworld:savannah_ground":1},"minecraft:killed":{"iceandfire:ghost":1,"born_in_chaos_v1:corpse_fly":3},"minecraft:dropped":{"minecraft:bread":8,"minecraft:rotten_flesh":3,"minecraft:lime_bed":1,"luminousworld:palmplank":66}},"DataVersion":3465}