{"stats":{"minecraft:used":{"minecraft:lime_bed":4,"minecraft:bread":16,"alexsmobs:animal_dictionary":3,"luminousworld:palm_log":1},"minecraft:killed":{"iceandfire:ghost":1,"born_in_chaos_v1:corpse_fly":3},"minecraft:picked_up":{"luminousworld:palmplank":26,"born_in_chaos_v1:corpse_maggot":4,"minecraft:lime_bed":5,"minecraft:bone":1,"minecraft:flower_pot":1,"minecraft:rotten_flesh":3,"luminousworld:palm_log":16,"alexsmobs:emu_feather":1,"minecraft:sand":5,"minecraft:chainmail_helmet":1,"minecraft:golden_boots":1},"minecraft:custom":{"minecraft:time_since_rest":1,"minecraft:open_chest":6,"tombstone:undead_killed":1,"minecraft:damage_taken":2342,"minecraft:play_time":59163,"minecraft:sprint_one_cm":210436,"minecraft:deaths":5,"minecraft:walk_one_cm":261093,"minecraft:walk_under_water_one_cm":12404,"minecraft:mob_kills":4,"minecraft:drop":3,"minecraft:jump":530,"minecraft:damage_dealt":388,"minecraft:leave_game":2,"minecraft:time_since_death":1118,"minecraft:walk_on_water_one_cm":40835,"minecraft:sleep_in_bed":4,"minecraft:climb_one_cm":1165,"minecraft:total_world_time":59163,"minecraft:interact_with_crafting_table":5,"minecraft:fall_one_cm":11918,"minecraft:fly_one_cm":88250},"minecraft:crafted":{"minecraft:bread":6,"luminousworld:palmplank":52},"minecraft:mined":{"minecraft:lime_bed":4,"minecraft:sand":2,"luminousworld:palm_log":16},"minecraft:dropped":{"minecraft:bread":3,"luminousworld:palmplank":26},"minecraft:killed_by":{"minecraft:player":1}},"DataVersion":3465}