{"stats":{"minecraft:crafted":{"luminousworld:palmplank":52},"minecraft:used":{"alexsmobs:animal_dictionary":3},"minecraft:custom":{"minecraft:jump":92,"minecraft:time_since_rest":9958,"minecraft:damage_dealt":10,"minecraft:walk_on_water_one_cm":17722,"minecraft:sprint_one_cm":36161,"minecraft:deaths":1,"minecraft:play_time":13805,"minecraft:damage_taken":315,"minecraft:time_since_death":10765,"minecraft:walk_one_cm":48556,"minecraft:total_world_time":13805,"minecraft:walk_under_water_one_cm":1259,"minecraft:interact_with_crafting_table":1,"minecraft:fall_one_cm":2417,"minecraft:fly_one_cm":18924},"minecraft:picked_up":{"luminousworld:palm_log":16,"minecraft:rotten_flesh":1,"alexsmobs:emu_feather":1},"minecraft:mined":{"luminousworld:palm_log":16}},"DataVersion":3465}