{"stats":{"minecraft:used":{"minecraft:flower_pot":1,"minecraft:bread":16,"minecraft:lime_bed":5,"alexsmobs:animal_dictionary":3,"luminousworld:palm_log":1},"minecraft:killed":{"iceandfire:ghost":1,"born_in_chaos_v1:corpse_fly":3},"minecraft:picked_up":{"minecraft:lime_bed":6,"born_in_chaos_v1:corpse_maggot":4,"luminousworld:palmplank":26,"minecraft:flower_pot":1,"minecraft:sand":5,"minecraft:golden_boots":1,"minecraft:bone":1,"minecraft:rotten_flesh":3,"luminousworld:palm_log":16,"alexsmobs:emu_feather":1,"minecraft:chainmail_helmet":1},"minecraft:custom":{"minecraft:time_since_rest":992,"minecraft:walk_one_cm":290798,"minecraft:sprint_one_cm":245732,"minecraft:damage_taken":2399,"minecraft:mob_kills":4,"minecraft:drop":3,"minecraft:damage_dealt":388,"minecraft:interact_with_crafting_table":5,"minecraft:fly_one_cm":107575,"minecraft:open_chest":6,"minecraft:play_time":71163,"tombstone:undead_killed":1,"minecraft:deaths":5,"minecraft:walk_under_water_one_cm":13531,"minecraft:boat_one_cm":119622,"minecraft:jump":741,"minecraft:leave_game":2,"minecraft:walk_on_water_one_cm":58450,"minecraft:time_since_death":13118,"minecraft:sleep_in_bed":5,"minecraft:total_world_time":71163,"minecraft:climb_one_cm":1165,"minecraft:fall_one_cm":16578},"minecraft:crafted":{"minecraft:bread":6,"luminousworld:palmplank":52},"minecraft:mined":{"minecraft:lime_bed":5,"minecraft:sand":2,"luminousworld:palm_log":16},"minecraft:dropped":{"minecraft:bread":3,"luminousworld:palmplank":26},"minecraft:killed_by":{"minecraft:player":1}},"DataVersion":3465}