{"stats":{"minecraft:used":{"minecraft:green_bed":1,"minecraft:torch":4,"minecraft:lime_bed":8,"minecraft:crafting_table":1,"minecraft:carrot":5,"minecraft:flower_pot":1,"minecraft:iron_axe":58,"minecraft:bread":27,"minecraft:iron_pickaxe":225,"minecraft:cooked_rabbit":5,"alexsmobs:animal_dictionary":4,"luminousworld:palm_log":1},"minecraft:killed":{"iceandfire:ghost":1,"born_in_chaos_v1:corpse_fly":3},"minecraft:picked_up":{"minecraft:birch_log":18,"luminousworld:groundpebbles_1":4,"born_in_chaos_v1:corpse_maggot":4,"minecraft:lime_bed":9,"minecraft:coarse_dirt":1,"luminousworld:savannah_ground":1,"luminousworld:palmplank":26,"minecraft:flower_pot":1,"minecraft:cooked_rabbit":5,"minecraft:oak_log":3,"minecraft:golden_boots":1,"minecraft:dirt":29,"minecraft:iron_axe":1,"minecraft:bone":1,"luminousworld:palm_log":16,"alexsmobs:emu_feather":1,"minecraft:gold_nugget":68,"dynamictrees:birch_seed":9,"dynamictrees:oak_seed":5,"minecraft:iron_pickaxe":1,"minecraft:oak_planks":1,"luminousworld:auburnlog":7,"minecraft:stick":55,"minecraft:torch":13,"minecraft:green_bed":1,"minecraft:gravel":2,"luminousworld:savannah_soil":3,"minecraft:sand":5,"minecraft:carrot":13,"alexsmobs:animal_dictionary":1,"minecraft:rotten_flesh":3,"luminousworld:auburn_sapling":2,"minecraft:chainmail_helmet":1,"minecraft:bread":16,"mores:raw_silver":4,"minecraft:cobblestone":180,"iceandfire:raw_silver":3},"minecraft:custom":{"minecraft:mob_kills":4,"minecraft:interact_with_crafting_table":10,"minecraft:leave_game":3,"minecraft:time_since_death":60822,"minecraft:sleep_in_bed":8,"minecraft:climb_one_cm":1319,"minecraft:time_since_rest":16489,"minecraft:sprint_one_cm":366403,"minecraft:damage_taken":3071,"minecraft:walk_one_cm":593021,"minecraft:drop":10,"minecraft:damage_dealt":473,"minecraft:swim_one_cm":946,"minecraft:fly_one_cm":148701,"minecraft:open_chest":7,"minecraft:play_time":118867,"tombstone:undead_killed":1,"minecraft:deaths":5,"minecraft:walk_under_water_one_cm":16824,"minecraft:boat_one_cm":159671,"minecraft:jump":1702,"minecraft:walk_on_water_one_cm":71458,"minecraft:total_world_time":118867,"minecraft:fall_one_cm":40888},"minecraft:crafted":{"minecraft:crafting_table":1,"minecraft:bread":6,"minecraft:stick":16,"luminousworld:palmplank":52},"minecraft:dropped":{"minecraft:bread":8,"minecraft:lime_bed":1,"luminousworld:palmplank":66},"minecraft:mined":{"luminousworld:groundpebbles_1":1,"luminousworld:savannah_soil":3,"iceandfire:silver_ore":3,"luminousworld:autumnleaves":19,"minecraft:grass_block":2,"minecraft:dead_bush":2,"luminousworld:auburnlog":7,"minecraft:wall_torch":1,"dynamictrees:oak_leaves":3,"minecraft:lime_bed":8,"minecraft:coarse_dirt":1,"iceandfire:gold_pile":12,"minecraft:gravel":5,"minecraft:sand":2,"minecraft:dirt":26,"mores:silver_ore":4,"luminousworld:groundpebbles_2":3,"luminousworld:palm_log":16,"minecraft:stone":205,"luminousworld:savannah_ground":1},"minecraft:killed_by":{"minecraft:player":1}},"DataVersion":3465}