{"stats":{"minecraft:used":{"minecraft:sand":16,"minecraft:spider_eye":1,"alexsmobs:animal_dictionary":2},"minecraft:killed":{"minecraft:husk":1,"undead_revamp2:theimmortal":1},"minecraft:picked_up":{"minecraft:cactus":2,"minecraft:bone":2,"born_in_chaos_v1:river_mint":2,"minecraft:rotten_flesh":2,"minecraft:green_bed":1,"minecraft:sand":1,"tombstone:magic_scroll":1},"minecraft:custom":{"minecraft:time_since_rest":3110,"minecraft:open_chest":5,"minecraft:crouch_one_cm":157,"minecraft:damage_taken":650,"minecraft:play_time":17257,"minecraft:sprint_one_cm":59776,"minecraft:deaths":2,"tombstone:undead_killed":2,"minecraft:walk_one_cm":56292,"minecraft:sneak_time":174,"minecraft:walk_under_water_one_cm":6147,"minecraft:mob_kills":2,"minecraft:drop":10,"minecraft:jump":599,"minecraft:damage_dealt":596,"minecraft:leave_game":1,"minecraft:time_since_death":4018,"minecraft:walk_on_water_one_cm":12970,"minecraft:climb_one_cm":840,"minecraft:total_world_time":17257,"minecraft:swim_one_cm":11914,"minecraft:interact_with_crafting_table":1,"minecraft:fall_one_cm":11065,"minecraft:fly_one_cm":176276},"minecraft:mined":{"minecraft:grass":1,"minecraft:sand":1,"born_in_chaos_v1:river_mint":1,"minecraft:green_bed":1},"minecraft:dropped":{"minecraft:rotten_flesh":9,"born_in_chaos_v1:river_mint":1}},"DataVersion":3465}