{"stats":{"minecraft:used":{"minecraft:oak_fence":17,"mores:cobalt_axe":93,"minecraft:stone_sword":62,"minecraft:stone_shovel":202,"dynamictrees:oak_seed":2,"minecraft:cooked_salmon":7,"minecraft:rotten_flesh":2,"minecraft:torch":85,"mores:cobalt_shovel":48,"minecraft:dirt":200,"minecraft:cut_copper":14,"minecraft:carrot":30,"naturalist:cooked_bass":12,"ecologics:prickly_pear":1,"minecraft:oak_fence_gate":2,"minecraft:dark_oak_planks":43,"minecraft:wooden_axe":10,"minecraft:birch_door":6,"born_in_chaos_v1:corpse_maggot":6,"alexsmobs:maggot":1,"minecraft:oak_stairs":27,"minecraft:mud_bricks":8,"minecraft:furnace":4,"mores:tin_shield":15,"undead_revamp2:arapholia":1,"tombstone:gift":5,"minecraft:cooked_beef":3,"luminousworld:palm_log":1,"luminousworld:clovers_1":1,"naturalist:bass":2,"alexsmobs:cooked_catfish":2,"minecraft:water_bucket":9,"minecraft:cobblestone_stairs":44,"minecraft:rabbit":5,"minecraft:birch_planks":4,"minecraft:stone_pickaxe":134,"minecraft:oak_planks":96,"minecraft:cactus":2,"minecraft:wooden_pickaxe":60,"minecraft:green_bed":20,"luminousworld:groundpebbles_1":1,"minecraft:salmon":3,"minecraft:glow_berries":15,"mores:cobalt_sword":302,"minecraft:sand":16,"minecraft:crafting_table":11,"minecraft:spider_eye":1,"luminousworld:cooked_bass":3,"minecraft:birch_fence":1,"minecraft:oak_log":173,"minecraft:chicken":2,"minecraft:bread":17,"alexsmobs:kangaroo_meat":1,"mores:cobalt_pickaxe":299,"minecraft:stone_axe":66,"luminousworld:palmplank":27,"minecraft:gravel":8,"iceandfire:ash":1,"minecraft:enchanted_book":3,"luminousworld:trout":2,"minecraft:wooden_sword":11,"minecraft:cobblestone":172,"born_in_chaos_v1:rotten_fish":1,"minecraft:porkchop":6,"minecraft:white_banner":1,"quark:oak_chest":8,"luminousworld:cooked_trout":6,"minecraft:glass_pane":27,"minecraft:bucket":10,"minecraft:birch_log":33,"minecraft:oak_boat":6,"alexsmobs:animal_dictionary":3},"minecraft:killed":{"earthmobsmod:duck":1,"undead_revamp2:theimmortal":1,"born_in_chaos_v1:zombie_lumberjack":1,"luminousworld:swallowtail":1,"illagerinvasion:marauder":1,"alexsmobs:tasmanian_devil":1,"enemyexpansion:direwolf":1,"luminousworld:yellow_swallowtail":1,"born_in_chaos_v1:maggot":2,"minecraft:skeleton":1,"naturalist:bass":15,"born_in_chaos_v1:skeleton_thrasher":1,"luminousworld:bass_fish":5,"undead_revamp2:therod":1,"born_in_chaos_v1:corpse_fish":3,"enemyexpansion:goblin":2,"alexsmobs:kangaroo":1,"minecraft:husk":1,"minecraft:pig":3,"minecraft:zombie_villager":1,"born_in_chaos_v1:baby_skeleton":1,"minecraft:salmon":14,"minecraft:rabbit":6,"undead_revamp2:the_moonflower":4,"luminousworld:trout_fish":7,"minecraft:creeper":1,"luminousworld:blue_monarch":1,"alexsmobs:catfish":4,"minecraft:pillager":1,"alexsmobs:terrapin":5,"born_in_chaos_v1:corpse_fly":6,"alexsmobs:fly":1,"alexsmobs:crow":1,"minecraft:cow":3,"enemyexpansion:slugger":2},"minecraft:picked_up":{"minecraft:mud_brick_slab":3,"minecraft:birch_door":3,"luminousworld:groundpebbles_1":2,"minecraft:waxed_oxidized_cut_copper":2,"minecraft:crafting_table":6,"minecraft:chicken":2,"iceandfire:copper_sword":1,"born_in_chaos_v1:river_mint":2,"minecraft:oak_stairs":1,"luminousworld:trout":8,"minecraft:enchanted_book":1,"minecraft:string":1,"minecraft:dark_oak_trapdoor":2,"minecraft:waxed_cut_copper_slab":3,"minecraft:wooden_sword":1,"minecraft:birch_fence":1,"luminousworld:palm_log":10,"dynamictrees:dark_oak_seed":4,"minecraft:gold_nugget":2,"minecraft:waxed_exposed_cut_copper":2,"minecraft:beef":5,"minecraft:oak_boat":5,"dynamictrees:oak_seed":73,"minecraft:furnace":2,"minecraft:stick":484,"luminousworld:blue_petunias":6,"minecraft:oak_fence":3,"minecraft:torch":48,"minecraft:green_bed":20,"minecraft:porkchop":7,"minecraft:cherry_log":2,"tombstone:grave_dust":4,"minecraft:carrot":26,"minecraft:rabbit_foot":1,"minecraft:dark_oak_planks":7,"mores:raw_tin":22,"minecraft:cactus":5,"minecraft:arrow":5,"minecraft:rotten_flesh":13,"luminousworld:soft_birch_log":1,"minecraft:cut_copper":1,"supplementaries:ash":11,"minecraft:waxed_cut_copper":2,"alexsmobs:kangaroo_meat":1,"undead_revamp2:arapholia":1,"minecraft:cobblestone":368,"minecraft:birch_log":68,"born_in_chaos_v1:corpse_maggot":9,"minecraft:lime_bed":2,"minecraft:mud_bricks":8,"minecraft:feather":3,"mores:tin_shield":1,"minecraft:salmon":13,"minecraft:leather":4,"mores:tin_leggings":1,"minecraft:packed_mud":1,"minecraft:flint":4,"minecraft:oak_log":241,"minecraft:gunpowder":2,"minecraft:cobblestone_stairs":1,"minecraft:dirt":203,"minecraft:white_banner":1,"minecraft:purple_carpet":1,"naturalist:bass":14,"minecraft:leather_boots":1,"minecraft:bone":9,"minecraft:gray_carpet":1,"minecraft:wheat_seeds":3,"minecraft:rabbit_hide":4,"minecraft:iron_ingot":1,"dynamictrees:birch_seed":17,"minecraft:rabbit":6,"minecraft:cyan_concrete":1,"minecraft:oak_planks":42,"minecraft:dark_oak_stairs":3,"minecraft:book":3,"luminousworld:bass_item":3,"minecraft:black_terracotta":8,"minecraft:dark_oak_slab":1,"luminousworld:clovers_1":7,"ecologics:prickly_pear":1,"iceandfire:copper_axe":1,"iceandfire:ash":1,"minecraft:gravel":37,"minecraft:sand":47,"quark:oak_chest":2,"minecraft:dark_oak_log":30,"luminousworld:whiteoaklog":1,"minecraft:mossy_cobblestone":10,"minecraft:dark_prismarine":6,"mores:tin_chestplate":1,"minecraft:iron_hoe":1,"alexsmobs:raw_catfish":2,"minecraft:dark_prismarine_slab":2,"minecraft:slime_ball":1,"minecraft:bone_meal":1,"minecraft:bread":17,"alexsmobs:maggot":2,"tombstone:magic_scroll":1,"born_in_chaos_v1:rotten_fish":3,"mores:raw_silver":9,"minecraft:coal":87,"iceandfire:raw_silver":2},"minecraft:custom":{"minecraft:mob_kills":101,"minecraft:interact_with_crafting_table":68,"minecraft:damage_dealt_resisted":1099,"minecraft:leave_game":4,"minecraft:time_since_death":2655,"minecraft:climb_one_cm":6661,"minecraft:sprint_one_cm":786274,"minecraft:walk_one_cm":935935,"minecraft:damage_blocked_by_shield":40,"minecraft:drop":48,"minecraft:play_time":295045,"minecraft:sneak_time":6850,"minecraft:deaths":16,"minecraft:walk_under_water_one_cm":79106,"minecraft:boat_one_cm":179900,"minecraft:jump":5140,"minecraft:total_world_time":295045,"minecraft:walk_on_water_one_cm":80846,"minecraft:interact_with_furnace":76,"tombstone:raider_killed":2,"minecraft:pot_flower":1,"minecraft:sleep_in_bed":24,"minecraft:time_since_rest":831,"minecraft:damage_taken":7919,"minecraft:damage_dealt":11818,"minecraft:player_kills":2,"minecraft:swim_one_cm":198546,"minecraft:fly_one_cm":1153976,"minecraft:open_chest":158,"minecraft:crouch_one_cm":28818,"tombstone:undead_killed":14,"minecraft:fall_one_cm":130845,"minecraft:horse_one_cm":2276},"minecraft:crafted":{"minecraft:wooden_sword":1,"minecraft:oak_planks":276,"minecraft:stone_shovel":2,"minecraft:leather_boots":1,"minecraft:furnace":2,"minecraft:cobblestone_stairs":48,"naturalist:cooked_bass":12,"minecraft:glass_pane":32,"minecraft:glass":32,"minecraft:iron_boots":1,"luminousworld:white_oak_plank":4,"minecraft:stone_pickaxe":2,"minecraft:birch_door":3,"alexsmobs:cooked_catfish":2,"minecraft:dark_oak_planks":120,"minecraft:oak_fence":24,"minecraft:cooked_rabbit":1,"luminousworld:palmplank":36,"minecraft:cooked_beef":5,"mores:cobalt_sword":1,"luminousworld:cooked_bass":3,"minecraft:crafting_table":6,"mores:cobalt_pickaxe":1,"minecraft:iron_helmet":1,"minecraft:wooden_pickaxe":1,"mores:cobalt_axe":1,"luminousworld:cooked_trout":6,"minecraft:cooked_salmon":10,"minecraft:bucket":1,"minecraft:birch_planks":12,"minecraft:stone_axe":1,"minecraft:air":0,"minecraft:oak_fence_gate":2,"minecraft:oak_boat":1,"minecraft:iron_chestplate":1,"minecraft:stick":8,"quark:oak_chest":6,"minecraft:oak_stairs":28,"minecraft:wooden_axe":2,"minecraft:stone_sword":1,"minecraft:torch":104,"mores:cobalt_shovel":1},"minecraft:dropped":{"minecraft:wheat_seeds":2,"minecraft:cooked_beef":2,"minecraft:mud_brick_slab":3,"dynamictrees:dark_oak_seed":4,"minecraft:dark_oak_slab":1,"minecraft:dark_prismarine_slab":2,"minecraft:book":3,"minecraft:coal":7,"minecraft:stick":64,"minecraft:packed_mud":1,"minecraft:dirt":1,"born_in_chaos_v1:river_mint":2,"minecraft:torch":24,"minecraft:cooked_salmon":3,"minecraft:white_wool":3,"minecraft:bone":1,"alexsmobs:maggot":1,"minecraft:stone_sword":1,"alexsmobs:animal_dictionary":1,"minecraft:stone_shovel":1,"born_in_chaos_v1:rotten_fish":2,"mores:bronze_horse_armor":1,"minecraft:black_terracotta":1,"minecraft:rotten_flesh":9,"minecraft:oak_planks":5,"minecraft:waxed_exposed_cut_copper":2,"minecraft:lime_bed":2,"minecraft:waxed_oxidized_cut_copper":1,"minecraft:stone_pickaxe":1,"minecraft:dark_prismarine":3},"minecraft:mined":{"minecraft:dark_oak_planks":8,"luminousworld:groundpebbles_1":1,"iceandfire:silver_ore":2,"minecraft:mossy_cobblestone":10,"luminousworld:grassvariant_4":5,"minecraft:black_terracotta":7,"minecraft:cobblestone_stairs":1,"luminousworld:blue_petunias":6,"minecraft:grass_block":171,"luminousworld:grassvariant_2":10,"minecraft:mud_bricks":10,"minecraft:spawner":1,"dynamictrees:oak_leaves":5,"minecraft:tall_seagrass":2,"minecraft:packed_mud":2,"minecraft:furnace":2,"minecraft:fire":29,"minecraft:bookshelf":1,"minecraft:cyan_concrete":1,"minecraft:oak_stairs":1,"minecraft:cut_copper":1,"luminousworld:clovers_3":1,"minecraft:stone":329,"minecraft:green_bed":21,"luminousworld:soft_birch_log":1,"minecraft:mud_brick_slab":1,"quark:oak_chest":2,"supplementaries:book_pile":1,"minecraft:oak_fence":3,"minecraft:cyan_stained_glass_pane":4,"minecraft:torch":7,"minecraft:crafting_table":8,"minecraft:dead_bush":5,"minecraft:cobblestone":9,"minecraft:oak_planks":10,"mores:tin_ore":8,"minecraft:wall_torch":14,"minecraft:spruce_stairs":1,"luminousworld:whiteoaklog":2,"minecraft:seagrass":1,"minecraft:lime_bed":2,"luminousworld:clovers_1":1,"minecraft:birch_log":33,"minecraft:birch_door":3,"born_in_chaos_v1:river_mint":1,"minecraft:grass":26,"minecraft:coal_ore":72,"minecraft:oak_log":32,"luminousworld:clovers_5":1,"minecraft:gravel":40,"minecraft:sand":47,"minecraft:dirt":30,"mores:silver_ore":11,"minecraft:gray_carpet":1,"luminousworld:grassvariant_3":10,"luminousworld:palm_log":10,"luminousworld:elephant_grass":1,"minecraft:deepslate":5,"minecraft:birch_fence":1},"minecraft:broken":{"aether:iron_gloves":1,"minecraft:wooden_pickaxe":1,"minecraft:stone_pickaxe":1,"minecraft:stone_axe":1,"minecraft:stone_shovel":1},"minecraft:killed_by":{"minecraft:player":1,"minecraft:skeleton":1}},"DataVersion":3465}