{"stats":{"minecraft:killed_by":{"minecraft:player":1,"minecraft:skeleton":1},"minecraft:picked_up":{"minecraft:wooden_axe":1,"minecraft:birch_door":3,"minecraft:chainmail_boots":1,"iceandfire:copper_sword":1,"minecraft:prismarine_shard":9,"mores:deepslate_cobalt_ore":3,"minecraft:diamond_sword":4,"minecraft:lead":3,"minecraft:oak_stairs":5,"minecraft:enchanted_book":19,"minecraft:golden_sword":1,"minecraft:string":24,"minecraft:dark_oak_trapdoor":2,"minecraft:pufferfish":1,"minecraft:beetroot":4,"minecraft:cobbled_deepslate":133,"dynamictrees:dark_oak_seed":9,"minecraft:gold_nugget":23,"minecraft:waxed_exposed_cut_copper":2,"minecraft:coal_block":3,"minecraft:green_bed":22,"iceandfire:silver_ore":1,"minecraft:cherry_log":2,"mores:topaz_gem":14,"minecraft:rabbit_foot":1,"mutantmonsters:mutant_skeleton_pelvis":1,"mores:raw_tin":44,"luminousworld:grassflowers":5,"minecraft:cyan_terracotta":1,"supplementaries:ash":23,"minecraft:waxed_cut_copper":2,"minecraft:iron_bars":5,"minecraft:birch_log":116,"minecraft:feather":3,"mores:silver_ore":2,"minecraft:dark_oak_boat":13,"minecraft:jungle_wood":11,"mores:tin_leggings":1,"minecraft:flint":7,"luminousworld:purple_petunias":1,"minecraft:lantern":4,"mores:cobalt_ore":7,"minecraft:purple_carpet":1,"undead_revamp2:blacpetalblock":2,"minecraft:rabbit":6,"epicsamurai:raw_silver":8,"luminousworld:bass_item":3,"ecologics:prickly_pear":1,"luminousworld:creepberries":1,"minecraft:dark_oak_log":30,"undead_revamp2:heavytooth":1,"cataclysm:lionfish":1,"minecraft:bundle":1,"quark:birch_ladder":2,"minecraft:iron_hoe":1,"minecraft:polished_andesite":1,"minecraft:deepslate":6,"luminousworld:yellowpetunias":1,"minecraft:granite":9,"minecraft:chainmail_helmet":1,"minecraft:bread":40,"alexsmobs:maggot":2,"epicsamurai:ruby":5,"born_in_chaos_v1:rotten_fish":4,"mores:raw_silver":19,"iceandfire:raw_silver":2,"luminousworld:groundpebbles_1":7,"minecraft:crafting_table":10,"luminousworld:trout":8,"epicsamurai:jade":13,"luminousworld:palm_log":10,"iceandfire:bestiary":1,"minecraft:beef":26,"born_in_chaos_v1:gnawed_bones":1,"minecraft:iron_nugget":28,"minecraft:copper_ore":2,"aether:iron_pendant":1,"minecraft:stone":150,"luminousworld:blue_petunias":6,"minecraft:oak_door":2,"minecraft:fire_charge":2,"born_in_chaos_v1:pieceofdarkmetal":4,"minecraft:carrot":476,"minecraft:redstone":70,"epicsamurai:deepslate_aquamarine_ore":3,"minecraft:beetroot_seeds":7,"minecraft:cut_copper":1,"minecraft:hay_block":11,"born_in_chaos_v1:spiny_shell":1,"tombstone:essence_of_undeath":1,"born_in_chaos_v1:dark_ritual_dagger":1,"minecraft:mutton":8,"minecraft:bone_block":36,"alexsmobs:kangaroo_meat":1,"minecraft:white_wool":4,"minecraft:lime_bed":2,"minecraft:mud_bricks":8,"iceandfire:sea_serpent_fang":18,"born_in_chaos_v1:monster_flesh":2,"luminousworld:ishstone":32,"minecraft:packed_mud":1,"minecraft:oak_log":381,"mowziesmobs:wrought_axe":2,"mutantmonsters:mutant_skeleton_limb":3,"minecraft:white_banner":2,"minecraft:kelp":13,"quark:glow_shroom":1,"minecraft:oak_fence_gate":3,"minecraft:iron_ore":7,"tombstone:bag_of_seeds":1,"minecraft:iron_sword":1,"minecraft:dark_oak_stairs":3,"iceandfire:copper_nugget":14,"minecraft:dark_oak_slab":1,"minecraft:gravel":80,"mores:ruby_gem":1,"mores:tin_chestplate":1,"minecraft:slime_ball":2,"mores:sapphire_gem":1,"mores:anthracite":3,"minecraft:painting":25,"minecraft:ender_pearl":1,"minecraft:wheat":101,"enemyexpansion:wasp_thorax":1,"minecraft:waxed_cut_copper_slab":3,"minecraft:raw_copper":4,"mutantmonsters:mutant_skeleton_skull":1,"minecraft:deepslate_lapis_ore":1,"minecraft:iron_leggings":3,"minecraft:smooth_stone_slab":3,"mores:tourmaline_gem":20,"minecraft:armor_stand":2,"minecraft:zombie_head":4,"minecraft:experience_bottle":2,"earthmobsmod:duck_egg":1,"minecraft:cobblestone_slab":3,"dynamictrees:oak_seed":126,"minecraft:iron_pickaxe":2,"minecraft:furnace":2,"minecraft:iron_boots":2,"minecraft:stick":922,"quark:glow_shroom_ring":1,"minecraft:oak_fence":7,"minecraft:torch":127,"minecraft:porkchop":19,"tombstone:grave_dust":12,"minecraft:diorite":8,"quark:ancient_tome":2,"minecraft:cactus":5,"minecraft:rotten_flesh":101,"luminousworld:soft_birch_log":1,"undead_revamp2:arapholia":3,"minecraft:cobblestone":722,"mores:tin_shield":1,"minecraft:andesite":40,"minecraft:tuff":46,"minecraft:lapis_lazuli":33,"minecraft:dirt":379,"minecraft:name_tag":1,"born_in_chaos_v1:monster_skin":3,"minecraft:leather_boots":1,"minecraft:bone":28,"minecraft:wheat_seeds":253,"minecraft:raw_gold":6,"minecraft:cyan_concrete":1,"minecraft:oak_planks":66,"minecraft:black_terracotta":8,"iceandfire:copper_axe":1,"minecraft:sand":59,"minecraft:jungle_planks":5,"mores:raw_cobalt":12,"minecraft:dead_bush":2,"minecraft:grass_block":2,"minecraft:mossy_cobblestone":10,"minecraft:dark_prismarine":6,"minecraft:dark_prismarine_slab":2,"minecraft:diamond":11,"mores:sapphire_battleaxe":1,"minecraft:bone_meal":5,"minecraft:emerald":10,"minecraft:netherrack":1,"iceandfire:silver_nugget":10,"minecraft:mud_brick_slab":3,"minecraft:charcoal":14,"minecraft:waxed_oxidized_cut_copper":2,"born_in_chaos_v1:diamond_termite_shard":1,"minecraft:ladder":1,"minecraft:chicken":2,"born_in_chaos_v1:river_mint":3,"minecraft:gold_block":2,"minecraft:chain":1,"minecraft:iron_axe":1,"minecraft:wooden_sword":1,"minecraft:birch_fence":1,"minecraft:oak_boat":8,"minecraft:light_gray_wool":1,"tombstone:tablet_of_assistance":1,"minecraft:raw_iron":78,"minecraft:cookie":10,"minecraft:dark_oak_planks":7,"minecraft:arrow":14,"alexscaves:spelunkery_table":1,"mutantmonsters:mutant_skeleton_rib":3,"minecraft:skeleton_skull":1,"born_in_chaos_v1:corpse_maggot":16,"epicsamurai:spirit_upgrade_smithing_template":1,"minecraft:salmon":18,"minecraft:leather":30,"minecraft:birch_planks":58,"minecraft:chainmail_chestplate":2,"minecraft:gunpowder":8,"minecraft:cobblestone_stairs":44,"naturalist:bass":20,"minecraft:gray_carpet":1,"mores:tourmaline_axe":2,"minecraft:rabbit_hide":4,"minecraft:iron_ingot":2,"dynamictrees:birch_seed":64,"minecraft:book":4,"epicsamurai:onyx":8,"minecraft:oak_slab":1,"luminousworld:clovers_1":25,"iceandfire:ash":1,"minecraft:amethyst_shard":30,"quark:oak_chest":6,"minecraft:spider_eye":2,"luminousworld:whiteoaklog":1,"alexsmobs:raw_catfish":5,"minecraft:iron_helmet":1,"tombstone:magic_scroll":2,"minecraft:coal":264,"minecraft:sunflower":2},"minecraft:used":{"mores:cobalt_axe":177,"minecraft:ladder":77,"minecraft:stone":7,"minecraft:rotten_flesh":5,"minecraft:cut_copper":20,"mores:tourmaline_axe":197,"naturalist:cooked_bass":18,"quark:birch_ladder":53,"minecraft:lava_bucket":16,"minecraft:grass_block":1,"minecraft:dark_oak_boat":14,"minecraft:furnace":5,"quark:glow_shroom_ring":1,"luminousworld:clovers_1":19,"minecraft:diorite":8,"minecraft:cactus":2,"minecraft:wooden_pickaxe":60,"minecraft:cookie":10,"minecraft:golden_apple":1,"mores:cobalt_sword":378,"minecraft:glow_berries":15,"minecraft:sand":34,"mutantmonsters:mutant_skeleton_skull":1,"minecraft:birch_fence":1,"earthmobsmod:duck_egg":1,"minecraft:zombie_head":3,"minecraft:pufferfish":1,"minecraft:diamond_sword":133,"minecraft:wooden_sword":11,"minecraft:birch_log":33,"minecraft:oak_boat":8,"minecraft:stone_sword":268,"minecraft:armor_stand":2,"tombstone:scroll_of_frost_resistance":1,"minecraft:cooked_salmon":10,"minecraft:netherrack":1,"minecraft:stick":21,"minecraft:torch":342,"minecraft:anvil":1,"minecraft:oak_fence_gate":5,"mores:tin_sword":120,"minecraft:iron_axe":173,"minecraft:mud_bricks":8,"mores:tin_shield":16,"tombstone:gift":8,"undead_revamp2:arapholia":3,"minecraft:cobbled_deepslate":67,"naturalist:bass":2,"minecraft:wheat_seeds":53,"minecraft:water_bucket":169,"alexsmobs:cooked_catfish":5,"minecraft:rabbit":5,"minecraft:birch_planks":92,"minecraft:bundle":3,"minecraft:salmon":5,"minecraft:mossy_cobblestone":10,"minecraft:oak_slab":18,"minecraft:crafting_table":16,"minecraft:birch_sign":3,"minecraft:campfire":23,"minecraft:white_bed":1,"mowziesmobs:wrought_axe":26,"luminousworld:cooked_bass":3,"minecraft:oak_log":173,"tombstone:tablet_of_assistance":10,"minecraft:iron_pickaxe":609,"alexsmobs:kangaroo_meat":1,"tombstone:magic_scroll":1,"minecraft:enchanted_book":22,"minecraft:cobblestone":349,"minecraft:cooked_porkchop":12,"minecraft:porkchop":6,"minecraft:glass_pane":39,"quark:oak_chest":24,"quark:ancient_tome":3,"minecraft:oak_sign":6,"mores:tin_pickaxe":100,"minecraft:shield":20,"minecraft:iron_sword":415,"minecraft:iron_chestplate":2,"mores:cobalt_shovel":300,"minecraft:jungle_planks":40,"minecraft:carrot":157,"ecologics:prickly_pear":1,"minecraft:tuff":6,"born_in_chaos_v1:corpse_maggot":6,"quark:deepslate_furnace":3,"minecraft:lantern":13,"minecraft:beetroot_seeds":2,"minecraft:skeleton_skull":1,"minecraft:stone_pickaxe":259,"minecraft:oak_planks":281,"luminousworld:groundpebbles_1":5,"luminousworld:creepberries":1,"minecraft:black_terracotta":7,"minecraft:bread":56,"minecraft:gravel":34,"luminousworld:palmplank":27,"born_in_chaos_v1:rotten_fish":1,"luminousworld:cooked_trout":6,"minecraft:cooked_rabbit":1,"minecraft:chain":1,"minecraft:smooth_stone_slab":1,"minecraft:bone_meal":208,"minecraft:oak_fence":52,"minecraft:stone_shovel":202,"undead_revamp2:blacpetalblock":2,"dynamictrees:oak_seed":2,"minecraft:oak_door":3,"minecraft:dirt":262,"luminousworld:grassflowers":3,"minecraft:granite":1,"minecraft:birch_door":6,"minecraft:iron_hoe":53,"minecraft:wooden_axe":18,"minecraft:dark_oak_planks":61,"alexsmobs:maggot":1,"minecraft:waxed_cut_copper":2,"minecraft:oak_stairs":107,"alexscaves:spelunkery_table":1,"minecraft:golden_carrot":46,"minecraft:cooked_beef":24,"luminousworld:palm_log":1,"minecraft:cooked_mutton":8,"tombstone:scroll_of_knowledge":1,"minecraft:cobblestone_stairs":133,"minecraft:green_bed":22,"minecraft:cobblestone_slab":7,"minecraft:jungle_wood":1,"minecraft:spider_eye":1,"minecraft:painting":23,"tombstone:bag_of_seeds":4,"minecraft:chicken":2,"mores:cobalt_pickaxe":697,"iceandfire:ash":1,"minecraft:stone_axe":66,"luminousworld:trout":2,"minecraft:white_banner":2,"minecraft:bucket":185,"mores:tin_battleaxe":24,"alexsmobs:animal_dictionary":3},"minecraft:custom":{"minecraft:interact_with_crafting_table":192,"minecraft:open_barrel":18,"minecraft:bell_ring":3,"minecraft:leave_game":7,"minecraft:time_since_death":19812,"minecraft:damage_blocked_by_shield":675,"minecraft:play_time":781827,"minecraft:deaths":21,"minecraft:jump":11285,"minecraft:interact_with_furnace":248,"minecraft:traded_with_villager":3,"minecraft:sleep_in_bed":41,"minecraft:damage_dealt":47710,"tombstone:undead_killed":98,"minecraft:horse_one_cm":2276,"minecraft:interact_with_anvil":27,"minecraft:damage_dealt_absorbed":85,"minecraft:sneak_time":25528,"minecraft:interact_with_blast_furnace":3,"minecraft:total_world_time":781827,"tombstone:raider_killed":2,"minecraft:tune_noteblock":173,"minecraft:interact_with_stonecutter":1,"minecraft:time_since_rest":18863,"tombstone:cast_on_ally":3,"minecraft:swim_one_cm":411208,"minecraft:fly_one_cm":2667061,"minecraft:open_chest":711,"minecraft:fall_one_cm":246825,"minecraft:sprint_one_cm":1952244,"minecraft:drop":248,"minecraft:talked_to_villager":14,"minecraft:walk_on_water_one_cm":242363,"minecraft:interact_with_loom":16,"minecraft:player_kills":3,"minecraft:crouch_one_cm":85036,"minecraft:mob_kills":295,"minecraft:damage_dealt_resisted":5034,"minecraft:climb_one_cm":93372,"minecraft:walk_one_cm":2347840,"minecraft:walk_under_water_one_cm":275814,"minecraft:boat_one_cm":740723,"minecraft:pot_flower":1,"minecraft:damage_taken":19203,"minecraft:damage_absorbed":40},"minecraft:crafted":{"epicsamurai:silver_ingot":4,"minecraft:oak_sign":6,"quark:deepslate_furnace":3,"naturalist:cooked_bass":18,"minecraft:cooked_mutton":8,"minecraft:glass":32,"mores:tin_ingot":22,"mores:tourmaline_axe":1,"minecraft:birch_door":3,"alexsmobs:cooked_catfish":5,"minecraft:cooked_rabbit":1,"luminousworld:palmplank":36,"minecraft:emerald":3,"minecraft:cooked_porkchop":12,"minecraft:copper_ingot":2,"minecraft:campfire":23,"quark:oak_chest":18,"minecraft:iron_pickaxe":2,"minecraft:iron_block":3,"minecraft:gold_ingot":37,"minecraft:golden_carrot":60,"hangglider:glider_framework":1,"minecraft:stone_shovel":2,"minecraft:iron_nugget":63,"minecraft:bone_meal":365,"hangglider:glider_wing":2,"minecraft:lantern":9,"minecraft:ladder":120,"luminousworld:white_oak_plank":4,"minecraft:stone_pickaxe":3,"minecraft:diamond_boots":1,"minecraft:dark_oak_planks":120,"minecraft:wheat":99,"mores:cobalt_sword":1,"mores:cobalt_axe":1,"luminousworld:cooked_trout":6,"minecraft:oak_fence_gate":2,"minecraft:wooden_axe":2,"minecraft:oak_stairs":104,"minecraft:white_bed":1,"minecraft:oak_planks":848,"minecraft:cobblestone_slab":6,"minecraft:dark_oak_boat":1,"hangglider:hang_glider":1,"quark:birch_ladder":52,"minecraft:cobblestone_stairs":104,"minecraft:stone":13,"minecraft:iron_boots":1,"iceandfire:armor_silver_metal_leggings":1,"minecraft:oak_fence":48,"mores:silver_ingot":11,"minecraft:oak_slab":24,"luminousworld:cooked_bass":3,"minecraft:crafting_table":8,"mores:cobalt_pickaxe":2,"minecraft:wooden_pickaxe":1,"minecraft:iron_helmet":1,"minecraft:birch_planks":60,"minecraft:iron_chestplate":1,"minecraft:shield":1,"minecraft:stick":124,"minecraft:iron_ingot":86,"minecraft:stone_sword":3,"minecraft:wooden_sword":1,"minecraft:oak_door":3,"mores:tin_pickaxe":1,"minecraft:coal":27,"minecraft:leather_boots":1,"minecraft:furnace":3,"minecraft:glass_pane":48,"minecraft:leather":6,"minecraft:iron_axe":1,"born_in_chaos_v1:fried_maggot":8,"minecraft:birch_sign":3,"aether:iron_pendant":1,"minecraft:cooked_beef":26,"minecraft:diamond_sword":1,"iceandfire:silver_ingot":3,"mores:cobalt_ingot":12,"minecraft:iron_sword":2,"minecraft:cooked_salmon":12,"minecraft:bucket":2,"minecraft:stone_axe":1,"minecraft:bread":65,"minecraft:air":0,"minecraft:jungle_planks":40,"minecraft:oak_boat":1,"mores:tin_sword":1,"minecraft:gold_nugget":522,"minecraft:anvil":1,"minecraft:torch":276,"mores:cobalt_shovel":1,"minecraft:lapis_lazuli":1,"minecraft:diamond_chestplate":1},"minecraft:mined":{"minecraft:dark_oak_planks":8,"minecraft:black_terracotta":7,"iceandfire:copper_pile":2,"minecraft:jungle_leaves":1,"minecraft:granite":21,"minecraft:coal_block":3,"minecraft:spawner":5,"minecraft:tall_seagrass":3,"epicsamurai:deepslate_jade_ore":13,"mores:deepslate_tourmaline_ore":20,"minecraft:mossy_cobblestone_stairs":1,"minecraft:fire":37,"minecraft:deepslate_lapis_ore":5,"mores:deepslate_sapphire_ore":1,"iceandfire:gold_pile":3,"minecraft:oak_stairs":5,"minecraft:white_banner":1,"dynamictrees:jungle_leaves":16,"minecraft:kelp_plant":3,"mores:deepslate_anthracite_ore":3,"born_in_chaos_v1:infected_deepslate_diamond_ore":1,"minecraft:torch":26,"minecraft:dead_bush":5,"minecraft:jungle_wood":11,"minecraft:wheat":98,"minecraft:birch_door":3,"minecraft:grass":54,"minecraft:oak_fence_gate":3,"mores:silver_ore":13,"luminousworld:grassvariant_3":17,"luminousworld:palm_log":10,"minecraft:deepslate":150,"iceandfire:silver_ore":3,"minecraft:mossy_cobblestone":10,"minecraft:jungle_planks":5,"luminousworld:grassvariant_2":18,"minecraft:kelp":3,"dynamictrees:oak_leaves":5,"minecraft:packed_mud":2,"dynamictrees:oak_undergrowth_leaves":11,"minecraft:andesite":39,"mores:deepslate_cobalt_ore":10,"minecraft:cyan_concrete":1,"minecraft:cobblestone_slab":3,"minecraft:cut_copper":1,"luminousworld:clovers_3":8,"minecraft:bone_block":13,"minecraft:mud_brick_slab":1,"minecraft:oak_slab":1,"quark:oak_chest":6,"minecraft:emerald_ore":2,"minecraft:campfire":7,"undead_revamp2:blacpetalblock":1,"minecraft:copper_ore":4,"luminousworld:grassflowers":5,"minecraft:tall_grass":4,"minecraft:deepslate_gold_ore":6,"minecraft:diorite":7,"mores:tin_ore":14,"luminousworld:whiteoaklog":2,"minecraft:coarse_dirt":1,"mores:deepslate_tin_ore":1,"luminousworld:clovers_5":4,"iceandfire:silver_pile":3,"luminousworld:ishstone":33,"minecraft:zombie_head":4,"minecraft:sunflower":4,"minecraft:gravel":91,"minecraft:cobweb":16,"mores:deepslate_silver_ore":10,"luminousworld:elephant_grass":1,"undead_revamp2:arapholia":2,"minecraft:cobblestone_stairs":45,"minecraft:grass_block":311,"minecraft:mud_bricks":10,"minecraft:iron_ore":58,"supplementaries:stick":4,"minecraft:iron_bars":5,"epicsamurai:deepslate_silver_ore":8,"dynamictrees:jungle_undergrowth_leaves":20,"minecraft:green_bed":23,"luminousworld:creepbush":1,"minecraft:deepslate_redstone_ore":16,"minecraft:cyan_terracotta":1,"luminousworld:purple_petunias":1,"supplementaries:book_pile":7,"minecraft:cobblestone":56,"minecraft:oak_planks":31,"minecraft:wall_torch":65,"minecraft:seagrass":1,"luminousworld:clovers_1":4,"minecraft:birch_log":33,"born_in_chaos_v1:river_mint":1,"quark:glow_shroom":1,"minecraft:smooth_stone_slab":3,"quark:birch_ladder":2,"minecraft:oak_log":45,"minecraft:beetroots":2,"minecraft:sand":51,"minecraft:dirt":75,"quark:glow_shroom_ring":1,"minecraft:netherrack":1,"mores:deepslate_topaz_ore":14,"alexscaves:spelunkery_table":1,"luminousworld:groundpebbles_1":1,"minecraft:tuff":46,"minecraft:deepslate_diamond_ore":11,"luminousworld:grassvariant_4":11,"minecraft:oak_door":1,"luminousworld:blue_petunias":6,"minecraft:ladder":1,"epicsamurai:deepslate_ruby_ore":5,"luminousworld:clovers_4":3,"luminousworld:clovers_2":5,"minecraft:hay_block":11,"epicsamurai:onyx_ore":8,"minecraft:furnace":2,"minecraft:carrots":85,"minecraft:gold_block":2,"minecraft:bookshelf":1,"minecraft:deepslate_iron_ore":23,"minecraft:lantern":4,"minecraft:stone":695,"luminousworld:soft_birch_log":1,"mores:cobalt_ore":12,"epicsamurai:deepslate_aquamarine_ore":3,"minecraft:oak_fence":7,"minecraft:crafting_table":12,"minecraft:cyan_stained_glass_pane":4,"supplementaries:urn":3,"minecraft:spruce_stairs":1,"minecraft:birch_planks":59,"minecraft:lime_bed":2,"mores:deepslate_ruby_ore":1,"minecraft:coal_ore":191,"minecraft:gray_carpet":1,"minecraft:polished_andesite":1,"minecraft:birch_fence":1},"minecraft:killed":{"earthmobsmod:duck":1,"minecraft:cave_spider":2,"born_in_chaos_v1:restless_spirit":1,"born_in_chaos_v1:zombie_lumberjack":1,"enemyexpansion:equestrian":1,"minecraft:skeleton":9,"minecraft:guardian":1,"born_in_chaos_v1:skeleton_thrasher":1,"luminousworld:bass_fish":5,"minecraft:salmon":21,"undead_revamp2:theheavy":1,"mutantmonsters:mutant_skeleton":1,"luminousworld:trout_fish":7,"minecraft:pillager":1,"enemyexpansion:meature":3,"minecraft:zombie":49,"born_in_chaos_v1:corpse_fly":6,"enemyexpansion:botfly":18,"born_in_chaos_v1:door_knight":1,"iceandfire:sea_serpent":1,"minecraft:cow":15,"undead_revamp2:thehunter":1,"undead_revamp2:theimmortal":1,"illagerinvasion:marauder":1,"luminousworld:yellow_swallowtail":2,"born_in_chaos_v1:barrel_zombie":1,"cataclysm:deepling_angler":1,"minecraft:husk":1,"minecraft:rabbit":6,"undead_revamp2:the_moonflower":13,"born_in_chaos_v1:decrepit_skeleton":4,"alexsmobs:catfish":6,"minecraft:enderman":1,"minecraft:spider":1,"undead_revamp2:thesmoker":1,"undead_revamp2:therod":1,"alexsmobs:kangaroo":1,"minecraft:pig":9,"minecraft:zombie_villager":1,"born_in_chaos_v1:diamond_termite":1,"undead_revamp2:thebeartamer":1,"minecraft:creeper":3,"luminousworld:blue_monarch":1,"minecraft:sheep":5,"born_in_chaos_v1:zombie_fisherman":1,"born_in_chaos_v1:dread_hound":3,"alexsmobs:terrapin":7,"alexsmobs:fly":1,"enemyexpansion:wasp":1,"luminousworld:swallowtail":2,"luminousworld:sunken_skeleton":1,"alexsmobs:tasmanian_devil":1,"enemyexpansion:direwolf":8,"born_in_chaos_v1:maggot":14,"naturalist:bass":21,"cataclysm:lionfish":1,"minecraft:drowned":1,"born_in_chaos_v1:corpse_fish":3,"enemyexpansion:goblin":2,"born_in_chaos_v1:fallen_chaos_knight":1,"luminousworld:spring_azure":1,"born_in_chaos_v1:baby_skeleton":1,"naturalist:butterfly":1,"alexsmobs:crow":1,"enemyexpansion:slugger":2},"minecraft:broken":{"minecraft:iron_chestplate":1,"minecraft:iron_sword":1,"mores:tin_sword":1,"minecraft:stone_sword":1,"aether:iron_gloves":1,"minecraft:chainmail_helmet":1,"minecraft:wooden_pickaxe":1,"minecraft:shield":1,"mores:cobalt_pickaxe":2,"minecraft:iron_axe":1,"minecraft:iron_pickaxe":2,"minecraft:iron_helmet":1,"mores:tin_leggings":1,"minecraft:golden_helmet":1,"mores:cobalt_sword":1,"minecraft:stone_pickaxe":2,"minecraft:stone_axe":1,"minecraft:stone_shovel":1,"mores:cobalt_axe":1,"mores:tin_pickaxe":1},"minecraft:dropped":{"minecraft:cooked_beef":2,"minecraft:mud_brick_slab":3,"born_in_chaos_v1:fried_maggot":3,"minecraft:crafting_table":1,"minecraft:dark_oak_slab":1,"tombstone:tablet_of_assistance":2,"born_in_chaos_v1:dark_ritual_dagger":1,"minecraft:emerald":8,"born_in_chaos_v1:monster_flesh":2,"minecraft:dirt":26,"minecraft:packed_mud":1,"minecraft:dark_oak_trapdoor":2,"minecraft:gold_nugget":3,"minecraft:bone_meal":34,"minecraft:sunflower":2,"minecraft:sand":2,"minecraft:iron_pickaxe":1,"minecraft:white_wool":3,"luminousworld:clovers_1":6,"minecraft:bone":8,"minecraft:waxed_cut_copper_slab":3,"minecraft:oak_door":2,"minecraft:golden_chestplate":1,"alexsmobs:animal_dictionary":1,"minecraft:wheat":3,"undead_revamp2:arapholia":1,"minecraft:rotten_flesh":97,"minecraft:oak_planks":5,"minecraft:golden_shovel":1,"minecraft:rabbit_foot":1,"minecraft:lime_bed":2,"luminousworld:grassflowers":1,"iceandfire:bestiary":1,"minecraft:painting":2,"minecraft:enchanted_book":2,"minecraft:iron_ingot":1,"minecraft:wheat_seeds":187,"luminousworld:ishstone":1,"dynamictrees:birch_seed":64,"minecraft:cobblestone":1,"minecraft:feather":3,"minecraft:dark_prismarine_slab":2,"minecraft:book":4,"mores:sapphire_battleaxe":1,"minecraft:granite":2,"minecraft:coal":8,"minecraft:polished_andesite":1,"born_in_chaos_v1:gnawed_bones":1,"epicsamurai:spirit_upgrade_smithing_template":1,"iceandfire:copper_nugget":14,"minecraft:wooden_axe":2,"minecraft:cooked_salmon":3,"enemyexpansion:wasp_thorax":1,"minecraft:dead_bush":2,"minecraft:string":15,"minecraft:gray_carpet":1,"minecraft:stone_sword":1,"minecraft:smooth_stone_slab":2,"minecraft:experience_bottle":1,"minecraft:stone_shovel":1,"born_in_chaos_v1:rotten_fish":3,"mores:bronze_horse_armor":1,"iceandfire:copper_axe":1,"minecraft:cobblestone_slab":2,"minecraft:spider_eye":2,"luminousworld:blue_petunias":6,"minecraft:dark_prismarine":3,"mutantmonsters:mutant_skeleton_rib":3,"mores:tin_shield":1,"quark:glow_shroom":1,"luminousworld:yellowpetunias":1,"cataclysm:lionfish":1,"mores:tourmaline_axe":1,"minecraft:leather":13,"minecraft:music_disc_13":1,"minecraft:flint":3,"minecraft:cyan_terracotta":1,"aether:iron_pendant":1,"minecraft:amethyst_shard":20,"minecraft:gravel":1,"dynamictrees:oak_seed":119,"minecraft:black_terracotta":1,"minecraft:chainmail_chestplate":1,"minecraft:leather_chestplate":1,"supplementaries:ash":24,"minecraft:gunpowder":5,"born_in_chaos_v1:corpse_maggot":2,"minecraft:beetroot_seeds":2,"minecraft:iron_bars":5,"minecraft:arrow":11,"minecraft:purple_carpet":1,"minecraft:bread":23,"dynamictrees:dark_oak_seed":9,"minecraft:prismarine_shard":6,"minecraft:stick":540,"born_in_chaos_v1:river_mint":3,"minecraft:torch":56,"minecraft:zombie_head":1,"minecraft:fire_charge":2,"minecraft:iron_leggings":2,"minecraft:kelp":12,"alexsmobs:maggot":1,"minecraft:raw_copper":4,"minecraft:tuff":7,"minecraft:waxed_exposed_cut_copper":2,"iceandfire:copper_sword":1,"aether:iron_gloves":1,"luminousworld:groundpebbles_1":2,"minecraft:andesite":13,"minecraft:waxed_oxidized_cut_copper":2,"minecraft:golden_sword":2,"minecraft:stone_pickaxe":1,"luminousworld:purple_petunias":1}},"DataVersion":3465}