{"stats":{"minecraft:picked_up":{"minecraft:birch_log":28,"luminousworld:groundpebbles_1":1,"minecraft:lime_bed":2,"minecraft:crafting_table":3,"minecraft:feather":1,"minecraft:chicken":1,"born_in_chaos_v1:river_mint":2,"minecraft:leather":4,"minecraft:flint":4,"minecraft:oak_log":33,"minecraft:dirt":64,"minecraft:string":1,"minecraft:wooden_sword":1,"naturalist:bass":1,"minecraft:bone":2,"minecraft:birch_fence":1,"luminousworld:palm_log":10,"minecraft:wheat_seeds":2,"minecraft:gold_nugget":2,"minecraft:rabbit_hide":3,"minecraft:beef":5,"dynamictrees:birch_seed":14,"minecraft:oak_boat":1,"dynamictrees:oak_seed":8,"minecraft:rabbit":5,"minecraft:cyan_concrete":1,"minecraft:oak_planks":33,"minecraft:stick":79,"luminousworld:clovers_1":3,"luminousworld:blue_petunias":6,"ecologics:prickly_pear":1,"minecraft:oak_fence":2,"minecraft:torch":3,"minecraft:green_bed":19,"minecraft:gravel":37,"minecraft:porkchop":7,"minecraft:sand":1,"tombstone:grave_dust":2,"minecraft:mossy_cobblestone":10,"minecraft:cactus":5,"minecraft:rotten_flesh":6,"minecraft:bread":17,"alexsmobs:maggot":2,"tombstone:magic_scroll":1,"minecraft:coal":32,"alexsmobs:kangaroo_meat":1,"iceandfire:raw_silver":1,"minecraft:cobblestone":89},"minecraft:used":{"naturalist:bass":1,"minecraft:stone_sword":51,"minecraft:rabbit":5,"minecraft:stone_pickaxe":75,"minecraft:stone_shovel":91,"minecraft:oak_planks":15,"minecraft:cactus":2,"minecraft:wooden_pickaxe":60,"dynamictrees:oak_seed":2,"luminousworld:groundpebbles_1":1,"minecraft:green_bed":19,"minecraft:torch":6,"minecraft:dirt":55,"minecraft:sand":16,"minecraft:crafting_table":5,"minecraft:spider_eye":1,"ecologics:prickly_pear":1,"minecraft:birch_fence":1,"alexsmobs:maggot":1,"minecraft:wooden_axe":10,"minecraft:bread":8,"alexsmobs:kangaroo_meat":1,"minecraft:gravel":8,"luminousworld:palmplank":27,"minecraft:stone_axe":9,"minecraft:wooden_sword":11,"minecraft:cobblestone":8,"minecraft:porkchop":6,"minecraft:furnace":1,"tombstone:gift":2,"quark:oak_chest":4,"luminousworld:palm_log":1,"minecraft:cooked_beef":1,"minecraft:oak_boat":1,"alexsmobs:animal_dictionary":3,"luminousworld:clovers_1":1},"minecraft:custom":{"minecraft:interact_with_furnace":11,"minecraft:mob_kills":22,"minecraft:interact_with_crafting_table":23,"minecraft:pot_flower":1,"minecraft:damage_dealt_resisted":17,"minecraft:leave_game":2,"minecraft:time_since_death":53451,"minecraft:sleep_in_bed":7,"minecraft:climb_one_cm":2746,"minecraft:time_since_rest":5634,"minecraft:damage_taken":3185,"minecraft:sprint_one_cm":311243,"minecraft:walk_one_cm":352765,"minecraft:drop":27,"minecraft:damage_dealt":2418,"minecraft:swim_one_cm":49715,"minecraft:player_kills":1,"minecraft:fly_one_cm":620872,"minecraft:open_chest":30,"minecraft:play_time":95848,"minecraft:crouch_one_cm":5335,"tombstone:undead_killed":3,"minecraft:deaths":10,"minecraft:sneak_time":1684,"minecraft:walk_under_water_one_cm":17424,"minecraft:boat_one_cm":121555,"minecraft:jump":2672,"minecraft:total_world_time":95848,"minecraft:walk_on_water_one_cm":35873,"minecraft:fall_one_cm":67814,"minecraft:horse_one_cm":2276},"minecraft:crafted":{"minecraft:cooked_beef":5,"minecraft:wooden_sword":1,"minecraft:oak_planks":104,"minecraft:stone_shovel":1,"minecraft:leather_boots":1,"minecraft:crafting_table":2,"minecraft:wooden_pickaxe":1,"minecraft:furnace":1,"minecraft:stone_axe":1,"minecraft:air":0,"minecraft:oak_boat":1,"minecraft:stick":8,"quark:oak_chest":4,"minecraft:stone_pickaxe":1,"minecraft:wooden_axe":2,"minecraft:stone_sword":1,"minecraft:torch":28,"luminousworld:palmplank":36},"minecraft:mined":{"luminousworld:groundpebbles_1":1,"iceandfire:silver_ore":1,"minecraft:mossy_cobblestone":10,"luminousworld:grassvariant_4":4,"luminousworld:blue_petunias":6,"minecraft:oak_fence":2,"minecraft:crafting_table":4,"minecraft:torch":2,"minecraft:grass_block":64,"minecraft:dead_bush":5,"luminousworld:grassvariant_2":6,"minecraft:cobblestone":2,"minecraft:oak_planks":1,"minecraft:wall_torch":1,"minecraft:spruce_stairs":1,"dynamictrees:oak_leaves":2,"minecraft:lime_bed":2,"luminousworld:clovers_1":1,"born_in_chaos_v1:river_mint":1,"minecraft:grass":21,"minecraft:oak_log":5,"minecraft:coal_ore":32,"minecraft:cyan_concrete":1,"minecraft:gravel":40,"minecraft:sand":1,"luminousworld:grassvariant_3":8,"luminousworld:palm_log":10,"minecraft:stone":68,"luminousworld:elephant_grass":1,"minecraft:birch_fence":1,"minecraft:green_bed":20},"minecraft:killed":{"earthmobsmod:duck":1,"minecraft:husk":1,"minecraft:pig":3,"undead_revamp2:theimmortal":1,"minecraft:zombie_villager":1,"minecraft:rabbit":5,"alexsmobs:tasmanian_devil":1,"luminousworld:yellow_swallowtail":1,"naturalist:bass":1,"luminousworld:bass_fish":2,"alexsmobs:fly":1,"alexsmobs:kangaroo":1,"minecraft:cow":3},"minecraft:broken":{"minecraft:wooden_pickaxe":1},"minecraft:dropped":{"alexsmobs:maggot":1,"minecraft:wheat_seeds":2,"alexsmobs:animal_dictionary":1,"mores:bronze_horse_armor":1,"minecraft:rotten_flesh":9,"minecraft:oak_planks":5,"minecraft:coal":7,"minecraft:lime_bed":2,"minecraft:dirt":1,"born_in_chaos_v1:river_mint":2,"minecraft:torch":24,"minecraft:white_wool":3}},"DataVersion":3465}