{"stats":{"minecraft:used":{"minecraft:birch_fence":1,"naturalist:bass":1,"minecraft:cactus":2,"luminousworld:groundpebbles_1":1,"minecraft:green_bed":7,"minecraft:sand":16,"minecraft:spider_eye":1,"tombstone:gift":2,"alexsmobs:animal_dictionary":3,"ecologics:prickly_pear":1},"minecraft:killed":{"minecraft:husk":1,"undead_revamp2:theimmortal":1,"minecraft:zombie_villager":1,"naturalist:bass":1},"minecraft:picked_up":{"luminousworld:groundpebbles_1":1,"minecraft:lime_bed":1,"born_in_chaos_v1:river_mint":2,"ecologics:prickly_pear":1,"minecraft:green_bed":7,"minecraft:sand":1,"minecraft:string":1,"naturalist:bass":1,"minecraft:birch_fence":1,"minecraft:bone":2,"minecraft:cactus":5,"minecraft:rotten_flesh":3,"tombstone:magic_scroll":1},"minecraft:custom":{"minecraft:time_since_rest":2449,"minecraft:sprint_one_cm":87615,"minecraft:damage_taken":2541,"minecraft:walk_one_cm":101141,"minecraft:mob_kills":4,"minecraft:drop":13,"minecraft:damage_dealt":864,"minecraft:swim_one_cm":28978,"minecraft:interact_with_crafting_table":2,"minecraft:fly_one_cm":214216,"minecraft:player_kills":1,"minecraft:open_chest":7,"minecraft:crouch_one_cm":162,"minecraft:play_time":29257,"tombstone:undead_killed":3,"minecraft:deaths":8,"minecraft:sneak_time":280,"minecraft:walk_under_water_one_cm":10492,"minecraft:jump":757,"minecraft:leave_game":1,"minecraft:walk_on_water_one_cm":19569,"minecraft:time_since_death":3239,"minecraft:sleep_in_bed":1,"minecraft:total_world_time":29257,"minecraft:climb_one_cm":1468,"minecraft:fall_one_cm":12921,"minecraft:horse_one_cm":2276},"minecraft:mined":{"luminousworld:groundpebbles_1":1,"minecraft:lime_bed":1,"born_in_chaos_v1:river_mint":1,"minecraft:grass":1,"minecraft:sand":1,"minecraft:birch_fence":1,"minecraft:green_bed":7},"minecraft:dropped":{"minecraft:lime_bed":1,"born_in_chaos_v1:river_mint":2,"alexsmobs:animal_dictionary":1,"minecraft:rotten_flesh":9}},"DataVersion":3465}