{"stats":{"minecraft:used":{"minecraft:birch_fence":1,"minecraft:wooden_axe":1,"naturalist:bass":1,"minecraft:cactus":2,"minecraft:wooden_pickaxe":15,"luminousworld:groundpebbles_1":1,"minecraft:green_bed":8,"minecraft:wooden_sword":5,"minecraft:sand":16,"minecraft:spider_eye":1,"tombstone:gift":2,"alexsmobs:animal_dictionary":3,"ecologics:prickly_pear":1},"minecraft:killed":{"minecraft:husk":1,"undead_revamp2:theimmortal":1,"minecraft:zombie_villager":1,"naturalist:bass":1},"minecraft:picked_up":{"minecraft:stick":4,"luminousworld:groundpebbles_1":1,"minecraft:lime_bed":1,"born_in_chaos_v1:river_mint":2,"ecologics:prickly_pear":1,"minecraft:green_bed":9,"minecraft:sand":1,"minecraft:oak_log":4,"minecraft:string":1,"minecraft:wooden_sword":1,"naturalist:bass":1,"minecraft:birch_fence":1,"minecraft:bone":2,"minecraft:cactus":5,"minecraft:rotten_flesh":3,"tombstone:magic_scroll":1,"minecraft:cobblestone":14},"minecraft:custom":{"minecraft:time_since_rest":992,"minecraft:sprint_one_cm":114830,"minecraft:damage_taken":2661,"minecraft:walk_one_cm":123952,"minecraft:mob_kills":4,"minecraft:drop":13,"minecraft:damage_dealt":1096,"minecraft:swim_one_cm":31895,"minecraft:interact_with_crafting_table":3,"minecraft:fly_one_cm":265739,"minecraft:player_kills":1,"minecraft:open_chest":7,"minecraft:crouch_one_cm":652,"minecraft:play_time":41257,"tombstone:undead_killed":3,"minecraft:deaths":9,"minecraft:sneak_time":604,"minecraft:walk_under_water_one_cm":11150,"minecraft:boat_one_cm":96535,"minecraft:jump":992,"minecraft:leave_game":1,"minecraft:walk_on_water_one_cm":20276,"minecraft:time_since_death":11576,"minecraft:sleep_in_bed":2,"minecraft:total_world_time":41257,"minecraft:climb_one_cm":1468,"minecraft:fall_one_cm":19806,"minecraft:horse_one_cm":2276},"minecraft:crafted":{"minecraft:wooden_sword":1,"minecraft:oak_planks":16,"minecraft:crafting_table":1,"minecraft:stick":4,"minecraft:wooden_pickaxe":1,"minecraft:wooden_axe":1},"minecraft:mined":{"luminousworld:groundpebbles_1":1,"minecraft:lime_bed":1,"born_in_chaos_v1:river_mint":1,"minecraft:crafting_table":1,"minecraft:grass":1,"minecraft:oak_log":5,"minecraft:dead_bush":4,"minecraft:sand":1,"minecraft:stone":14,"minecraft:birch_fence":1,"minecraft:green_bed":9},"minecraft:dropped":{"minecraft:lime_bed":1,"born_in_chaos_v1:river_mint":2,"alexsmobs:animal_dictionary":1,"minecraft:rotten_flesh":9}},"DataVersion":3465}