{"stats":{"minecraft:used":{"minecraft:sand":11,"minecraft:spider_eye":1,"alexsmobs:animal_dictionary":1},"minecraft:killed":{"undead_revamp2:theimmortal":1},"minecraft:picked_up":{"born_in_chaos_v1:river_mint":1},"minecraft:custom":{"minecraft:open_chest":5,"minecraft:time_since_rest":5497,"minecraft:crouch_one_cm":133,"minecraft:play_time":5497,"minecraft:sprint_one_cm":11075,"tombstone:undead_killed":1,"minecraft:damage_taken":175,"minecraft:walk_one_cm":14707,"minecraft:sneak_time":56,"minecraft:walk_under_water_one_cm":221,"minecraft:mob_kills":1,"minecraft:jump":134,"minecraft:damage_dealt":337,"minecraft:time_since_death":5497,"minecraft:walk_on_water_one_cm":1585,"minecraft:total_world_time":5497,"minecraft:swim_one_cm":1098,"minecraft:fall_one_cm":3426,"minecraft:fly_one_cm":37239},"minecraft:mined":{"minecraft:grass":1,"born_in_chaos_v1:river_mint":1}},"DataVersion":3465}