{"stats":{"minecraft:used":{"naturalist:bass":1,"minecraft:stone_sword":29,"minecraft:rabbit":5,"minecraft:stone_pickaxe":11,"minecraft:cactus":2,"minecraft:wooden_pickaxe":16,"dynamictrees:oak_seed":2,"luminousworld:groundpebbles_1":1,"minecraft:green_bed":14,"minecraft:sand":16,"minecraft:crafting_table":3,"minecraft:spider_eye":1,"ecologics:prickly_pear":1,"minecraft:birch_fence":1,"alexsmobs:maggot":1,"minecraft:wooden_axe":10,"minecraft:bread":5,"alexsmobs:kangaroo_meat":1,"luminousworld:palmplank":5,"minecraft:stone_axe":3,"minecraft:wooden_sword":11,"minecraft:cobblestone":2,"minecraft:porkchop":1,"tombstone:gift":2,"alexsmobs:animal_dictionary":3,"luminousworld:palm_log":1},"minecraft:killed":{"minecraft:husk":1,"minecraft:pig":3,"undead_revamp2:theimmortal":1,"minecraft:zombie_villager":1,"minecraft:rabbit":5,"naturalist:bass":1,"luminousworld:bass_fish":2,"alexsmobs:fly":1,"alexsmobs:kangaroo":1,"minecraft:cow":3},"minecraft:picked_up":{"luminousworld:groundpebbles_1":1,"minecraft:lime_bed":2,"minecraft:crafting_table":2,"born_in_chaos_v1:river_mint":2,"minecraft:leather":4,"minecraft:oak_log":26,"minecraft:dirt":1,"minecraft:string":1,"minecraft:wooden_sword":1,"naturalist:bass":1,"minecraft:bone":2,"minecraft:birch_fence":1,"luminousworld:palm_log":10,"minecraft:gold_nugget":2,"minecraft:rabbit_hide":3,"minecraft:beef":5,"dynamictrees:oak_seed":8,"minecraft:rabbit":5,"minecraft:cyan_concrete":1,"minecraft:oak_planks":32,"minecraft:stick":29,"ecologics:prickly_pear":1,"minecraft:oak_fence":2,"minecraft:green_bed":14,"minecraft:porkchop":7,"minecraft:sand":1,"minecraft:rotten_flesh":3,"minecraft:cactus":5,"minecraft:bread":5,"alexsmobs:maggot":2,"tombstone:magic_scroll":1,"minecraft:coal":10,"alexsmobs:kangaroo_meat":1,"minecraft:cobblestone":14},"minecraft:custom":{"minecraft:mob_kills":19,"minecraft:interact_with_crafting_table":10,"minecraft:pot_flower":1,"minecraft:leave_game":1,"minecraft:time_since_death":22860,"minecraft:sleep_in_bed":3,"minecraft:climb_one_cm":2746,"minecraft:time_since_rest":11990,"minecraft:sprint_one_cm":240295,"minecraft:damage_taken":3095,"minecraft:walk_one_cm":225244,"minecraft:drop":17,"minecraft:damage_dealt":2136,"minecraft:swim_one_cm":43254,"minecraft:fly_one_cm":542393,"minecraft:player_kills":1,"minecraft:open_chest":11,"minecraft:crouch_one_cm":3062,"minecraft:play_time":65257,"tombstone:undead_killed":3,"minecraft:deaths":10,"minecraft:sneak_time":1088,"minecraft:walk_under_water_one_cm":14550,"minecraft:boat_one_cm":96535,"minecraft:jump":2038,"minecraft:walk_on_water_one_cm":33532,"minecraft:total_world_time":65257,"minecraft:fall_one_cm":55526,"minecraft:horse_one_cm":2276},"minecraft:crafted":{"minecraft:wooden_sword":1,"minecraft:oak_planks":104,"minecraft:crafting_table":2,"minecraft:wooden_pickaxe":1,"minecraft:stone_axe":1,"minecraft:stick":8,"minecraft:stone_pickaxe":1,"minecraft:wooden_axe":2,"minecraft:stone_sword":1,"luminousworld:palmplank":36},"minecraft:dropped":{"alexsmobs:maggot":1,"alexsmobs:animal_dictionary":1,"mores:bronze_horse_armor":1,"minecraft:rotten_flesh":9,"minecraft:lime_bed":2,"born_in_chaos_v1:river_mint":2,"minecraft:white_wool":3},"minecraft:mined":{"luminousworld:groundpebbles_1":1,"minecraft:oak_fence":2,"minecraft:crafting_table":3,"minecraft:grass_block":1,"minecraft:dead_bush":5,"minecraft:spruce_stairs":1,"dynamictrees:oak_leaves":2,"minecraft:lime_bed":2,"born_in_chaos_v1:river_mint":1,"minecraft:grass":2,"minecraft:coal_ore":10,"minecraft:oak_log":5,"minecraft:cyan_concrete":1,"minecraft:sand":1,"luminousworld:palm_log":10,"luminousworld:elephant_grass":1,"minecraft:stone":14,"minecraft:green_bed":14,"minecraft:birch_fence":1}},"DataVersion":3465}