{"stats":{"minecraft:broken":{"minecraft:iron_boots":1,"minecraft:iron_chestplate":1,"minecraft:iron_leggings":1,"minecraft:iron_sword":1,"mores:tin_sword":1,"minecraft:stone_sword":1,"aether:iron_gloves":2,"minecraft:chainmail_helmet":1,"minecraft:wooden_pickaxe":1,"minecraft:shield":1,"mores:cobalt_pickaxe":2,"minecraft:iron_axe":1,"minecraft:iron_pickaxe":3,"minecraft:iron_helmet":2,"mores:tin_leggings":1,"minecraft:golden_helmet":1,"mores:cobalt_sword":1,"minecraft:stone_pickaxe":2,"minecraft:stone_axe":1,"minecraft:stone_shovel":1,"mores:cobalt_shovel":1,"mores:cobalt_axe":1,"mores:tin_pickaxe":1},"minecraft:crafted":{"epicsamurai:silver_ingot":4,"minecraft:oak_sign":6,"quark:birch_chest":9,"quark:deepslate_furnace":3,"naturalist:cooked_bass":18,"minecraft:cooked_mutton":8,"mores:iron_dagger":1,"minecraft:glass":32,"minecraft:diamond_helmet":1,"minecraft:diamond_leggings":1,"mores:tin_ingot":25,"mores:tourmaline_axe":1,"aether:diamond_gloves":1,"minecraft:birch_door":3,"alexsmobs:cooked_catfish":5,"minecraft:cooked_rabbit":1,"luminousworld:palmplank":36,"minecraft:emerald":3,"minecraft:cooked_porkchop":12,"minecraft:copper_ingot":2,"minecraft:campfire":23,"quark:oak_chest":18,"minecraft:iron_pickaxe":3,"minecraft:iron_block":3,"minecraft:gold_ingot":145,"minecraft:golden_carrot":225,"hangglider:glider_framework":1,"minecraft:stone_shovel":2,"minecraft:iron_nugget":63,"minecraft:bone_meal":389,"hangglider:glider_wing":2,"mores:onyx_shield":1,"minecraft:lantern":9,"minecraft:diamond":126,"minecraft:ladder":120,"luminousworld:white_oak_plank":24,"minecraft:stone_pickaxe":3,"minecraft:diamond_boots":2,"minecraft:dark_oak_planks":172,"minecraft:wheat":99,"luminousworld:autumnplank":52,"mores:cobalt_sword":1,"mores:cobalt_axe":1,"luminousworld:cooked_trout":6,"minecraft:oak_fence_gate":2,"minecraft:wooden_axe":2,"minecraft:oak_stairs":104,"minecraft:iron_leggings":1,"minecraft:white_bed":1,"minecraft:oak_planks":848,"minecraft:cobblestone_slab":6,"minecraft:dark_oak_boat":1,"hangglider:hang_glider":1,"quark:birch_ladder":52,"minecraft:cobblestone_stairs":104,"minecraft:stone":13,"minecraft:hopper":9,"minecraft:iron_boots":2,"tombstone:grave_key":3,"minecraft:oak_fence":48,"mores:silver_ingot":11,"minecraft:oak_slab":24,"luminousworld:cooked_bass":3,"minecraft:crafting_table":12,"mores:cobalt_pickaxe":3,"minecraft:iron_helmet":2,"minecraft:wooden_pickaxe":1,"minecraft:baked_potato":7,"minecraft:birch_planks":192,"supplementaries:slingshot":1,"minecraft:iron_chestplate":2,"minecraft:shield":2,"mores:tourmaline_pickaxe":1,"minecraft:stick":132,"minecraft:iron_ingot":91,"minecraft:stone_sword":3,"minecraft:cherry_planks":8,"minecraft:wooden_sword":1,"minecraft:oak_door":3,"minecraft:coal":27,"mores:tin_pickaxe":1,"minecraft:leather_boots":1,"minecraft:furnace":3,"minecraft:dark_oak_sign":3,"minecraft:glass_pane":48,"minecraft:leather":14,"minecraft:iron_axe":1,"born_in_chaos_v1:fried_maggot":8,"quark:birch_bookshelf":4,"minecraft:birch_sign":9,"aether:iron_pendant":1,"minecraft:cooked_beef":46,"minecraft:diamond_sword":1,"mores:cobalt_ingot":22,"minecraft:iron_sword":2,"minecraft:cooked_salmon":12,"minecraft:bucket":3,"minecraft:stone_axe":1,"minecraft:bread":76,"minecraft:air":0,"minecraft:jungle_planks":40,"minecraft:oak_boat":1,"mores:tin_sword":1,"mores:tourmaline_shovel":1,"minecraft:gold_nugget":1584,"minecraft:anvil":1,"supplementaries:clock_block":1,"minecraft:torch":368,"mores:cobalt_shovel":1,"minecraft:lapis_lazuli":1,"minecraft:diamond_chestplate":2},"minecraft:used":{"minecraft:beetroot":5,"minecraft:moss_block":7,"mores:cobalt_axe":177,"minecraft:ladder":77,"minecraft:stone":160,"minecraft:rotten_flesh":5,"mores:tourmaline_axe":1308,"minecraft:cut_copper":39,"naturalist:cooked_bass":18,"quark:birch_ladder":53,"minecraft:lava_bucket":16,"minecraft:grass_block":1,"minecraft:polished_andesite_stairs":1,"minecraft:dark_oak_slab":3,"minecraft:bow":11,"minecraft:dark_oak_boat":17,"minecraft:furnace":5,"minecraft:potato":9,"quark:glow_shroom_ring":1,"luminousworld:clovers_1":20,"minecraft:mossy_stone_bricks":1,"minecraft:diorite":8,"minecraft:cactus":2,"minecraft:wooden_pickaxe":60,"minecraft:cookie":10,"minecraft:golden_apple":2,"mores:cobalt_sword":378,"minecraft:glow_berries":15,"minecraft:sand":34,"minecraft:purple_terracotta":1,"mutantmonsters:mutant_skeleton_skull":2,"minecraft:birch_fence":1,"earthmobsmod:duck_egg":1,"minecraft:zombie_head":3,"supplementaries:clock_block":1,"minecraft:polished_andesite_slab":1,"minecraft:pufferfish":1,"minecraft:diamond_sword":135,"minecraft:wooden_sword":11,"minecraft:birch_log":33,"minecraft:oak_boat":8,"minecraft:stone_sword":268,"minecraft:armor_stand":2,"tombstone:scroll_of_frost_resistance":1,"minecraft:tinted_glass":5,"minecraft:cooked_salmon":10,"minecraft:torch":496,"mores:tourmaline_pickaxe":13,"minecraft:netherrack":108,"minecraft:stick":21,"mores:tourmaline_shovel":272,"minecraft:anvil":1,"minecraft:oak_fence_gate":5,"mores:tin_sword":120,"minecraft:iron_axe":173,"minecraft:mud_bricks":8,"luminousworld:savannah_soil":2,"mores:tin_shield":16,"undead_revamp2:arapholia":4,"tombstone:gift":9,"minecraft:cobbled_deepslate":194,"minecraft:pointed_dripstone":26,"alexsmobs:cooked_catfish":5,"naturalist:bass":2,"minecraft:water_bucket":214,"minecraft:wheat_seeds":107,"minecraft:rabbit":5,"minecraft:birch_planks":126,"minecraft:bundle":3,"minecraft:waxed_oxidized_cut_copper":1,"minecraft:cherry_planks":8,"minecraft:salmon":5,"securitycraft:cobblestone_mine":1,"minecraft:mossy_cobblestone":10,"minecraft:crafting_table":23,"minecraft:oak_slab":18,"minecraft:birch_sign":3,"minecraft:cod":1,"minecraft:white_bed":1,"minecraft:campfire":23,"mowziesmobs:wrought_axe":26,"luminousworld:cooked_bass":3,"minecraft:oak_log":173,"minecraft:diamond_shovel":196,"tombstone:tablet_of_assistance":10,"minecraft:iron_pickaxe":941,"alexsmobs:kangaroo_meat":1,"tombstone:magic_scroll":1,"minecraft:enchanted_book":31,"minecraft:cobblestone":665,"minecraft:potion":1,"minecraft:cooked_porkchop":12,"minecraft:porkchop":6,"minecraft:glass_pane":39,"quark:oak_chest":24,"quark:ancient_tome":6,"born_in_chaos_v1:intoxicating_decoction":1,"minecraft:oak_sign":8,"mores:tin_pickaxe":100,"minecraft:shield":24,"minecraft:iron_sword":415,"minecraft:creeper_head":2,"luminousworld:decorative_brown_2":1,"luminousworld:savannah_ground":3,"minecraft:mossy_stone_brick_slab":1,"minecraft:iron_chestplate":2,"mores:cobalt_shovel":373,"endrem:cursed_eye":1,"minecraft:jungle_planks":40,"minecraft:carrot":276,"ecologics:prickly_pear":1,"minecraft:tuff":39,"vanillaplustools:iron_shovel":2,"born_in_chaos_v1:corpse_maggot":7,"alexsmobs:lobster_tail":2,"quark:deepslate_furnace":3,"mores:onyx_shield":15,"minecraft:lantern":13,"minecraft:packed_mud":1,"born_in_chaos_v1:gnawed_bones":2,"luminousworld:elephant_grass":5,"minecraft:stone_bricks":19,"undead_revamp2:cloogerribs":4,"quark:birch_bookshelf":4,"minecraft:gray_bed":4,"minecraft:beetroot_seeds":2,"minecraft:skeleton_skull":1,"minecraft:stone_pickaxe":259,"minecraft:oak_planks":345,"luminousworld:groundpebbles_1":7,"alexscaves:cave_book":2,"luminousworld:creepberries":6,"minecraft:black_terracotta":7,"minecraft:melon_slice":7,"minecraft:bread":74,"minecraft:cyan_bed":2,"minecraft:string":1,"minecraft:gravel":283,"luminousworld:palmplank":27,"born_in_chaos_v1:rotten_fish":1,"luminousworld:cooked_trout":6,"minecraft:cooked_rabbit":1,"minecraft:andesite":28,"minecraft:chain":1,"minecraft:smooth_stone_slab":1,"minecraft:bone_meal":345,"minecraft:experience_bottle":1,"minecraft:oak_fence":53,"minecraft:flint_and_steel":2,"minecraft:stone_shovel":202,"undead_revamp2:blacpetalblock":2,"dynamictrees:oak_seed":2,"minecraft:oak_door":4,"minecraft:dirt":621,"luminousworld:grassflowers":4,"minecraft:raw_iron_block":12,"minecraft:granite":1,"minecraft:purple_banner":1,"minecraft:birch_door":6,"minecraft:iron_hoe":60,"minecraft:stone_brick_slab":3,"minecraft:dark_oak_planks":70,"minecraft:wooden_axe":18,"alexsmobs:maggot":1,"minecraft:waxed_cut_copper":2,"minecraft:oak_stairs":107,"alexscaves:spelunkery_table":1,"minecraft:golden_carrot":183,"minecraft:cooked_beef":27,"luminousworld:palm_log":1,"minecraft:brown_bed":1,"minecraft:cooked_mutton":8,"tombstone:scroll_of_knowledge":1,"minecraft:cobblestone_stairs":133,"minecraft:baked_potato":2,"minecraft:birch_boat":1,"luminousworld:ishstone":31,"minecraft:green_bed":22,"minecraft:cobblestone_slab":7,"supplementaries:slingshot":37,"minecraft:jungle_wood":1,"minecraft:spider_eye":1,"minecraft:painting":23,"tombstone:bag_of_seeds":5,"minecraft:chicken":2,"mores:cobalt_pickaxe":697,"minecraft:stone_axe":66,"minecraft:magenta_banner":1,"quark:black_corundum":19,"luminousworld:trout":2,"minecraft:white_banner":3,"minecraft:red_banner":2,"minecraft:bucket":231,"mores:tin_battleaxe":24,"alexsmobs:animal_dictionary":3,"minecraft:splash_potion":2},"minecraft:mined":{"minecraft:dark_oak_planks":9,"minecraft:black_terracotta":7,"luminousworld:autumnleaves":1,"minecraft:jungle_leaves":1,"minecraft:granite":21,"minecraft:stone_brick_wall":1,"quark:yellow_corundum":5,"minecraft:coal_block":3,"luminousworld:savanna_grass_2":1,"minecraft:spawner":6,"minecraft:tall_seagrass":4,"minecraft:polished_blackstone_bricks":1,"epicsamurai:deepslate_jade_ore":13,"mores:deepslate_tourmaline_ore":20,"minecraft:mossy_cobblestone_stairs":1,"minecraft:cobbled_deepslate":27,"minecraft:fire":98,"minecraft:deepslate_lapis_ore":5,"quark:black_corundum_cluster":4,"mores:deepslate_sapphire_ore":1,"minecraft:cave_vines":3,"minecraft:oak_sign":3,"minecraft:dirt_path":4,"minecraft:oak_stairs":5,"illagerinvasion:magic_fire":5,"minecraft:white_banner":1,"dynamictrees:jungle_leaves":16,"minecraft:tripwire":1,"minecraft:kelp_plant":4,"mores:deepslate_anthracite_ore":3,"minecraft:torch":45,"born_in_chaos_v1:infected_deepslate_diamond_ore":1,"minecraft:melon":2,"minecraft:dead_bush":5,"minecraft:cyan_bed":3,"dynamictrees:crimson_sapling":1,"minecraft:jungle_wood":11,"minecraft:tinted_glass":5,"minecraft:wheat":196,"minecraft:birch_door":3,"minecraft:grass":64,"minecraft:oak_fence_gate":3,"mores:silver_ore":13,"quark:yellow_corundum_cluster":3,"luminousworld:grassvariant_3":18,"luminousworld:palm_log":10,"minecraft:deepslate":176,"luminousworld:savannah_ground":3,"minecraft:mossy_cobblestone":10,"mores:nether_moissanite_ore":1,"minecraft:dark_oak_log":13,"minecraft:jungle_planks":5,"luminousworld:grassvariant_2":22,"minecraft:kelp":3,"born_in_chaos_v1:gnawed_bones":1,"dynamictrees:oak_leaves":6,"minecraft:waxed_oxidized_cut_copper":1,"minecraft:packed_mud":3,"dynamictrees:oak_undergrowth_leaves":11,"minecraft:andesite":40,"mores:deepslate_cobalt_ore":10,"minecraft:cyan_concrete":1,"minecraft:cobblestone_slab":3,"minecraft:cut_copper":1,"luminousworld:clovers_3":9,"minecraft:bone_block":13,"minecraft:mud_brick_slab":1,"minecraft:oak_slab":1,"luminousworld:savannah_soil":4,"minecraft:mangrove_stairs":2,"quark:oak_chest":6,"minecraft:stone_brick_slab":2,"minecraft:emerald_ore":3,"minecraft:warped_roots":2,"undead_revamp2:blacpetalblock":1,"minecraft:campfire":7,"luminousworld:auburnlog":14,"luminousworld:grassflowers":5,"minecraft:copper_ore":4,"minecraft:tall_grass":4,"minecraft:deepslate_gold_ore":12,"minecraft:diorite":7,"mores:tin_ore":14,"luminousworld:whiteoaklog":9,"minecraft:coarse_dirt":1,"mores:deepslate_tin_ore":1,"minecraft:red_wall_banner":2,"luminousworld:clovers_5":4,"luminousworld:ishstone":33,"minecraft:zombie_head":4,"minecraft:sunflower":4,"minecraft:gravel":373,"minecraft:cobweb":17,"minecraft:stone_bricks":1,"mores:deepslate_silver_ore":10,"luminousworld:elephant_grass":1,"minecraft:fern":2,"undead_revamp2:arapholia":2,"minecraft:mossy_stone_brick_slab":1,"minecraft:cobblestone_stairs":45,"mores:nether_anthracite_ore":3,"minecraft:cave_vines_plant":3,"minecraft:grass_block":552,"minecraft:mud_bricks":10,"luminousworld:decorative_red_2":1,"minecraft:iron_ore":59,"mutantmonsters:mutant_skeleton_wall_skull":1,"supplementaries:stick":4,"minecraft:pointed_dripstone":17,"minecraft:flowering_azalea_leaves":7,"epicsamurai:deepslate_silver_ore":8,"minecraft:iron_bars":5,"minecraft:birch_wall_sign":2,"dynamictrees:jungle_undergrowth_leaves":20,"luminousworld:decorative_brown_2":1,"minecraft:spruce_slab":2,"minecraft:green_bed":23,"luminousworld:creepbush":6,"minecraft:deepslate_redstone_ore":16,"minecraft:gray_terracotta":2,"minecraft:cyan_terracotta":1,"minecraft:magenta_wall_banner":1,"supplementaries:book_pile":14,"luminousworld:purple_petunias":1,"minecraft:soul_lantern":1,"minecraft:nether_quartz_ore":2,"minecraft:cobblestone":109,"minecraft:oak_planks":38,"minecraft:iron_door":1,"minecraft:wall_torch":78,"minecraft:seagrass":7,"luminousworld:clovers_1":4,"minecraft:dark_oak_slab":2,"minecraft:birch_log":33,"born_in_chaos_v1:river_mint":1,"minecraft:smooth_stone_slab":3,"quark:glow_shroom":1,"quark:birch_ladder":2,"minecraft:oak_log":45,"minecraft:beetroots":2,"minecraft:dirt":90,"minecraft:sand":51,"quark:glow_shroom_ring":1,"minecraft:netherrack":124,"luminousworld:savannah_grass_4":1,"mores:deepslate_topaz_ore":14,"luminousworld:groundpebbles_1":3,"alexscaves:spelunkery_table":1,"minecraft:tuff":47,"luminousworld:grassvariant_4":11,"minecraft:deepslate_diamond_ore":12,"minecraft:oak_door":2,"luminousworld:blue_petunias":6,"minecraft:ladder":1,"epicsamurai:deepslate_ruby_ore":5,"luminousworld:clovers_4":3,"luminousworld:clovers_2":5,"luminousworld:decorative_brown_mushroom_1":1,"minecraft:hay_block":11,"epicsamurai:onyx_ore":8,"minecraft:furnace":2,"minecraft:carrots":90,"minecraft:gold_block":7,"minecraft:bookshelf":49,"minecraft:deepslate_iron_ore":23,"minecraft:lantern":4,"minecraft:stone":722,"luminousworld:soft_birch_log":1,"mores:cobalt_ore":12,"epicsamurai:deepslate_aquamarine_ore":3,"minecraft:oak_fence":8,"minecraft:crafting_table":14,"minecraft:cyan_stained_glass_pane":4,"minecraft:purple_wall_banner":1,"mores:nether_silver_ore":2,"quark:black_corundum":9,"supplementaries:urn":3,"minecraft:spruce_stairs":1,"minecraft:birch_planks":60,"minecraft:lime_bed":2,"mores:deepslate_ruby_ore":1,"minecraft:black_wall_banner":1,"minecraft:gray_bed":2,"minecraft:white_wall_banner":1,"minecraft:coal_ore":191,"minecraft:gray_carpet":1,"minecraft:polished_andesite":1,"minecraft:birch_fence":1},"minecraft:dropped":{"minecraft:mud_brick_slab":3,"mores:tanzanite_boots":1,"minecraft:cooked_beef":2,"born_in_chaos_v1:fried_maggot":3,"minecraft:glass_bottle":1,"minecraft:crafting_table":1,"minecraft:dark_oak_slab":1,"minecraft:warped_roots":3,"tombstone:tablet_of_assistance":2,"minecraft:cracked_stone_bricks":4,"born_in_chaos_v1:dark_ritual_dagger":1,"mores:tanzanite_helmet":1,"minecraft:emerald":8,"minecraft:packed_mud":1,"born_in_chaos_v1:monster_flesh":4,"minecraft:dirt":52,"minecraft:dark_oak_trapdoor":2,"minecraft:mangrove_stairs":2,"minecraft:gold_nugget":3,"minecraft:writable_book":1,"minecraft:bone_meal":34,"minecraft:sunflower":2,"minecraft:sand":8,"minecraft:sugar":2,"minecraft:iron_pickaxe":1,"minecraft:dark_oak_planks":42,"minecraft:white_wool":3,"luminousworld:clovers_1":14,"minecraft:bone":29,"minecraft:waxed_cut_copper_slab":3,"minecraft:oak_door":2,"minecraft:iron_nugget":3,"minecraft:golden_chestplate":1,"alexsmobs:animal_dictionary":1,"minecraft:cobbled_deepslate":4,"minecraft:wheat":20,"minecraft:obsidian":3,"undead_revamp2:arapholia":1,"minecraft:rotten_flesh":131,"minecraft:oak_planks":5,"minecraft:golden_shovel":1,"minecraft:rabbit_foot":1,"minecraft:lime_bed":2,"luminousworld:grassflowers":3,"alexscaves:cave_book":1,"minecraft:hopper":9,"minecraft:painting":2,"minecraft:spruce_slab":3,"minecraft:stone_brick_stairs":2,"minecraft:enchanted_book":4,"minecraft:iron_ingot":6,"born_in_chaos_v1:intoxicating_decoction":3,"born_in_chaos_v1:shattered_skull":1,"minecraft:wheat_seeds":364,"luminousworld:ishstone":20,"dynamictrees:birch_seed":73,"minecraft:oak_fence":1,"minecraft:cobblestone":173,"minecraft:feather":3,"minecraft:dark_prismarine_slab":2,"minecraft:book":107,"mores:sapphire_battleaxe":1,"minecraft:granite":2,"minecraft:coal":8,"minecraft:polished_andesite":1,"born_in_chaos_v1:gnawed_bones":1,"epicsamurai:spirit_upgrade_smithing_template":1,"minecraft:golden_carrot":14,"minecraft:wooden_axe":2,"minecraft:cooked_salmon":3,"enemyexpansion:wasp_thorax":1,"minecraft:dead_bush":2,"minecraft:paper":7,"minecraft:string":20,"minecraft:gray_carpet":2,"minecraft:stone_sword":1,"minecraft:dark_oak_sign":3,"minecraft:smooth_stone_slab":2,"mores:raw_tin":6,"born_in_chaos_v1:rotten_fish":3,"minecraft:experience_bottle":1,"minecraft:stone_shovel":1,"mores:bronze_horse_armor":1,"sophisticatedbackpacks:backpack":1,"mores:raw_cobalt":5,"minecraft:oak_sign":1,"earthmobsmod:harder_flesh":1,"minecraft:cobblestone_slab":2,"minecraft:stone":64,"minecraft:bundle":3,"minecraft:spider_eye":2,"minecraft:stone_bricks":4,"luminousworld:blue_petunias":6,"minecraft:dark_prismarine":3,"minecraft:cyan_bed":2,"mutantmonsters:mutant_skeleton_rib":3,"naturalist:duck":2,"mores:tin_shield":1,"quark:glow_shroom":1,"luminousworld:yellowpetunias":1,"minecraft:ender_pearl":2,"cataclysm:lionfish":2,"mores:tourmaline_axe":2,"mores:tanzanite_chestplate":1,"minecraft:leather":13,"minecraft:flint":5,"minecraft:music_disc_13":1,"minecraft:cyan_terracotta":1,"minecraft:cracked_polished_blackstone_bricks":5,"aether:iron_pendant":1,"minecraft:amethyst_shard":20,"luminousworld:decorative_brown_2":3,"minecraft:gravel":16,"mores:anthracite":1,"dynamictrees:oak_seed":123,"minecraft:twisting_vines":1,"minecraft:soul_lantern":1,"minecraft:black_terracotta":1,"minecraft:carrot":23,"undead_revamp2:cloogerribs":2,"minecraft:chainmail_chestplate":2,"minecraft:leather_chestplate":1,"supplementaries:ash":27,"mores:tanzanite_leggings":1,"minecraft:gunpowder":8,"minecraft:beetroot_seeds":2,"born_in_chaos_v1:corpse_maggot":2,"minecraft:stone_brick_wall":3,"minecraft:iron_bars":5,"minecraft:arrow":21,"minecraft:purple_carpet":1,"minecraft:bread":25,"dynamictrees:dark_oak_seed":9,"minecraft:prismarine_shard":6,"luminousworld:decorative_brown_mushroom_1":1,"vanillaplustools:iron_shovel":1,"minecraft:copper_ingot":1,"quark:yellow_corundum":8,"minecraft:dead_horn_coral_block":5,"minecraft:grass_block":2,"minecraft:stick":553,"born_in_chaos_v1:river_mint":3,"minecraft:torch":56,"minecraft:melon_slice":6,"born_in_chaos_v1:fused_bone":2,"minecraft:map":1,"minecraft:zombie_head":1,"minecraft:fire_charge":3,"minecraft:iron_leggings":2,"minecraft:redstone":4,"alexsmobs:maggot":1,"minecraft:kelp":15,"minecraft:nether_wart":1,"minecraft:raw_copper":34,"minecraft:tuff":39,"minecraft:raw_iron":4,"minecraft:waxed_exposed_cut_copper":2,"minecraft:gray_terracotta":2,"aether:iron_gloves":1,"aether:diamond_gloves":1,"luminousworld:groundpebbles_1":9,"minecraft:andesite":15,"minecraft:mossy_stone_bricks":2,"minecraft:waxed_oxidized_cut_copper":2,"minecraft:golden_sword":2,"minecraft:stone_pickaxe":1,"minecraft:dead_brain_coral_block":7,"luminousworld:purple_petunias":1},"minecraft:killed_by":{"minecraft:player":3,"minecraft:skeleton":1},"minecraft:custom":{"minecraft:interact_with_crafting_table":241,"minecraft:open_barrel":82,"minecraft:bell_ring":3,"minecraft:leave_game":18,"minecraft:time_since_death":4989,"minecraft:damage_blocked_by_shield":1424,"minecraft:play_time":1243201,"minecraft:deaths":34,"minecraft:jump":17168,"minecraft:interact_with_furnace":284,"minecraft:traded_with_villager":3,"minecraft:sleep_in_bed":54,"minecraft:damage_dealt":78566,"tombstone:undead_killed":169,"minecraft:horse_one_cm":2276,"minecraft:interact_with_anvil":60,"minecraft:inspect_hopper":40,"minecraft:damage_dealt_absorbed":125,"minecraft:sneak_time":45871,"minecraft:interact_with_lectern":1,"minecraft:interact_with_blast_furnace":5,"minecraft:total_world_time":1243201,"tombstone:raider_killed":11,"minecraft:tune_noteblock":281,"minecraft:interact_with_stonecutter":1,"minecraft:time_since_rest":811,"tombstone:cast_on_ally":4,"minecraft:swim_one_cm":674719,"minecraft:fly_one_cm":4201200,"minecraft:open_chest":1093,"minecraft:fall_one_cm":370383,"minecraft:animals_bred":9,"minecraft:sprint_one_cm":2900211,"minecraft:drop":509,"minecraft:talked_to_villager":14,"minecraft:walk_on_water_one_cm":335238,"minecraft:interact_with_loom":23,"minecraft:player_kills":3,"minecraft:crouch_one_cm":142315,"minecraft:mob_kills":433,"minecraft:damage_dealt_resisted":5800,"minecraft:climb_one_cm":242006,"minecraft:walk_one_cm":3583900,"minecraft:walk_under_water_one_cm":440340,"minecraft:boat_one_cm":937434,"minecraft:pot_flower":1,"minecraft:damage_taken":38297,"minecraft:damage_absorbed":77},"minecraft:killed":{"illagerinvasion:archivist":1,"earthmobsmod:duck":1,"minecraft:cave_spider":2,"alexsmobs:lobster":1,"born_in_chaos_v1:restless_spirit":1,"born_in_chaos_v1:zombie_lumberjack":1,"enemyexpansion:equestrian":1,"born_in_chaos_v1:siamese_skeletonsright":1,"undead_revamp2:theswarmer":1,"minecraft:skeleton":36,"minecraft:guardian":1,"born_in_chaos_v1:skeleton_thrasher":1,"luminousworld:bass_fish":5,"minecraft:magma_cube":1,"minecraft:salmon":21,"undead_revamp2:theheavy":1,"mutantmonsters:mutant_skeleton":1,"luminousworld:trout_fish":7,"minecraft:pillager":3,"enemyexpansion:meature":3,"minecraft:zombie":66,"born_in_chaos_v1:corpse_fly":6,"enemyexpansion:botfly":21,"born_in_chaos_v1:door_knight":1,"minecraft:cow":23,"undead_revamp2:thehunter":2,"undead_revamp2:theimmortal":1,"illagerinvasion:firecaller":1,"enemyexpansion:vampbiter":1,"minecraft:vindicator":2,"illagerinvasion:marauder":1,"alexsmobs:seagull":1,"naturalist:duck":2,"luminousworld:yellow_swallowtail":4,"undead_revamp2:thebidy":1,"born_in_chaos_v1:barrel_zombie":1,"cataclysm:deepling_angler":1,"minecraft:husk":1,"earthmobsmod:bouldering_zombie":1,"undead_revamp2:the_moonflower":14,"minecraft:rabbit":6,"enemyexpansion:sprinter":2,"born_in_chaos_v1:decrepit_skeleton":6,"alexsmobs:catfish":6,"minecraft:enderman":5,"born_in_chaos_v1:zombie_clown":2,"minecraft:witch":1,"minecraft:spider":4,"undead_revamp2:thesmoker":3,"born_in_chaos_v1:scarlet_persecutor":1,"illagerinvasion:provoker":3,"undead_revamp2:therod":1,"alexsmobs:kangaroo":1,"minecraft:pig":9,"born_in_chaos_v1:diamond_termite":1,"minecraft:zombie_villager":6,"earthmobsmod:lobber_zombie":1,"undead_revamp2:thebeartamer":1,"minecraft:creeper":5,"luminousworld:blue_monarch":1,"minecraft:sheep":5,"minecraft:trader_llama":2,"born_in_chaos_v1:zombie_fisherman":1,"luminousworld:savannah_skeleton":1,"born_in_chaos_v1:dread_hound":4,"alexsmobs:terrapin":8,"alexsmobs:fly":1,"luminousworld:dark_oak_zombie":1,"born_in_chaos_v1:siamese_skeletonsleft":1,"enemyexpansion:wasp":4,"enemyexpansion:intruder":1,"luminousworld:swallowtail":2,"luminousworld:sunken_skeleton":1,"alexsmobs:tasmanian_devil":1,"enemyexpansion:direwolf":11,"born_in_chaos_v1:maggot":21,"naturalist:bass":21,"cataclysm:lionfish":1,"minecraft:drowned":3,"born_in_chaos_v1:corpse_fish":3,"enemyexpansion:goblin":2,"born_in_chaos_v1:fallen_chaos_knight":1,"luminousworld:spring_azure":1,"born_in_chaos_v1:baby_skeleton":1,"quark:foxhound":2,"naturalist:butterfly":1,"enemyexpansion:huntsman":1,"born_in_chaos_v1:nightmare_stalker":1,"alexsmobs:crow":1,"enemyexpansion:slugger":2},"minecraft:picked_up":{"minecraft:wooden_axe":1,"minecraft:birch_door":3,"minecraft:chainmail_boots":1,"minecraft:creeper_head":2,"minecraft:prismarine_shard":9,"mores:deepslate_cobalt_ore":3,"minecraft:lead":5,"minecraft:diamond_sword":4,"minecraft:oak_stairs":5,"minecraft:brown_bed":1,"minecraft:enchanted_book":34,"minecraft:golden_sword":1,"minecraft:string":29,"minecraft:dark_oak_trapdoor":2,"minecraft:pufferfish":1,"minecraft:beetroot":4,"dynamictrees:dark_oak_seed":9,"minecraft:gold_nugget":23,"minecraft:cobbled_deepslate":296,"minecraft:waxed_exposed_cut_copper":2,"hangglider:hang_glider":1,"minecraft:melon_slice":13,"minecraft:coal_block":3,"luminousworld:auburnlog":13,"born_in_chaos_v1:shattered_skull":1,"vanillaplustools:iron_shovel":1,"minecraft:green_bed":22,"minecraft:cherry_log":2,"mores:topaz_gem":14,"minecraft:rabbit_foot":1,"mutantmonsters:mutant_skeleton_pelvis":1,"mores:raw_tin":53,"undead_revamp2:cloogerribs":9,"luminousworld:grassflowers":7,"minecraft:cyan_terracotta":1,"mores:silver_nugget":2,"supplementaries:ash":25,"minecraft:waxed_cut_copper":2,"minecraft:iron_bars":5,"alexsmobs:lobster_tail":2,"minecraft:birch_log":149,"minecraft:feather":3,"minecraft:iron_door":1,"mores:silver_ore":2,"minecraft:dark_oak_boat":16,"minecraft:jungle_wood":11,"mores:tin_leggings":1,"minecraft:flint":40,"luminousworld:purple_petunias":1,"minecraft:map":1,"minecraft:lantern":4,"mores:cobalt_ore":7,"minecraft:twisting_vines":1,"minecraft:purple_carpet":1,"undead_revamp2:blacpetalblock":2,"minecraft:gray_terracotta":2,"luminousworld:elephant_grass":5,"minecraft:rabbit":6,"epicsamurai:raw_silver":8,"luminousworld:bass_item":3,"ecologics:prickly_pear":1,"luminousworld:creepberries":6,"minecraft:dark_oak_log":43,"undead_revamp2:heavytooth":1,"quark:birch_ladder":2,"minecraft:bundle":5,"cataclysm:lionfish":2,"minecraft:iron_hoe":1,"minecraft:polished_andesite":1,"minecraft:deepslate":6,"luminousworld:yellowpetunias":1,"minecraft:dead_brain_coral_block":7,"minecraft:granite":9,"minecraft:chainmail_helmet":1,"minecraft:bread":49,"alexsmobs:maggot":2,"epicsamurai:ruby":5,"born_in_chaos_v1:rotten_fish":4,"mores:raw_silver":19,"luminousworld:groundpebbles_1":16,"minecraft:crafting_table":13,"luminousworld:decorative_brown_2":4,"minecraft:nether_wart":1,"luminousworld:trout":8,"minecraft:dead_horn_coral_block":5,"born_in_chaos_v1:intoxicating_decoction":4,"epicsamurai:jade":13,"luminousworld:palm_log":10,"minecraft:cracked_stone_bricks":4,"minecraft:beef":46,"born_in_chaos_v1:gnawed_bones":3,"minecraft:iron_nugget":31,"minecraft:spruce_slab":3,"aether:iron_pendant":1,"minecraft:copper_ore":2,"naturalist:duck":2,"mores:tanzanite_chestplate":1,"minecraft:stone":214,"luminousworld:blue_petunias":7,"minecraft:oak_door":3,"sophisticatedbackpacks:backpack":2,"minecraft:fire_charge":3,"born_in_chaos_v1:pieceofdarkmetal":4,"minecraft:carrot":861,"minecraft:redstone":74,"quark:yellow_corundum":8,"luminousworld:decorative_brown_mushroom_1":1,"epicsamurai:deepslate_aquamarine_ore":3,"minecraft:beetroot_seeds":7,"minecraft:cut_copper":1,"minecraft:hay_block":11,"born_in_chaos_v1:spiny_shell":1,"tombstone:essence_of_undeath":1,"born_in_chaos_v1:dark_ritual_dagger":1,"minecraft:mutton":8,"minecraft:white_wool":4,"alexsmobs:kangaroo_meat":1,"minecraft:bone_block":36,"minecraft:lime_bed":2,"minecraft:mud_bricks":8,"minecraft:clock":1,"born_in_chaos_v1:monster_flesh":4,"luminousworld:ishstone":48,"minecraft:packed_mud":2,"minecraft:oak_log":395,"mowziesmobs:wrought_axe":2,"mutantmonsters:mutant_skeleton_limb":3,"minecraft:paper":39,"minecraft:white_banner":3,"minecraft:stone_bricks":7,"minecraft:kelp":15,"minecraft:oak_fence_gate":3,"quark:glow_shroom":1,"minecraft:iron_ore":7,"tombstone:bag_of_seeds":2,"minecraft:gray_bed":4,"minecraft:iron_sword":2,"minecraft:dark_oak_stairs":3,"minecraft:polished_andesite_stairs":1,"minecraft:dark_oak_slab":4,"born_in_chaos_v1:ethereal_spirit":3,"minecraft:gravel":326,"mores:ruby_gem":1,"mores:tin_chestplate":1,"mores:sapphire_gem":1,"minecraft:slime_ball":2,"mores:anthracite":5,"minecraft:diamond_axe":2,"minecraft:painting":25,"minecraft:warped_roots":3,"minecraft:ender_pearl":6,"minecraft:wheat":233,"enemyexpansion:wasp_thorax":1,"minecraft:potion":1,"minecraft:stone_brick_stairs":2,"minecraft:waxed_cut_copper_slab":3,"mutantmonsters:mutant_skeleton_skull":2,"minecraft:raw_copper":34,"minecraft:deepslate_lapis_ore":1,"aether:diamond_gloves":1,"minecraft:smooth_stone_slab":3,"minecraft:iron_leggings":3,"mores:tourmaline_gem":20,"minecraft:armor_stand":2,"minecraft:experience_bottle":2,"minecraft:purple_banner":1,"minecraft:zombie_head":4,"minecraft:oak_sign":3,"mores:tanzanite_leggings":1,"earthmobsmod:duck_egg":1,"minecraft:cobblestone_slab":3,"minecraft:ender_eye":2,"dynamictrees:oak_seed":130,"minecraft:iron_pickaxe":3,"minecraft:iron_boots":2,"minecraft:furnace":2,"minecraft:stick":992,"quark:glow_shroom_ring":1,"minecraft:oak_fence":8,"minecraft:torch":211,"quark:yellow_corundum_cluster":11,"luminousworld:savannah_soil":2,"minecraft:porkchop":19,"minecraft:pointed_dripstone":45,"tombstone:grave_dust":25,"minecraft:diorite":8,"born_in_chaos_v1:nightmare_claw":1,"quark:ancient_tome":6,"minecraft:cactus":5,"minecraft:mangrove_stairs":2,"minecraft:rotten_flesh":137,"luminousworld:soft_birch_log":1,"minecraft:cod":1,"undead_revamp2:arapholia":4,"minecraft:cobblestone":889,"luminousworld:savannah_ground":3,"mores:tin_shield":1,"minecraft:andesite":44,"quark:black_corundum_cluster":18,"alexscaves:cave_book":1,"minecraft:tuff":80,"minecraft:lapis_lazuli":33,"minecraft:dirt":682,"minecraft:name_tag":1,"born_in_chaos_v1:monster_skin":7,"minecraft:leather_boots":1,"minecraft:bone":63,"minecraft:wheat_seeds":661,"securitycraft:cobblestone_mine":1,"minecraft:raw_gold":12,"minecraft:mossy_stone_bricks":4,"minecraft:cyan_concrete":1,"minecraft:oak_planks":70,"minecraft:black_terracotta":8,"earthmobsmod:harder_flesh":4,"minecraft:sand":59,"minecraft:jungle_planks":5,"mores:raw_cobalt":17,"minecraft:dead_bush":2,"minecraft:grass_block":4,"minecraft:cyan_bed":4,"minecraft:mossy_cobblestone":10,"minecraft:dark_prismarine":6,"minecraft:dark_prismarine_slab":2,"mores:tanzanite_helmet":1,"minecraft:sugar":2,"minecraft:diamond":12,"minecraft:soul_lantern":1,"minecraft:cracked_polished_blackstone_bricks":5,"mores:sapphire_battleaxe":1,"minecraft:bone_meal":5,"minecraft:emerald":16,"minecraft:netherrack":108,"minecraft:mud_brick_slab":3,"minecraft:charcoal":14,"minecraft:waxed_oxidized_cut_copper":3,"born_in_chaos_v1:diamond_termite_shard":1,"born_in_chaos_v1:river_mint":3,"minecraft:chicken":2,"minecraft:ladder":1,"minecraft:brown_mushroom":1,"minecraft:stone_brick_wall":3,"minecraft:gold_block":7,"minecraft:chain":1,"minecraft:iron_axe":2,"minecraft:wooden_sword":1,"minecraft:birch_fence":1,"minecraft:oak_boat":8,"minecraft:light_gray_wool":1,"minecraft:tinted_glass":5,"tombstone:tablet_of_assistance":1,"minecraft:raw_iron":91,"minecraft:copper_ingot":1,"minecraft:cookie":10,"minecraft:purple_terracotta":1,"minecraft:dark_oak_planks":9,"minecraft:arrow":31,"alexscaves:spelunkery_table":1,"mutantmonsters:mutant_skeleton_rib":3,"mores:tanzanite_boots":1,"minecraft:skeleton_skull":1,"born_in_chaos_v1:fused_bone":2,"endrem:cursed_eye":1,"born_in_chaos_v1:corpse_maggot":20,"epicsamurai:spirit_upgrade_smithing_template":1,"minecraft:magenta_banner":1,"minecraft:salmon":18,"minecraft:leather":36,"minecraft:birch_planks":59,"minecraft:chainmail_chestplate":3,"minecraft:gunpowder":17,"minecraft:cobblestone_stairs":44,"naturalist:bass":20,"minecraft:gray_carpet":2,"mores:tourmaline_axe":6,"minecraft:rabbit_hide":4,"minecraft:iron_ingot":2,"dynamictrees:birch_seed":85,"minecraft:polished_andesite_slab":1,"quark:black_corundum":19,"minecraft:book":128,"epicsamurai:onyx":8,"minecraft:oak_slab":1,"luminousworld:clovers_1":34,"minecraft:birch_boat":2,"minecraft:stone_brick_slab":4,"minecraft:amethyst_shard":30,"minecraft:red_banner":2,"mores:moissanite_gem":1,"quark:oak_chest":6,"minecraft:mossy_stone_brick_slab":1,"minecraft:spider_eye":2,"luminousworld:whiteoaklog":6,"alexsmobs:raw_catfish":5,"minecraft:iron_helmet":1,"tombstone:magic_scroll":3,"minecraft:coal":266,"minecraft:sunflower":2}},"DataVersion":3465}