{"stats":{"minecraft:picked_up":{"minecraft:waxed_oxidized_cut_copper":1,"luminousworld:groundpebbles_1":2,"minecraft:birch_door":3,"minecraft:crafting_table":6,"minecraft:chicken":1,"born_in_chaos_v1:river_mint":2,"minecraft:oak_stairs":1,"luminousworld:trout":8,"minecraft:enchanted_book":1,"minecraft:string":1,"minecraft:wooden_sword":1,"minecraft:birch_fence":1,"luminousworld:palm_log":10,"dynamictrees:dark_oak_seed":4,"minecraft:gold_nugget":2,"minecraft:beef":5,"minecraft:oak_boat":1,"dynamictrees:oak_seed":73,"minecraft:furnace":2,"minecraft:stick":408,"luminousworld:blue_petunias":6,"minecraft:oak_fence":3,"minecraft:torch":25,"minecraft:green_bed":20,"minecraft:porkchop":7,"minecraft:cherry_log":2,"tombstone:grave_dust":4,"minecraft:carrot":26,"minecraft:dark_oak_planks":1,"mores:raw_tin":18,"minecraft:arrow":2,"minecraft:cactus":5,"minecraft:rotten_flesh":11,"minecraft:cut_copper":1,"supplementaries:ash":2,"minecraft:waxed_cut_copper":1,"undead_revamp2:arapholia":1,"alexsmobs:kangaroo_meat":1,"minecraft:cobblestone":350,"minecraft:birch_log":68,"born_in_chaos_v1:corpse_maggot":9,"minecraft:lime_bed":2,"minecraft:mud_bricks":8,"minecraft:feather":1,"mores:tin_shield":1,"minecraft:salmon":13,"minecraft:leather":4,"mores:tin_leggings":1,"minecraft:flint":4,"minecraft:oak_log":241,"minecraft:cobblestone_stairs":1,"minecraft:dirt":201,"minecraft:white_banner":1,"naturalist:bass":14,"minecraft:bone":5,"minecraft:wheat_seeds":3,"minecraft:rabbit_hide":3,"minecraft:iron_ingot":1,"dynamictrees:birch_seed":17,"minecraft:rabbit":5,"minecraft:cyan_concrete":1,"minecraft:oak_planks":42,"minecraft:dark_oak_stairs":1,"luminousworld:bass_item":3,"minecraft:black_terracotta":1,"luminousworld:clovers_1":7,"ecologics:prickly_pear":1,"minecraft:gravel":37,"minecraft:sand":47,"minecraft:dark_oak_log":30,"quark:oak_chest":2,"luminousworld:whiteoaklog":1,"minecraft:mossy_cobblestone":10,"minecraft:iron_hoe":1,"alexsmobs:raw_catfish":2,"minecraft:slime_ball":1,"minecraft:bone_meal":1,"minecraft:bread":17,"alexsmobs:maggot":2,"tombstone:magic_scroll":1,"born_in_chaos_v1:rotten_fish":3,"mores:raw_silver":9,"minecraft:coal":87,"iceandfire:raw_silver":2},"minecraft:used":{"minecraft:oak_fence":17,"mores:cobalt_axe":87,"minecraft:stone_sword":62,"minecraft:stone_shovel":202,"dynamictrees:oak_seed":2,"minecraft:cooked_salmon":7,"minecraft:rotten_flesh":2,"minecraft:torch":59,"mores:cobalt_shovel":48,"minecraft:dirt":158,"minecraft:cut_copper":1,"minecraft:carrot":30,"naturalist:cooked_bass":7,"ecologics:prickly_pear":1,"minecraft:oak_fence_gate":2,"minecraft:birch_door":6,"born_in_chaos_v1:corpse_maggot":6,"minecraft:wooden_axe":10,"alexsmobs:maggot":1,"minecraft:oak_stairs":27,"minecraft:furnace":4,"mores:tin_shield":3,"tombstone:gift":5,"undead_revamp2:arapholia":1,"minecraft:cooked_beef":3,"luminousworld:clovers_1":1,"luminousworld:palm_log":1,"naturalist:bass":2,"alexsmobs:cooked_catfish":2,"minecraft:cobblestone_stairs":44,"minecraft:rabbit":5,"minecraft:stone_pickaxe":134,"minecraft:oak_planks":96,"minecraft:cactus":2,"minecraft:wooden_pickaxe":60,"luminousworld:groundpebbles_1":1,"minecraft:green_bed":20,"minecraft:salmon":3,"mores:cobalt_sword":245,"minecraft:sand":16,"minecraft:crafting_table":11,"minecraft:spider_eye":1,"luminousworld:cooked_bass":3,"minecraft:birch_fence":1,"minecraft:oak_log":173,"minecraft:chicken":1,"minecraft:bread":17,"alexsmobs:kangaroo_meat":1,"mores:cobalt_pickaxe":275,"minecraft:gravel":8,"luminousworld:palmplank":27,"minecraft:stone_axe":66,"minecraft:enchanted_book":3,"luminousworld:trout":2,"minecraft:wooden_sword":11,"minecraft:cobblestone":129,"born_in_chaos_v1:rotten_fish":1,"minecraft:white_banner":1,"minecraft:porkchop":6,"luminousworld:cooked_trout":6,"minecraft:glass_pane":27,"minecraft:birch_log":33,"alexsmobs:animal_dictionary":3,"quark:oak_chest":8,"minecraft:oak_boat":1},"minecraft:custom":{"minecraft:mob_kills":99,"minecraft:interact_with_crafting_table":67,"minecraft:damage_dealt_resisted":1099,"minecraft:leave_game":2,"minecraft:time_since_death":133805,"minecraft:climb_one_cm":3120,"minecraft:sprint_one_cm":677398,"minecraft:walk_one_cm":820918,"minecraft:damage_blocked_by_shield":30,"minecraft:drop":36,"minecraft:play_time":269848,"minecraft:deaths":12,"minecraft:sneak_time":3654,"minecraft:walk_under_water_one_cm":65450,"minecraft:boat_one_cm":121555,"minecraft:jump":4397,"minecraft:walk_on_water_one_cm":65718,"minecraft:total_world_time":269848,"minecraft:interact_with_furnace":73,"tombstone:raider_killed":2,"minecraft:pot_flower":1,"minecraft:sleep_in_bed":22,"minecraft:time_since_rest":16867,"minecraft:damage_taken":6199,"minecraft:damage_dealt":10417,"minecraft:swim_one_cm":179926,"minecraft:fly_one_cm":982130,"minecraft:player_kills":1,"minecraft:open_chest":138,"minecraft:crouch_one_cm":8982,"tombstone:undead_killed":13,"minecraft:fall_one_cm":110545,"minecraft:horse_one_cm":2276},"minecraft:crafted":{"minecraft:wooden_sword":1,"minecraft:oak_planks":276,"minecraft:stone_shovel":2,"minecraft:leather_boots":1,"minecraft:furnace":2,"minecraft:cobblestone_stairs":48,"naturalist:cooked_bass":12,"minecraft:glass_pane":32,"minecraft:glass":32,"minecraft:iron_boots":1,"luminousworld:white_oak_plank":4,"minecraft:stone_pickaxe":2,"minecraft:birch_door":3,"alexsmobs:cooked_catfish":2,"minecraft:dark_oak_planks":120,"minecraft:oak_fence":24,"luminousworld:palmplank":36,"minecraft:cooked_beef":5,"mores:cobalt_sword":1,"luminousworld:cooked_bass":3,"minecraft:crafting_table":6,"minecraft:iron_helmet":1,"mores:cobalt_pickaxe":1,"minecraft:wooden_pickaxe":1,"mores:cobalt_axe":1,"luminousworld:cooked_trout":6,"minecraft:cooked_salmon":10,"minecraft:bucket":1,"minecraft:birch_planks":8,"minecraft:stone_axe":1,"minecraft:air":0,"minecraft:oak_fence_gate":2,"minecraft:oak_boat":1,"minecraft:iron_chestplate":1,"minecraft:stick":8,"quark:oak_chest":6,"minecraft:oak_stairs":28,"minecraft:wooden_axe":2,"minecraft:stone_sword":1,"minecraft:torch":104,"mores:cobalt_shovel":1},"minecraft:mined":{"minecraft:dark_oak_planks":1,"luminousworld:groundpebbles_1":1,"iceandfire:silver_ore":2,"minecraft:mossy_cobblestone":10,"luminousworld:grassvariant_4":5,"minecraft:cobblestone_stairs":1,"luminousworld:blue_petunias":6,"minecraft:grass_block":171,"luminousworld:grassvariant_2":10,"minecraft:mud_bricks":10,"minecraft:tall_seagrass":2,"dynamictrees:oak_leaves":5,"minecraft:furnace":2,"minecraft:fire":10,"minecraft:cyan_concrete":1,"minecraft:oak_stairs":1,"minecraft:cut_copper":1,"luminousworld:clovers_3":1,"minecraft:stone":329,"minecraft:green_bed":21,"supplementaries:book_pile":1,"quark:oak_chest":2,"minecraft:oak_fence":3,"minecraft:crafting_table":8,"minecraft:torch":7,"minecraft:dead_bush":5,"minecraft:cobblestone":2,"minecraft:oak_planks":10,"mores:tin_ore":7,"minecraft:wall_torch":14,"minecraft:seagrass":1,"luminousworld:whiteoaklog":2,"minecraft:spruce_stairs":1,"minecraft:lime_bed":2,"luminousworld:clovers_1":1,"minecraft:birch_log":33,"minecraft:birch_door":3,"born_in_chaos_v1:river_mint":1,"minecraft:grass":26,"luminousworld:clovers_5":1,"minecraft:coal_ore":72,"minecraft:oak_log":32,"minecraft:gravel":40,"minecraft:sand":47,"minecraft:dirt":30,"mores:silver_ore":11,"luminousworld:grassvariant_3":10,"luminousworld:palm_log":10,"luminousworld:elephant_grass":1,"minecraft:birch_fence":1},"minecraft:killed":{"earthmobsmod:duck":1,"undead_revamp2:theimmortal":1,"born_in_chaos_v1:zombie_lumberjack":1,"illagerinvasion:marauder":1,"luminousworld:swallowtail":1,"alexsmobs:tasmanian_devil":1,"enemyexpansion:direwolf":1,"luminousworld:yellow_swallowtail":1,"born_in_chaos_v1:maggot":2,"minecraft:skeleton":1,"naturalist:bass":15,"born_in_chaos_v1:skeleton_thrasher":1,"born_in_chaos_v1:corpse_fish":3,"luminousworld:bass_fish":5,"undead_revamp2:therod":1,"enemyexpansion:goblin":2,"alexsmobs:kangaroo":1,"minecraft:husk":1,"minecraft:pig":3,"minecraft:zombie_villager":1,"born_in_chaos_v1:baby_skeleton":1,"minecraft:salmon":14,"undead_revamp2:the_moonflower":3,"minecraft:rabbit":5,"luminousworld:trout_fish":7,"minecraft:creeper":1,"luminousworld:blue_monarch":1,"alexsmobs:catfish":4,"minecraft:pillager":1,"alexsmobs:terrapin":5,"born_in_chaos_v1:corpse_fly":6,"alexsmobs:fly":1,"alexsmobs:crow":1,"minecraft:cow":3,"enemyexpansion:slugger":2},"minecraft:broken":{"minecraft:wooden_pickaxe":1,"minecraft:stone_pickaxe":1,"minecraft:stone_axe":1,"minecraft:stone_shovel":1},"minecraft:dropped":{"minecraft:wheat_seeds":2,"minecraft:cooked_beef":2,"dynamictrees:dark_oak_seed":4,"minecraft:coal":7,"minecraft:stick":64,"minecraft:dirt":1,"born_in_chaos_v1:river_mint":2,"minecraft:torch":24,"minecraft:white_wool":3,"alexsmobs:maggot":1,"minecraft:stone_sword":1,"alexsmobs:animal_dictionary":1,"minecraft:stone_shovel":1,"born_in_chaos_v1:rotten_fish":2,"mores:bronze_horse_armor":1,"minecraft:rotten_flesh":9,"minecraft:oak_planks":5,"minecraft:lime_bed":2,"minecraft:stone_pickaxe":1}},"DataVersion":3465}