{"stats":{"minecraft:used":{"naturalist:bass":1,"minecraft:stone_sword":3,"minecraft:rabbit":5,"minecraft:stone_pickaxe":11,"minecraft:cactus":2,"minecraft:wooden_pickaxe":16,"dynamictrees:oak_seed":2,"luminousworld:groundpebbles_1":1,"minecraft:green_bed":10,"minecraft:sand":16,"minecraft:crafting_table":3,"minecraft:spider_eye":1,"ecologics:prickly_pear":1,"minecraft:birch_fence":1,"minecraft:wooden_axe":10,"minecraft:bread":2,"alexsmobs:kangaroo_meat":1,"luminousworld:palmplank":1,"minecraft:stone_axe":2,"minecraft:wooden_sword":11,"minecraft:cobblestone":2,"tombstone:gift":2,"alexsmobs:animal_dictionary":3,"luminousworld:palm_log":1},"minecraft:killed":{"minecraft:husk":1,"undead_revamp2:theimmortal":1,"minecraft:zombie_villager":1,"minecraft:rabbit":5,"naturalist:bass":1,"alexsmobs:fly":1,"alexsmobs:kangaroo":1},"minecraft:picked_up":{"luminousworld:groundpebbles_1":1,"minecraft:lime_bed":2,"minecraft:crafting_table":2,"born_in_chaos_v1:river_mint":2,"minecraft:oak_log":18,"minecraft:dirt":1,"minecraft:string":1,"minecraft:wooden_sword":1,"naturalist:bass":1,"minecraft:bone":2,"minecraft:birch_fence":1,"luminousworld:palm_log":10,"minecraft:rabbit_hide":3,"dynamictrees:oak_seed":7,"minecraft:rabbit":5,"minecraft:cyan_concrete":1,"minecraft:stick":21,"ecologics:prickly_pear":1,"minecraft:oak_fence":2,"minecraft:green_bed":10,"minecraft:sand":1,"minecraft:rotten_flesh":3,"minecraft:cactus":5,"minecraft:bread":5,"alexsmobs:maggot":2,"tombstone:magic_scroll":1,"minecraft:coal":10,"alexsmobs:kangaroo_meat":1,"minecraft:cobblestone":14},"minecraft:custom":{"minecraft:mob_kills":11,"minecraft:interact_with_crafting_table":9,"minecraft:pot_flower":1,"minecraft:leave_game":1,"minecraft:time_since_death":10860,"minecraft:sleep_in_bed":3,"minecraft:climb_one_cm":2530,"minecraft:time_since_rest":0,"minecraft:sprint_one_cm":179025,"minecraft:damage_taken":2985,"minecraft:walk_one_cm":173313,"minecraft:drop":16,"minecraft:damage_dealt":1446,"minecraft:swim_one_cm":42537,"minecraft:fly_one_cm":418392,"minecraft:player_kills":1,"minecraft:open_chest":9,"minecraft:crouch_one_cm":1246,"minecraft:play_time":53257,"tombstone:undead_killed":3,"minecraft:deaths":10,"minecraft:sneak_time":713,"minecraft:walk_under_water_one_cm":12349,"minecraft:boat_one_cm":96535,"minecraft:jump":1564,"minecraft:walk_on_water_one_cm":33312,"minecraft:total_world_time":53257,"minecraft:fall_one_cm":37356,"minecraft:horse_one_cm":2276},"minecraft:crafted":{"minecraft:wooden_sword":1,"minecraft:oak_planks":44,"minecraft:crafting_table":2,"minecraft:wooden_pickaxe":1,"minecraft:stone_axe":1,"minecraft:stick":8,"minecraft:stone_pickaxe":1,"minecraft:wooden_axe":2,"minecraft:stone_sword":1,"luminousworld:palmplank":36},"minecraft:dropped":{"alexsmobs:maggot":1,"alexsmobs:animal_dictionary":1,"minecraft:rotten_flesh":9,"minecraft:lime_bed":2,"born_in_chaos_v1:river_mint":2,"minecraft:white_wool":3},"minecraft:mined":{"luminousworld:groundpebbles_1":1,"minecraft:oak_fence":2,"minecraft:crafting_table":3,"minecraft:grass_block":1,"minecraft:dead_bush":5,"minecraft:spruce_stairs":1,"minecraft:lime_bed":2,"born_in_chaos_v1:river_mint":1,"minecraft:grass":1,"minecraft:coal_ore":10,"minecraft:oak_log":5,"minecraft:cyan_concrete":1,"minecraft:sand":1,"luminousworld:palm_log":10,"minecraft:stone":14,"minecraft:green_bed":10,"minecraft:birch_fence":1}},"DataVersion":3465}