{"stats":{"minecraft:dropped":{"minecraft:mud_brick_slab":13,"minecraft:glow_ink_sac":6,"minecraft:glass_bottle":2,"minecraft:crafting_table":1,"minecraft:dark_oak_slab":1,"minecraft:crossbow":1,"minecraft:warped_roots":6,"tombstone:tablet_of_assistance":1,"minecraft:cracked_stone_bricks":6,"born_in_chaos_v1:pieceofdarkmetal":1,"securitycraft:cobblestone_mine":2,"mores:cobalt_axe":1,"born_in_chaos_v1:monster_flesh":2,"minecraft:packed_mud":10,"minecraft:dirt":1262,"minecraft:grass":7,"minecraft:dark_oak_trapdoor":2,"luminousworld:palmstairs":2,"minecraft:sugar":2,"minecraft:iron_pickaxe":1,"minecraft:dark_oak_planks":16,"mores:tourmaline_shield":2,"luminousworld:clovers_1":17,"minecraft:bone":26,"minecraft:waxed_cut_copper_slab":7,"minecraft:sugar_cane":3,"minecraft:lever":4,"alexsmobs:gazelle_horn":2,"minecraft:iron_nugget":49,"luminousworld:white_oak_plank":6,"alexsmobs:animal_dictionary":1,"minecraft:cobbled_deepslate":2016,"minecraft:tinted_glass":11,"aether:golden_gloves":2,"minecraft:wheat":15,"minecraft:rotten_flesh":108,"minecraft:oak_planks":150,"minecraft:jungle_trapdoor":4,"luminousworld:grassflowers":1,"alexscaves:cave_book":1,"minecraft:jungle_stairs":5,"minecraft:jungle_log":65,"minecraft:ladder":32,"minecraft:spruce_slab":5,"minecraft:red_nether_bricks":10,"minecraft:glass":26,"minecraft:stone_brick_stairs":2,"luminousworld:whiteoaklog":36,"minecraft:infested_cobblestone":18,"minecraft:enchanted_book":1,"minecraft:iron_ingot":6,"born_in_chaos_v1:intoxicating_decoction":1,"born_in_chaos_v1:shattered_skull":1,"minecraft:wheat_seeds":167,"luminousworld:ishstone":50,"dynamictrees:birch_seed":32,"minecraft:dripstone_block":20,"minecraft:cobblestone":3900,"minecraft:iron_helmet":1,"minecraft:dark_prismarine_slab":2,"minecraft:apple":5,"minecraft:granite":515,"minecraft:deepslate_tile_slab":4,"minecraft:chainmail_helmet":1,"minecraft:lava_bucket":1,"minecraft:jungle_slab":6,"mores:cobalt_pickaxe":1,"born_in_chaos_v1:black_argillite":41,"minecraft:iron_trapdoor":2,"minecraft:wooden_axe":1,"minecraft:rose_bush":2,"minecraft:oak_stairs":41,"mores:tin_battleaxe":1,"minecraft:smooth_stone":4,"minecraft:string":21,"minecraft:polished_deepslate_wall":6,"minecraft:gray_carpet":4,"minecraft:furnace":13,"minecraft:stone_sword":1,"minecraft:cobblestone_wall":17,"minecraft:dark_oak_sign":5,"mores:raw_tin":99,"minecraft:smooth_stone_slab":3,"luminousworld:auburnlog":5,"minecraft:clay_ball":50,"minecraft:red_sandstone_slab":1,"mores:raw_cobalt":1,"mores:tin_boots":1,"quark:dark_oak_bookshelf":2,"minecraft:oak_sign":1,"quark:black_corundum":6,"minecraft:diamond_sword":2,"minecraft:waxed_cut_copper":12,"minecraft:peony":2,"minecraft:spruce_trapdoor":3,"minecraft:bundle":2,"endrem:cursed_eye":1,"minecraft:spider_eye":1,"minecraft:stone_bricks":69,"minecraft:blue_orchid":1,"luminousworld:blue_petunias":2,"mores:tin_leggings":2,"minecraft:cooked_rabbit":5,"mores:tin_shield":2,"minecraft:terracotta":2,"minecraft:birch_planks":6,"minecraft:brown_mushroom":9,"minecraft:moss_block":14,"minecraft:dark_oak_stairs":9,"quark:glow_shroom":2,"luminousworld:yellowpetunias":2,"minecraft:oak_log":65,"minecraft:ender_pearl":1,"luminousworld:white_petunias":1,"minecraft:jungle_fence":4,"minecraft:red_nether_brick_slab":3,"minecraft:jungle_planks":59,"minecraft:flint":9,"minecraft:cobblestone_stairs":86,"mores:tin_helmet":1,"minecraft:cracked_polished_blackstone_bricks":21,"tombstone:bag_of_seeds":1,"dynamictrees:jungle_seed":127,"minecraft:cut_copper":10,"minecraft:polished_blackstone_bricks":16,"minecraft:birch_log":1,"minecraft:gravel":70,"mores:anthracite":1,"minecraft:blackstone":5,"hangglider:hang_glider":2,"supplementaries:wind_vane":1,"dynamictrees:oak_seed":24,"minecraft:twisting_vines":1,"minecraft:pointed_dripstone":47,"minecraft:black_terracotta":8,"minecraft:fern":2,"minecraft:mossy_stone_brick_slab":1,"minecraft:stone_stairs":1,"luminousworld:savannah_soil":5,"minecraft:carrot":80,"undead_revamp2:cloogerribs":15,"supplementaries:ash":15,"minecraft:gunpowder":9,"minecraft:stone_brick_wall":2,"born_in_chaos_v1:corpse_maggot":5,"born_in_chaos_v1:diamond_termite_shard":4,"minecraft:basalt":1,"minecraft:iron_bars":1,"minecraft:arrow":9,"minecraft:quartz":8,"minecraft:oak_leaves":3,"minecraft:netherrack":5,"minecraft:purple_carpet":1,"minecraft:bread":73,"minecraft:purple_terracotta":1,"minecraft:oak_slab":3,"minecraft:mossy_cobblestone":6,"luminousworld:white_oak_sapling":3,"dynamictrees:dark_oak_seed":5,"minecraft:dead_horn_coral_block":5,"minecraft:grass_block":1,"mores:tin_sword":1,"minecraft:stick":538,"quark:glow_lichen_growth":1,"quark:clear_shard":83,"minecraft:mud_brick_wall":2,"illagerinvasion:platinum_chunk":1,"minecraft:diorite":144,"minecraft:torch":1,"tombstone:grave_key":2,"luminousworld:auburn_sapling":1,"luminousworld:savannah_ground":2,"minecraft:melon_slice":7,"tombstone:grave_dust":5,"minecraft:jungle_leaves":2,"minecraft:iron_axe":2,"minecraft:redstone_block":2,"minecraft:redstone":2,"minecraft:polished_deepslate":11,"minecraft:kelp":2,"minecraft:nether_wart":2,"luminousworld:soft_birch_log":4,"minecraft:raw_copper":43,"minecraft:tuff":30,"minecraft:raw_iron":2,"mores:chocolate":1,"minecraft:waxed_exposed_cut_copper":3,"minecraft:red_nether_brick_stairs":8,"minecraft:mud_bricks":20,"minecraft:gray_terracotta":5,"minecraft:oak_button":30,"luminousworld:palmplank":9,"minecraft:diamond_chestplate":1,"mowziesmobs:umvuthana_mask_misery":1,"mores:tin_chestplate":2,"luminousworld:groundpebbles_1":7,"minecraft:andesite":375,"minecraft:mossy_stone_bricks":25,"minecraft:oak_boat":1,"mores:raw_silver":16,"minecraft:waxed_oxidized_cut_copper":4,"minecraft:slime_ball":4,"minecraft:dead_brain_coral_block":7,"minecraft:calcite":10,"stalwart_dungeons:wooden_hammer":1,"luminousworld:purple_petunias":1},"minecraft:custom":{"minecraft:interact_with_crafting_table":186,"minecraft:open_barrel":61,"minecraft:bell_ring":14,"minecraft:leave_game":30,"minecraft:time_since_death":2124,"minecraft:damage_blocked_by_shield":340,"minecraft:play_time":1260751,"minecraft:deaths":54,"minecraft:jump":21694,"minecraft:interact_with_furnace":133,"minecraft:sleep_in_bed":49,"minecraft:damage_dealt":37392,"tombstone:undead_killed":64,"minecraft:interact_with_anvil":33,"minecraft:sneak_time":4062,"minecraft:interact_with_blast_furnace":68,"minecraft:total_world_time":1260751,"tombstone:raider_killed":8,"minecraft:tune_noteblock":48,"minecraft:interact_with_stonecutter":5,"minecraft:time_since_rest":1932,"minecraft:swim_one_cm":419228,"minecraft:fly_one_cm":5050202,"minecraft:open_chest":612,"minecraft:fall_one_cm":628416,"minecraft:damage_resisted":243,"minecraft:sprint_one_cm":4553416,"minecraft:drop":807,"minecraft:play_noteblock":6,"minecraft:walk_on_water_one_cm":263571,"minecraft:player_kills":5,"minecraft:crouch_one_cm":4435,"minecraft:mob_kills":157,"minecraft:damage_dealt_resisted":791,"minecraft:climb_one_cm":159568,"minecraft:walk_one_cm":3208072,"minecraft:walk_under_water_one_cm":170122,"minecraft:boat_one_cm":345090,"minecraft:damage_taken":40131,"minecraft:damage_absorbed":521,"minecraft:trigger_trapped_chest":1},"minecraft:crafted":{"minecraft:smooth_stone":18,"quark:birch_chest":3,"quark:dark_oak_bookshelf":5,"minecraft:bookshelf":6,"minecraft:cooked_mutton":3,"minecraft:glass":65,"vanillaplustools:iron_hammer":4,"mores:tin_ingot":158,"luminousworld:palmplank":40,"quark:jungle_bookshelf":24,"minecraft:copper_ingot":66,"minecraft:campfire":6,"quark:oak_chest":6,"minecraft:iron_pickaxe":39,"minecraft:iron_block":3,"minecraft:gold_ingot":26,"minecraft:jungle_sign":9,"hangglider:glider_framework":1,"minecraft:smooth_stone_slab":10,"minecraft:iron_nugget":54,"quark:jungle_chest":4,"minecraft:bone_meal":1374,"hangglider:glider_wing":2,"mores:tin_shield":3,"mores:cobalt_helmet":2,"minecraft:lantern":5,"minecraft:ladder":72,"luminousworld:white_oak_plank":144,"minecraft:cobbled_deepslate_stairs":32,"minecraft:jungle_fence":27,"minecraft:dark_oak_planks":40,"minecraft:wheat":378,"luminousworld:autumnplank":32,"ironchest:gold_chest":1,"mores:tourmaline_shield":1,"minecraft:enchanting_table":1,"mores:cobalt_axe":1,"luminousworld:white_oak_stairs":24,"mores:tin_leggings":6,"minecraft:jungle_slab":24,"mores:tin_boots":5,"minecraft:wooden_axe":3,"minecraft:iron_shovel":9,"minecraft:armor_stand":7,"minecraft:white_bed":1,"securitycraft:mine":3,"minecraft:oak_planks":376,"hangglider:hang_glider":1,"minecraft:cobblestone_stairs":40,"minecraft:stone":21,"stalwart_dungeons:wooden_hammer":1,"tombstone:grave_key":1,"minecraft:oak_button":30,"minecraft:jungle_stairs":120,"minecraft:golden_sword":1,"mores:silver_ingot":17,"mores:tin_chestplate":5,"minecraft:crafting_table":14,"luminousworld:palmstairs":20,"mores:cobalt_pickaxe":2,"minecraft:wooden_pickaxe":10,"minecraft:iron_helmet":1,"mores:tin_helmet":6,"mores:iron_mace":1,"mores:tin_hoe":1,"minecraft:birch_planks":120,"mores:cobalt_chestplate":1,"ironchest:diamond_chest":1,"minecraft:charcoal":7,"minecraft:shield":1,"mores:tourmaline_pickaxe":1,"minecraft:stick":100,"minecraft:iron_ingot":124,"minecraft:shears":1,"vanillaplustools:wooden_hammer":1,"mores:tin_pickaxe":1,"vanillaplustools:iron_shovel":1,"minecraft:furnace":13,"mores:cobalt_boots":1,"minecraft:jungle_trapdoor":18,"quark:dark_oak_chest":1,"minecraft:iron_axe":7,"minecraft:cobblestone_wall":24,"minecraft:diamond_sword":1,"minecraft:jungle_wood":18,"mores:cobalt_ingot":56,"mores:tin_battleaxe":1,"minecraft:iron_sword":1,"ironchest:copper_chest":1,"minecraft:bucket":2,"minecraft:bread":188,"minecraft:air":0,"minecraft:jungle_planks":1857,"securitycraft:dirt_mine":3,"minecraft:oak_boat":1,"mores:tin_sword":1,"mores:cobalt_leggings":1,"minecraft:stonecutter":1,"minecraft:anvil":1,"minecraft:torch":316,"mores:cobalt_shovel":3,"ironchest:iron_chest":1},"minecraft:killed_by":{"minecraft:zombie":1,"undead_revamp2:thespitter":1,"undead_revamp2:thesmoker":1,"minecraft:player":3},"minecraft:mined":{"minecraft:dark_oak_planks":29,"minecraft:red_nether_brick_slab":5,"minecraft:white_bed":1,"minecraft:black_terracotta":16,"minecraft:jungle_leaves":9,"minecraft:red_nether_bricks":19,"ecologics:surface_moss":1,"minecraft:granite":580,"epicsamurai:silver_ore":4,"placeablesmod:carrot_block_1":2,"minecraft:jungle_log":2,"quark:yellow_corundum":4,"minecraft:deepslate_tile_stairs":2,"ironchest:copper_chest":1,"luminousworld:savanna_grass_2":2,"minecraft:chiseled_stone_bricks":2,"minecraft:spawner":8,"minecraft:polished_blackstone_bricks":8,"epicsamurai:deepslate_jade_ore":32,"mores:deepslate_tourmaline_ore":23,"minecraft:dark_oak_trapdoor":2,"mores:nether_tanzanite_ore":1,"minecraft:cobbled_deepslate":41,"minecraft:fire":46,"dynamictrees:rooty_grass_block":1,"minecraft:moss_carpet":25,"minecraft:deepslate_lapis_ore":21,"minecraft:stripped_dark_oak_wood":5,"quark:black_corundum_cluster":4,"minecraft:enchanting_table":1,"minecraft:cave_vines":4,"minecraft:oak_sign":1,"minecraft:polished_deepslate_slab":1,"minecraft:dirt_path":7,"minecraft:oak_stairs":48,"minecraft:blue_orchid":2,"minecraft:jungle_trapdoor":3,"minecraft:sandstone_slab":2,"minecraft:kelp_plant":1,"minecraft:amethyst_cluster":1,"minecraft:deepslate_tile_slab":3,"mores:deepslate_anthracite_ore":10,"minecraft:torch":19,"minecraft:note_block":3,"born_in_chaos_v1:infected_deepslate_diamond_ore":5,"minecraft:blast_furnace":9,"mores:topaz_ore":3,"minecraft:polished_andesite_stairs":1,"minecraft:melon":14,"mores:tourmaline_ore":13,"minecraft:dead_bush":4,"minecraft:nether_brick_slab":2,"minecraft:glass":4,"minecraft:cyan_bed":19,"minecraft:sugar_cane":1,"minecraft:amethyst_block":2,"minecraft:skeleton_skull":1,"minecraft:chain":1,"minecraft:tinted_glass":11,"minecraft:light_gray_stained_glass":1,"minecraft:wheat":38,"minecraft:lilac":2,"minecraft:stone_brick_stairs":11,"minecraft:grass":114,"mores:silver_ore":34,"quark:yellow_corundum_cluster":1,"luminousworld:grassvariant_3":11,"luminousworld:palm_log":11,"minecraft:smooth_basalt":2,"minecraft:stonecutter":2,"minecraft:deepslate":4054,"luminousworld:savannah_ground":1,"minecraft:dark_prismarine":9,"minecraft:mossy_cobblestone":9,"epicsamurai:deepslate_onyx_ore":6,"minecraft:jungle_planks":92,"born_in_chaos_v1:black_argillite":44,"luminousworld:grassvariant_2":11,"luminousworld:whiteoakleaves":34,"minecraft:moss_block":412,"dynamictrees:oak_leaves":12,"minecraft:redstone_ore":5,"minecraft:waxed_oxidized_cut_copper":40,"minecraft:packed_mud":22,"dynamictrees:oak_undergrowth_leaves":185,"minecraft:red_sandstone":8,"minecraft:andesite":501,"mores:deepslate_cobalt_ore":41,"minecraft:vine":2,"minecraft:brain_coral_wall_fan":1,"ironchest:iron_chest":1,"minecraft:smooth_quartz_stairs":1,"luminousworld:clovers_3":1,"minecraft:bone_block":153,"minecraft:mud_brick_slab":13,"luminousworld:savannah_soil":11,"minecraft:red_sandstone_slab":1,"quark:oak_chest":3,"minecraft:stone_brick_slab":7,"minecraft:smooth_sandstone":2,"minecraft:warped_roots":6,"minecraft:campfire":1,"luminousworld:auburnlog":5,"minecraft:lightning_rod":2,"minecraft:copper_ore":47,"minecraft:tall_grass":25,"minecraft:deepslate_gold_ore":33,"minecraft:diorite":294,"mores:tin_ore":91,"luminousworld:whiteoaklog":62,"mores:deepslate_tin_ore":58,"minecraft:white_carpet":6,"minecraft:dark_prismarine_slab":3,"luminousworld:clovers_5":2,"luminousworld:ishstone":202,"minecraft:gravel":116,"minecraft:dripstone_block":38,"minecraft:cobweb":9,"minecraft:polished_blackstone":1,"minecraft:stone_bricks":104,"mores:deepslate_silver_ore":28,"minecraft:gold_ore":18,"minecraft:waxed_exposed_cut_copper":6,"minecraft:iron_trapdoor":2,"minecraft:fern":5,"luminousworld:white_petunias":1,"minecraft:waxed_cut_copper_slab":3,"minecraft:large_amethyst_bud":2,"minecraft:prismarine_wall":3,"minecraft:cobbled_deepslate_stairs":2,"minecraft:cobblestone_stairs":11,"mores:nether_anthracite_ore":5,"minecraft:cave_vines_plant":3,"quark:glow_shroom_stem":1,"minecraft:budding_amethyst":1,"minecraft:grass_block":671,"minecraft:cracked_polished_blackstone_bricks":12,"minecraft:mud_brick_wall":1,"minecraft:mud_bricks":66,"minecraft:sandstone_stairs":1,"minecraft:gilded_blackstone":6,"minecraft:glowstone":12,"undead_revamp2:bostroxore":3,"minecraft:red_nether_brick_stairs":6,"minecraft:iron_ore":130,"minecraft:anvil":2,"minecraft:brown_bed":2,"minecraft:azure_bluet":1,"minecraft:dark_oak_stairs":13,"minecraft:pointed_dripstone":25,"minecraft:skeleton_wall_skull":1,"supplementaries:stick":2,"minecraft:iron_bars":3,"minecraft:purple_carpet":4,"epicsamurai:deepslate_silver_ore":16,"dynamictrees:jungle_undergrowth_leaves":52,"minecraft:azalea":11,"minecraft:brain_coral_block":8,"minecraft:spruce_slab":6,"minecraft:waxed_cut_copper_stairs":7,"minecraft:waxed_cut_copper":14,"minecraft:deepslate_redstone_ore":7,"minecraft:gray_terracotta":23,"minecraft:blackstone":5,"minecraft:twisting_vines_plant":1,"luminousworld:purple_petunias":1,"minecraft:soul_lantern":4,"minecraft:clay":5,"minecraft:jungle_stairs":5,"minecraft:calcite":11,"minecraft:poppy":1,"mores:anthracite_ore":6,"minecraft:nether_quartz_ore":6,"minecraft:cobblestone":208,"minecraft:oak_planks":179,"minecraft:wall_torch":39,"minecraft:deepslate_copper_ore":9,"minecraft:seagrass":3,"minecraft:stone_stairs":1,"minecraft:warped_nylium":6,"minecraft:dark_oak_slab":1,"epicsamurai:aquamarine_ore":7,"ironchest:diamond_chest":1,"dynamictrees:birch_leaves":7,"minecraft:tnt":1,"minecraft:oak_log":70,"minecraft:dirt":957,"minecraft:sand":96,"epicsamurai:tanuki_statue":1,"minecraft:netherrack":217,"mores:deepslate_topaz_ore":35,"minecraft:polished_deepslate_wall":6,"minecraft:horn_coral_block":6,"minecraft:nether_gold_ore":5,"minecraft:diamond_ore":4,"luminousworld:groundpebbles_1":2,"minecraft:tuff":130,"luminousworld:grassvariant_4":14,"minecraft:deepslate_diamond_ore":5,"luminousworld:blue_petunias":1,"born_in_chaos_v1:infected_diamond_ore":12,"minecraft:purple_terracotta":2,"minecraft:white_stained_glass":1,"luminousworld:clovers_2":1,"quark:jungle_chest":2,"minecraft:polished_andesite_slab":1,"minecraft:birch_slab":1,"luminousworld:white_oak_plank":1,"minecraft:sandstone":1,"minecraft:hay_block":45,"minecraft:furnace":8,"minecraft:carrots":1,"minecraft:nether_sprouts":3,"luminousworld:palmstairs":8,"minecraft:bell":2,"minecraft:peony":3,"minecraft:gold_block":1,"minecraft:polished_deepslate":27,"minecraft:bookshelf":32,"minecraft:deepslate_iron_ore":35,"minecraft:lantern":5,"minecraft:stripped_oak_log":22,"minecraft:stone":7289,"luminousworld:soft_birch_log":15,"minecraft:flowering_azalea":1,"mores:cobalt_ore":114,"minecraft:infested_stone_bricks":5,"luminousworld:palmplank":9,"minecraft:stripped_dark_oak_log":6,"minecraft:basalt":1,"epicsamurai:deepslate_aquamarine_ore":8,"minecraft:oak_fence":2,"minecraft:crafting_table":6,"luminousworld:savannah_grass_1":1,"minecraft:purple_wall_banner":1,"minecraft:rose_bush":3,"minecraft:lapis_ore":8,"quark:black_corundum":6,"minecraft:birch_planks":7,"minecraft:lime_bed":2,"mores:deepslate_ruby_ore":2,"placeablesmod:carrot_block_2":1,"minecraft:coal_ore":166,"minecraft:bubble_coral_wall_fan":1,"minecraft:gray_carpet":3,"dynamictrees:oak_sapling":1,"minecraft:cracked_stone_bricks":17,"minecraft:terracotta":4,"minecraft:polished_andesite":1,"minecraft:mossy_stone_bricks":33,"minecraft:birch_fence":3,"epicsamurai:ruby_ore":5},"minecraft:broken":{"aether:golden_gloves":1,"minecraft:diamond_helmet":1,"minecraft:shears":1,"vanillaplustools:wooden_hammer":1,"mores:tin_helmet":4,"vanillaplustools:iron_shovel":1,"minecraft:iron_sword":1,"mores:tin_boots":3,"minecraft:diamond_leggings":1,"aether:iron_gloves":1,"minecraft:wooden_pickaxe":1,"mores:cobalt_pickaxe":2,"minecraft:iron_pickaxe":2,"mores:tin_hoe":1,"mores:tin_leggings":3,"vanillaplustools:iron_hammer":2,"minecraft:diamond_boots":1,"minecraft:wooden_axe":3,"aether:chainmail_gloves":1,"mores:cobalt_shovel":3,"mores:tin_chestplate":2,"mowziesmobs:umvuthana_mask_misery":1,"mores:tin_pickaxe":1,"mores:tin_shield":1},"minecraft:picked_up":{"minecraft:wooden_axe":1,"minecraft:iron_chestplate":2,"minecraft:anvil":2,"minecraft:diamond_sword":7,"minecraft:oak_stairs":41,"minecraft:brown_bed":1,"minecraft:enchanted_book":3,"minecraft:polished_deepslate_wall":6,"minecraft:amethyst_block":2,"minecraft:polished_deepslate":26,"minecraft:string":18,"minecraft:dark_oak_trapdoor":4,"minecraft:cooked_salmon":3,"minecraft:red_nether_bricks":10,"dynamictrees:dark_oak_seed":5,"minecraft:diamond_leggings":1,"minecraft:gold_nugget":181,"minecraft:cobbled_deepslate":2412,"minecraft:waxed_exposed_cut_copper":5,"hangglider:hang_glider":1,"minecraft:melon_slice":89,"luminousworld:auburnlog":5,"born_in_chaos_v1:shattered_skull":1,"mores:cobalt_chestplate":1,"minecraft:big_dripleaf":2,"vanillaplustools:iron_shovel":1,"mores:topaz_gem":37,"ironchest:diamond_chest":1,"mores:raw_tin":553,"minecraft:waxed_cut_copper_stairs":3,"undead_revamp2:cloogerribs":41,"luminousworld:grassflowers":1,"born_in_chaos_v1:fried_maggot":3,"quark:clear_shard":83,"supplementaries:ash":15,"minecraft:waxed_cut_copper":13,"minecraft:iron_bars":1,"alexsmobs:flying_fish":1,"minecraft:birch_log":51,"minecraft:birch_slab":1,"minecraft:water_bucket":1,"minecraft:jungle_log":635,"minecraft:acacia_leaves":1,"artifacts:thorn_pendant":1,"mores:tin_leggings":1,"ironchest:copper_chest":1,"minecraft:flint":21,"luminousworld:purple_petunias":1,"minecraft:lantern":4,"minecraft:twisting_vines":1,"minecraft:purple_carpet":1,"minecraft:stonecutter":2,"minecraft:gray_terracotta":19,"mores:silver_ingot":9,"minecraft:dark_oak_sign":5,"minecraft:diamond_helmet":1,"minecraft:glowstone_dust":27,"minecraft:moss_block":395,"epicsamurai:raw_silver":12,"luminousworld:creepberries":1,"epicsamurai:tanuki_statue":2,"quark:glow_lichen_growth":1,"minecraft:dark_oak_log":33,"minecraft:bundle":2,"minecraft:iron_hoe":1,"luminousworld:palmstairs":3,"luminousworld:yellowpetunias":2,"minecraft:lever":4,"minecraft:dead_brain_coral_block":7,"minecraft:granite":554,"luminousworld:auburn_sapling":1,"minecraft:chainmail_helmet":2,"minecraft:bread":49,"alexsmobs:maggot":1,"epicsamurai:ruby":5,"born_in_chaos_v1:rotten_fish":2,"mores:raw_silver":76,"luminousworld:groundpebbles_1":8,"minecraft:crafting_table":7,"minecraft:sandstone_slab":3,"minecraft:nether_wart":4,"minecraft:clay_ball":50,"mores:tourmaline_shield":2,"minecraft:infested_cobblestone":20,"minecraft:dead_horn_coral_block":5,"minecraft:jungle_trapdoor":2,"born_in_chaos_v1:intoxicating_decoction":1,"epicsamurai:jade":32,"minecraft:iron_shovel":3,"luminousworld:palm_log":11,"minecraft:cracked_stone_bricks":11,"minecraft:iron_nugget":12,"minecraft:poppy":1,"minecraft:spruce_slab":5,"minecraft:egg":1,"luminousworld:blue_petunias":2,"ironchest:iron_chest":1,"quark:jungle_chest":2,"sophisticatedbackpacks:backpack":1,"born_in_chaos_v1:pieceofdarkmetal":3,"minecraft:carrot":568,"minecraft:redstone":40,"minecraft:diamond_chestplate":1,"minecraft:peony":2,"minecraft:diamond_boots":1,"minecraft:hay_block":42,"minecraft:sandstone_stairs":1,"minecraft:gold_ingot":2,"minecraft:polished_blackstone":1,"minecraft:glow_berries":22,"minecraft:mutton":3,"minecraft:white_wool":5,"minecraft:bone_block":150,"minecraft:stripped_oak_log":19,"minecraft:lime_bed":2,"minecraft:mud_bricks":61,"luminousworld:palmplank":49,"born_in_chaos_v1:monster_flesh":2,"luminousworld:ishstone":195,"minecraft:fern":3,"minecraft:packed_mud":16,"minecraft:oak_log":138,"vanillaplustools:iron_hammer":2,"minecraft:paper":16,"minecraft:stone_bricks":118,"minecraft:kelp":2,"quark:glow_shroom":2,"tombstone:bag_of_seeds":1,"mores:cobalt_shovel":1,"minecraft:glass_bottle":2,"epicsamurai:aquamarine":15,"minecraft:flowering_azalea":8,"minecraft:dark_oak_stairs":9,"minecraft:dark_oak_slab":2,"born_in_chaos_v1:ethereal_spirit":1,"minecraft:gravel":90,"mores:ruby_gem":2,"supplementaries:wind_vane":1,"mores:tin_ingot":6,"mores:tin_chestplate":4,"minecraft:slime_ball":12,"mores:anthracite":35,"minecraft:warped_roots":6,"minecraft:red_nether_brick_slab":3,"minecraft:stripped_dark_oak_log":5,"minecraft:ender_pearl":2,"minecraft:wheat":246,"illagerinvasion:platinum_chunk":2,"mores:tin_battleaxe":1,"minecraft:iron_trapdoor":4,"enemyexpansion:wasp_thorax":1,"minecraft:gilded_blackstone":2,"minecraft:stone_brick_stairs":3,"tombstone:grave_key":1,"born_in_chaos_v1:black_argillite":41,"alexsmobs:gazelle_horn":2,"minecraft:waxed_cut_copper_slab":7,"minecraft:raw_copper":128,"mores:tourmaline_gem":36,"minecraft:armor_stand":10,"minecraft:purple_banner":1,"minecraft:zombie_head":1,"minecraft:oak_sign":1,"minecraft:sea_pickle":5,"mores:cobalt_pickaxe":1,"minecraft:bucket":3,"minecraft:rose_bush":2,"minecraft:calcite":10,"minecraft:azalea":23,"dynamictrees:oak_seed":37,"minecraft:smooth_quartz_stairs":1,"minecraft:furnace":13,"minecraft:stick":910,"minecraft:torch":180,"minecraft:spruce_stairs":1,"quark:yellow_corundum_cluster":10,"luminousworld:savannah_soil":13,"minecraft:pointed_dripstone":48,"tombstone:grave_dust":15,"minecraft:diorite":155,"aether:golden_gloves":1,"mores:tin_boots":1,"mores:cobalt_helmet":1,"minecraft:rotten_flesh":121,"luminousworld:soft_birch_log":19,"minecraft:red_sandstone_slab":1,"minecraft:obsidian":10,"minecraft:cobblestone":6088,"minecraft:enchanting_table":1,"luminousworld:savannah_ground":2,"minecraft:magma_cream":1,"minecraft:andesite":377,"quark:black_corundum_cluster":11,"alexscaves:cave_book":1,"minecraft:tuff":30,"minecraft:lapis_lazuli":191,"minecraft:dirt":1614,"minecraft:glass":11,"minecraft:bone":82,"minecraft:wheat_seeds":502,"securitycraft:cobblestone_mine":2,"minecraft:raw_gold":40,"minecraft:bell":2,"minecraft:mossy_stone_bricks":25,"minecraft:oak_planks":216,"minecraft:black_terracotta":18,"minecraft:music_disc_13":1,"mores:tanzanite_gem":1,"minecraft:sand":84,"minecraft:jungle_planks":112,"mores:raw_cobalt":149,"minecraft:grass_block":1,"minecraft:cyan_bed":17,"minecraft:jungle_slab":6,"minecraft:mossy_cobblestone":8,"minecraft:dark_prismarine":5,"minecraft:jungle_leaves":34,"minecraft:dark_prismarine_slab":3,"minecraft:sugar":16,"minecraft:diamond":13,"minecraft:soul_lantern":1,"minecraft:cracked_polished_blackstone_bricks":22,"minecraft:crossbow":1,"minecraft:grass":10,"minecraft:bone_meal":36,"minecraft:emerald":3,"minecraft:netherrack":212,"minecraft:oak_leaves":168,"minecraft:mud_brick_slab":13,"minecraft:charcoal":2,"minecraft:waxed_oxidized_cut_copper":32,"born_in_chaos_v1:diamond_termite_shard":4,"artifacts:night_vision_goggles":1,"minecraft:ladder":24,"minecraft:brown_mushroom":9,"minecraft:stone_brick_wall":3,"minecraft:gold_block":1,"minecraft:stone_stairs":1,"minecraft:moss_carpet":60,"minecraft:iron_axe":1,"minecraft:birch_fence":3,"minecraft:blackstone":5,"minecraft:blue_orchid":1,"minecraft:dark_prismarine_stairs":1,"minecraft:oak_boat":3,"tombstone:tablet_of_assistance":2,"minecraft:tinted_glass":11,"mores:cobalt_leggings":1,"minecraft:sugar_cane":3,"luminousworld:white_oak_plank":1,"minecraft:spruce_trapdoor":6,"minecraft:raw_iron":185,"minecraft:note_block":2,"minecraft:polished_blackstone_bricks":16,"minecraft:cookie":5,"minecraft:purple_terracotta":1,"minecraft:dark_oak_planks":24,"luminousworld:white_oak_sapling":3,"minecraft:arrow":9,"minecraft:jungle_stairs":5,"minecraft:stripped_dark_oak_wood":5,"minecraft:glistering_melon_slice":7,"mores:cobalt_boots":1,"minecraft:skeleton_skull":1,"endrem:cursed_eye":2,"born_in_chaos_v1:corpse_maggot":15,"minecraft:basalt":1,"minecraft:glow_ink_sac":6,"minecraft:birch_planks":17,"minecraft:chainmail_chestplate":1,"minecraft:cobbled_deepslate_stairs":2,"minecraft:gunpowder":9,"minecraft:cobblestone_stairs":65,"minecraft:deepslate_tile_slab":4,"minecraft:smooth_sandstone":2,"minecraft:red_nether_brick_stairs":8,"minecraft:gray_carpet":4,"minecraft:red_sandstone":8,"minecraft:rabbit_hide":15,"minecraft:iron_ingot":15,"dynamictrees:birch_seed":29,"luminousworld:white_petunias":1,"mowziesmobs:umvuthana_mask_misery":2,"quark:black_corundum":12,"minecraft:book":158,"epicsamurai:onyx":6,"minecraft:oak_slab":3,"luminousworld:clovers_1":19,"minecraft:chiseled_stone_bricks":2,"minecraft:quartz":12,"minecraft:dripstone_block":35,"minecraft:amethyst_shard":2,"minecraft:mud_brick_wall":2,"minecraft:blast_furnace":9,"minecraft:white_bed":1,"quark:oak_chest":3,"minecraft:mossy_stone_brick_slab":1,"minecraft:spider_eye":1,"luminousworld:whiteoaklog":98,"undead_revamp2:rawbostrox":3,"minecraft:chainmail_leggings":2,"dynamictrees:jungle_seed":143,"minecraft:terracotta":4,"tombstone:magic_scroll":2,"minecraft:coal":180},"minecraft:killed":{"luminousworld:miner_zombie":2,"born_in_chaos_v1:restless_spirit":2,"born_in_chaos_v1:zombie_lumberjack":1,"undead_revamp2:clogger":1,"undead_revamp2:axestrom":1,"illagerinvasion:basher":2,"minecraft:skeleton":6,"undead_revamp2:thepregnant":1,"minecraft:magma_cube":8,"minecraft:pillager":1,"minecraft:zombie":14,"enemyexpansion:vampire":1,"born_in_chaos_v1:corpse_fly":5,"undead_revamp2:thehunter":1,"minecraft:vindicator":2,"illagerinvasion:marauder":1,"undead_revamp2:thebidy":2,"minecraft:husk":3,"earthmobsmod:bouldering_zombie":1,"undead_revamp2:the_moonflower":6,"enemyexpansion:sprinter":2,"minecraft:ravager":1,"born_in_chaos_v1:decrepit_skeleton":2,"born_in_chaos_v1:bloody_gadfly":1,"undead_revamp2:thesomnolence":7,"endermanoverhaul:cave_enderman":1,"minecraft:enderman":1,"naturalist:zebra":1,"minecraft:spider":2,"undead_revamp2:thesmoker":2,"illagerinvasion:provoker":1,"minecraft:silverfish":3,"minecraft:piglin_brute":2,"artifacts:mimic":2,"born_in_chaos_v1:diamond_termite":8,"earthmobsmod:lobber_zombie":2,"alexsmobs:warped_toad":1,"minecraft:sheep":2,"luminousworld:savannah_skeleton":1,"undead_revamp2:theskeeper":1,"enemyexpansion:wasp":2,"minecraft:vex":1,"enemyexpansion:direwolf":1,"born_in_chaos_v1:maggot":5,"minecraft:drowned":1,"born_in_chaos_v1:corpse_fish":1,"undead_revamp2:sucker":5,"enemyexpansion:goblin":1,"luminousworld:savannah_zombie":4,"alexsmobs:flying_fish":1,"alexsmobs:emu":2,"alexsmobs:gazelle":1,"enemyexpansion:huntsman":1},"minecraft:used":{"minecraft:moss_block":212,"mores:cobalt_axe":14,"minecraft:polished_blackstone":1,"minecraft:ladder":64,"luminousworld:soft_birch_log":7,"minecraft:rotten_flesh":2,"minecraft:cut_copper":2,"ironchest:iron_chest":1,"minecraft:lava_bucket":9,"minecraft:furnace":13,"mores:tourmaline_shield":1,"minecraft:egg":1,"minecraft:potato":9,"luminousworld:autumnplank":32,"minecraft:wooden_pickaxe":44,"mores:tin_hoe":104,"minecraft:cookie":5,"minecraft:smooth_quartz_stairs":1,"minecraft:glow_berries":22,"minecraft:golden_apple":14,"minecraft:sand":11,"mores:tin_leggings":2,"minecraft:blast_furnace":9,"minecraft:red_sandstone":8,"luminousworld:palmstairs":20,"minecraft:birch_slab":1,"minecraft:soul_lantern":1,"minecraft:diamond_sword":1330,"minecraft:birch_log":9,"minecraft:oak_boat":3,"minecraft:enchanting_table":2,"luminousworld:whiteoaklog":26,"minecraft:armor_stand":17,"quark:dark_oak_bookshelf":3,"minecraft:cooked_salmon":3,"mores:tourmaline_pickaxe":211,"born_in_chaos_v1:fried_maggot":3,"minecraft:netherrack":194,"minecraft:stick":4,"minecraft:torch":355,"endrem:magical_eye":1,"minecraft:anvil":3,"minecraft:jungle_trapdoor":16,"minecraft:flowering_azalea":1,"minecraft:iron_axe":232,"minecraft:jungle_log":45,"minecraft:mud_bricks":37,"minecraft:diamond_chestplate":1,"luminousworld:savannah_soil":8,"securitycraft:dirt_mine":3,"mores:tin_shield":18,"tombstone:gift":6,"minecraft:cobbled_deepslate":453,"minecraft:pointed_dripstone":1,"minecraft:wheat_seeds":73,"minecraft:water_bucket":60,"minecraft:birch_planks":69,"mores:cobalt_helmet":1,"minecraft:waxed_oxidized_cut_copper":27,"luminousworld:white_oak_plank":91,"luminousworld:white_oak_stairs":24,"minecraft:cracked_stone_bricks":1,"minecraft:mossy_cobblestone":2,"minecraft:crafting_table":20,"supplementaries:bomb":1,"minecraft:white_bed":2,"minecraft:campfire":6,"epicsamurai:tanuki_statue":2,"minecraft:iron_pickaxe":509,"minecraft:chiseled_stone_bricks":2,"quark:dark_oak_chest":1,"minecraft:cobblestone":1943,"vanillaplustools:iron_hammer":1950,"mores:tin_chestplate":1,"minecraft:sandstone_slab":3,"quark:oak_chest":9,"minecraft:diamond_leggings":2,"minecraft:moss_carpet":11,"minecraft:polished_deepslate":15,"minecraft:waxed_exposed_cut_copper":1,"minecraft:iron_shovel":110,"mores:tin_pickaxe":100,"minecraft:shield":9,"minecraft:iron_sword":182,"minecraft:bell":2,"mores:tin_helmet":1,"mores:cobalt_shovel":1078,"endrem:cursed_eye":1,"minecraft:jungle_planks":1408,"minecraft:carrot":554,"minecraft:obsidian":11,"minecraft:big_dripleaf":2,"minecraft:glass":30,"vanillaplustools:iron_shovel":241,"born_in_chaos_v1:corpse_maggot":9,"minecraft:lantern":8,"minecraft:packed_mud":6,"minecraft:iron_helmet":1,"minecraft:stone_bricks":32,"undead_revamp2:cloogerribs":26,"minecraft:golden_sword":18,"minecraft:skeleton_skull":1,"minecraft:diamond_boots":1,"stalwart_dungeons:wooden_hammer":2,"minecraft:oak_planks":156,"minecraft:jungle_fence":23,"mores:tin_boots":1,"ironchest:copper_chest":1,"minecraft:note_block":2,"minecraft:dripstone_block":15,"minecraft:cobbled_deepslate_stairs":34,"minecraft:shears":237,"mores:cobalt_boots":1,"luminousworld:creepberries":1,"minecraft:melon_slice":75,"minecraft:bread":205,"minecraft:cyan_bed":17,"luminousworld:palmplank":10,"minecraft:jungle_sign":9,"born_in_chaos_v1:rotten_fish":1,"minecraft:andesite":64,"minecraft:bone_meal":514,"minecraft:azalea":3,"quark:birch_chest":3,"quark:jungle_chest":5,"dynamictrees:oak_seed":1,"minecraft:dirt":441,"ironchest:diamond_chest":2,"minecraft:cobblestone_wall":7,"minecraft:diamond_helmet":1,"minecraft:granite":14,"mores:silver_apple":1,"minecraft:purple_banner":1,"minecraft:iron_hoe":20,"minecraft:dark_oak_planks":25,"minecraft:wooden_axe":124,"minecraft:bookshelf":6,"minecraft:waxed_cut_copper":1,"minecraft:smooth_sandstone":2,"quark:jungle_bookshelf":24,"mores:cobalt_chestplate":1,"minecraft:golden_carrot":5,"mores:bronze_apple":2,"minecraft:infested_cobblestone":2,"minecraft:brown_bed":1,"minecraft:cooked_mutton":6,"minecraft:cobblestone_stairs":211,"luminousworld:ishstone":64,"minecraft:stonecutter":2,"minecraft:terracotta":2,"minecraft:lime_bed":2,"tombstone:tablet_of_home":2,"mores:cobalt_leggings":1,"minecraft:gray_terracotta":14,"vanillaplustools:wooden_hammer":31,"minecraft:apple":11,"minecraft:cracked_polished_blackstone_bricks":1,"mores:cobalt_pickaxe":705,"minecraft:jungle_stairs":120,"mores:iron_mace":3,"minecraft:bucket":70,"minecraft:pumpkin_pie":8,"mores:tin_battleaxe":78,"minecraft:chainmail_leggings":1}},"DataVersion":3465}