{"stats":{"minecraft:killed_by":{"minecraft:player":1,"minecraft:zombie":1},"minecraft:picked_up":{"minecraft:wooden_axe":1,"luminousworld:groundpebbles_1":1,"minecraft:crafting_table":6,"minecraft:sandstone_slab":3,"illagerinvasion:platinum_chunk":1,"minecraft:brown_mushroom":9,"minecraft:gilded_blackstone":2,"minecraft:string":4,"minecraft:raw_copper":43,"minecraft:birch_fence":3,"minecraft:blackstone":3,"luminousworld:palm_log":11,"minecraft:gold_nugget":161,"mores:cobalt_pickaxe":1,"minecraft:oak_boat":3,"dynamictrees:oak_seed":19,"minecraft:sugar_cane":3,"minecraft:raw_iron":2,"minecraft:stick":134,"minecraft:torch":16,"minecraft:spruce_stairs":1,"luminousworld:savannah_soil":2,"tombstone:grave_dust":1,"mores:raw_tin":45,"minecraft:rotten_flesh":8,"luminousworld:soft_birch_log":19,"minecraft:hay_block":42,"minecraft:sandstone_stairs":1,"minecraft:polished_blackstone":1,"minecraft:mutton":3,"minecraft:cobblestone":507,"minecraft:white_wool":5,"minecraft:stripped_oak_log":19,"minecraft:birch_log":20,"born_in_chaos_v1:corpse_maggot":4,"minecraft:lime_bed":2,"luminousworld:palmplank":49,"minecraft:birch_slab":1,"minecraft:flint":2,"minecraft:oak_log":19,"minecraft:dirt":308,"minecraft:smooth_sandstone":2,"minecraft:bone":2,"minecraft:wheat_seeds":3,"minecraft:raw_gold":14,"minecraft:bell":2,"dynamictrees:birch_seed":9,"minecraft:oak_planks":10,"luminousworld:clovers_1":3,"minecraft:gravel":8,"minecraft:sand":1,"mores:raw_cobalt":17,"minecraft:cyan_bed":14,"luminousworld:whiteoaklog":23,"luminousworld:palmstairs":2,"minecraft:crossbow":1,"minecraft:emerald":1,"minecraft:granite":7,"luminousworld:auburn_sapling":1,"minecraft:bread":21,"minecraft:terracotta":4,"alexsmobs:maggot":1,"mores:raw_silver":1,"minecraft:coal":54,"iceandfire:raw_silver":2},"minecraft:used":{"mores:cobalt_axe":14,"quark:birch_chest":3,"minecraft:polished_blackstone":1,"minecraft:iron_sword":13,"luminousworld:soft_birch_log":7,"dynamictrees:oak_seed":1,"minecraft:bell":2,"minecraft:rotten_flesh":2,"minecraft:torch":17,"mores:cobalt_shovel":380,"minecraft:dirt":9,"minecraft:granite":1,"minecraft:wooden_axe":124,"minecraft:iron_axe":84,"minecraft:smooth_sandstone":2,"minecraft:golden_sword":18,"luminousworld:savannah_soil":2,"minecraft:furnace":11,"tombstone:gift":4,"minecraft:oak_planks":64,"minecraft:wooden_pickaxe":44,"luminousworld:white_oak_stairs":24,"minecraft:sand":9,"minecraft:terracotta":2,"minecraft:lime_bed":2,"minecraft:crafting_table":13,"minecraft:white_bed":1,"luminousworld:palmstairs":20,"minecraft:birch_slab":1,"minecraft:bread":88,"minecraft:cyan_bed":14,"minecraft:iron_pickaxe":250,"mores:cobalt_pickaxe":434,"luminousworld:palmplank":10,"minecraft:cobblestone":56,"quark:oak_chest":1,"minecraft:sandstone_slab":3,"minecraft:oak_boat":3},"minecraft:custom":{"minecraft:mob_kills":7,"minecraft:interact_with_crafting_table":36,"minecraft:open_barrel":3,"minecraft:bell_ring":14,"minecraft:leave_game":10,"minecraft:time_since_death":83459,"minecraft:climb_one_cm":11689,"minecraft:sprint_one_cm":776798,"minecraft:walk_one_cm":350763,"minecraft:drop":43,"minecraft:play_time":176642,"minecraft:deaths":10,"minecraft:sneak_time":461,"minecraft:walk_under_water_one_cm":5598,"minecraft:boat_one_cm":277514,"minecraft:jump":3969,"minecraft:walk_on_water_one_cm":21188,"minecraft:total_world_time":176642,"minecraft:interact_with_furnace":22,"minecraft:sleep_in_bed":8,"minecraft:time_since_rest":14444,"minecraft:damage_taken":6756,"minecraft:damage_dealt":1752,"minecraft:swim_one_cm":15375,"minecraft:fly_one_cm":928993,"minecraft:player_kills":1,"minecraft:open_chest":25,"minecraft:crouch_one_cm":532,"tombstone:undead_killed":3,"minecraft:fall_one_cm":119159},"minecraft:crafted":{"minecraft:oak_planks":120,"quark:birch_chest":3,"minecraft:furnace":11,"mores:tin_shield":3,"mores:cobalt_helmet":1,"minecraft:iron_axe":2,"mores:tin_ingot":28,"luminousworld:white_oak_plank":48,"minecraft:golden_sword":1,"luminousworld:palmplank":32,"minecraft:wheat":378,"iceandfire:silver_ingot":2,"minecraft:crafting_table":8,"mores:cobalt_ingot":17,"luminousworld:palmstairs":20,"mores:cobalt_pickaxe":2,"minecraft:wooden_pickaxe":1,"mores:cobalt_axe":1,"minecraft:iron_sword":1,"luminousworld:white_oak_stairs":24,"minecraft:birch_planks":40,"minecraft:bread":125,"minecraft:oak_boat":1,"minecraft:stick":16,"quark:oak_chest":1,"minecraft:iron_ingot":2,"minecraft:iron_pickaxe":2,"minecraft:wooden_axe":3,"minecraft:gold_ingot":26,"minecraft:white_bed":1,"minecraft:torch":56,"mores:cobalt_shovel":3},"minecraft:mined":{"luminousworld:groundpebbles_1":1,"iceandfire:silver_ore":3,"minecraft:mossy_cobblestone":1,"luminousworld:grassvariant_4":2,"minecraft:granite":7,"minecraft:grass_block":143,"luminousworld:grassvariant_2":3,"luminousworld:whiteoakleaves":10,"luminousworld:clovers_2":1,"minecraft:birch_slab":1,"minecraft:sandstone":1,"minecraft:gilded_blackstone":6,"minecraft:sandstone_stairs":1,"iceandfire:crackled_cobblestone":1,"minecraft:hay_block":45,"dynamictrees:oak_leaves":3,"minecraft:iron_ore":2,"luminousworld:palmstairs":2,"minecraft:bell":2,"minecraft:dirt_path":4,"iceandfire:gold_pile":16,"minecraft:vine":1,"minecraft:stripped_oak_log":22,"luminousworld:clovers_3":1,"minecraft:stone":519,"luminousworld:soft_birch_log":15,"minecraft:sandstone_slab":2,"luminousworld:savannah_soil":2,"mores:cobalt_ore":17,"minecraft:blackstone":3,"luminousworld:palmplank":9,"minecraft:smooth_sandstone":2,"minecraft:crafting_table":6,"minecraft:dead_bush":4,"minecraft:copper_ore":12,"minecraft:cobblestone":6,"minecraft:cyan_bed":15,"minecraft:sugar_cane":1,"minecraft:oak_planks":6,"minecraft:diorite":13,"mores:tin_ore":12,"minecraft:wall_torch":1,"luminousworld:whiteoaklog":23,"minecraft:lime_bed":2,"dynamictrees:birch_leaves":4,"minecraft:grass":16,"minecraft:coal_ore":47,"luminousworld:clovers_5":2,"minecraft:gravel":8,"minecraft:sand":6,"minecraft:dirt":117,"mores:silver_ore":1,"luminousworld:grassvariant_3":4,"dynamictrees:oak_sapling":1,"minecraft:terracotta":4,"luminousworld:palm_log":11,"minecraft:polished_blackstone":1,"minecraft:gold_ore":14,"minecraft:birch_fence":3},"minecraft:killed":{"alexsmobs:emu":2,"minecraft:sheep":2,"iceandfire:ghost":3},"minecraft:broken":{"minecraft:wooden_pickaxe":1,"mores:cobalt_pickaxe":1,"minecraft:iron_pickaxe":1,"minecraft:wooden_axe":3,"mores:cobalt_shovel":1},"minecraft:dropped":{"minecraft:bread":54,"minecraft:wheat_seeds":1,"minecraft:cobblestone":48,"minecraft:granite":3,"mores:cobalt_axe":1,"minecraft:dirt":128,"mores:cobalt_pickaxe":1,"minecraft:wooden_axe":1,"tombstone:grave_dust":3,"minecraft:iron_axe":1,"minecraft:iron_pickaxe":1,"minecraft:string":4,"minecraft:gravel":8,"minecraft:blackstone":3,"minecraft:sugar_cane":3,"luminousworld:soft_birch_log":4,"alexsmobs:animal_dictionary":1,"minecraft:slime_ball":4,"minecraft:cooked_rabbit":5,"mores:tin_shield":2,"minecraft:terracotta":2}},"DataVersion":3465}