{"stats":{"minecraft:used":{"minecraft:oak_planks":9,"minecraft:wooden_pickaxe":43,"minecraft:rotten_flesh":2,"minecraft:sand":9,"minecraft:terracotta":2,"minecraft:crafting_table":5,"minecraft:wooden_axe":124,"minecraft:birch_slab":1,"minecraft:cyan_bed":12,"minecraft:bread":34,"minecraft:smooth_sandstone":2,"minecraft:cobblestone":2,"minecraft:sandstone_slab":3,"minecraft:oak_boat":2},"minecraft:killed":{"alexsmobs:emu":1,"minecraft:sheep":2,"iceandfire:ghost":3},"minecraft:picked_up":{"minecraft:wooden_axe":1,"minecraft:stripped_oak_log":19,"minecraft:crafting_table":3,"minecraft:sandstone_slab":3,"minecraft:birch_slab":1,"minecraft:gilded_blackstone":2,"minecraft:string":4,"minecraft:smooth_sandstone":2,"minecraft:birch_fence":3,"minecraft:bone":2,"minecraft:blackstone":3,"luminousworld:palm_log":11,"minecraft:gold_nugget":5,"minecraft:bell":1,"minecraft:oak_boat":2,"minecraft:sugar_cane":3,"minecraft:stick":2,"minecraft:sand":1,"tombstone:grave_dust":1,"minecraft:cyan_bed":14,"minecraft:rotten_flesh":6,"minecraft:hay_block":42,"minecraft:sandstone_stairs":1,"minecraft:polished_blackstone":1,"minecraft:terracotta":2,"minecraft:mutton":3,"minecraft:white_wool":2,"minecraft:cobblestone":4},"minecraft:custom":{"minecraft:mob_kills":6,"minecraft:interact_with_crafting_table":8,"minecraft:bell_ring":4,"minecraft:leave_game":6,"minecraft:time_since_death":3007,"minecraft:sleep_in_bed":6,"minecraft:climb_one_cm":8889,"minecraft:time_since_rest":992,"minecraft:sprint_one_cm":357354,"minecraft:damage_taken":4107,"minecraft:walk_one_cm":118968,"minecraft:drop":2,"minecraft:damage_dealt":1213,"minecraft:swim_one_cm":9751,"minecraft:fly_one_cm":513171,"minecraft:player_kills":1,"minecraft:open_chest":4,"minecraft:crouch_one_cm":104,"minecraft:play_time":74725,"tombstone:undead_killed":3,"minecraft:deaths":9,"minecraft:sneak_time":125,"minecraft:walk_under_water_one_cm":3421,"minecraft:boat_one_cm":244608,"minecraft:jump":1863,"minecraft:walk_on_water_one_cm":15841,"minecraft:total_world_time":74725,"minecraft:fall_one_cm":49715},"minecraft:crafted":{"minecraft:oak_planks":20,"minecraft:crafting_table":2,"minecraft:wooden_pickaxe":1,"minecraft:bread":83,"minecraft:oak_boat":1,"minecraft:stick":16,"minecraft:wooden_axe":3,"luminousworld:palmplank":32,"minecraft:wheat":378},"minecraft:dropped":{"minecraft:bread":1,"minecraft:wooden_axe":1},"minecraft:mined":{"minecraft:sandstone_slab":2,"minecraft:blackstone":3,"minecraft:mossy_cobblestone":1,"minecraft:smooth_sandstone":2,"minecraft:crafting_table":3,"minecraft:cobblestone":2,"minecraft:birch_slab":1,"minecraft:cyan_bed":14,"minecraft:sugar_cane":1,"minecraft:sandstone":1,"minecraft:gilded_blackstone":6,"minecraft:sandstone_stairs":1,"minecraft:hay_block":45,"minecraft:lime_bed":1,"minecraft:bell":1,"minecraft:vine":1,"minecraft:sand":6,"minecraft:stripped_oak_log":22,"luminousworld:palm_log":11,"minecraft:terracotta":2,"minecraft:polished_blackstone":1,"minecraft:stone":3,"minecraft:birch_fence":3},"minecraft:broken":{"minecraft:wooden_axe":3},"minecraft:killed_by":{"minecraft:player":1,"minecraft:zombie":1}},"DataVersion":3465}