{"stats":{"minecraft:killed_by":{"minecraft:zombie":1,"undead_revamp2:thesmoker":1,"minecraft:player":3},"minecraft:picked_up":{"minecraft:wooden_axe":1,"minecraft:iron_chestplate":1,"minecraft:anvil":1,"minecraft:oak_stairs":41,"minecraft:enchanted_book":3,"minecraft:polished_deepslate_wall":6,"minecraft:amethyst_block":2,"minecraft:polished_deepslate":26,"minecraft:string":11,"minecraft:dark_oak_trapdoor":4,"minecraft:cooked_salmon":3,"minecraft:red_nether_bricks":10,"dynamictrees:dark_oak_seed":5,"minecraft:diamond_leggings":1,"minecraft:gold_nugget":167,"minecraft:cobbled_deepslate":680,"minecraft:waxed_exposed_cut_copper":5,"minecraft:melon_slice":23,"luminousworld:auburnlog":5,"born_in_chaos_v1:shattered_skull":1,"mores:cobalt_chestplate":1,"mores:topaz_gem":8,"mores:raw_tin":407,"minecraft:waxed_cut_copper_stairs":3,"born_in_chaos_v1:fried_maggot":3,"luminousworld:grassflowers":1,"quark:clear_shard":83,"supplementaries:ash":15,"minecraft:waxed_cut_copper":13,"minecraft:iron_bars":1,"alexsmobs:flying_fish":1,"minecraft:birch_log":50,"minecraft:birch_slab":1,"minecraft:jungle_log":546,"ironchest:copper_chest":1,"mores:tin_leggings":1,"minecraft:flint":3,"minecraft:lantern":3,"minecraft:purple_carpet":1,"minecraft:stonecutter":1,"mores:silver_ingot":9,"minecraft:dark_oak_sign":5,"minecraft:diamond_helmet":1,"minecraft:moss_block":14,"epicsamurai:raw_silver":10,"epicsamurai:tanuki_statue":2,"quark:glow_lichen_growth":1,"minecraft:dark_oak_log":33,"minecraft:iron_hoe":1,"luminousworld:palmstairs":3,"minecraft:lever":4,"luminousworld:yellowpetunias":2,"minecraft:granite":205,"luminousworld:auburn_sapling":1,"minecraft:bread":32,"alexsmobs:maggot":1,"epicsamurai:ruby":5,"born_in_chaos_v1:rotten_fish":2,"mores:raw_silver":27,"iceandfire:raw_silver":13,"luminousworld:groundpebbles_1":8,"minecraft:crafting_table":7,"minecraft:sandstone_slab":3,"mores:tourmaline_shield":2,"minecraft:jungle_trapdoor":2,"epicsamurai:jade":8,"minecraft:iron_shovel":1,"luminousworld:palm_log":11,"minecraft:cracked_stone_bricks":4,"iceandfire:bestiary":1,"minecraft:iron_nugget":9,"minecraft:egg":1,"luminousworld:blue_petunias":1,"quark:jungle_chest":2,"born_in_chaos_v1:pieceofdarkmetal":3,"minecraft:carrot":353,"minecraft:redstone":23,"minecraft:diamond_chestplate":1,"minecraft:peony":2,"minecraft:diamond_boots":1,"minecraft:hay_block":42,"minecraft:sandstone_stairs":1,"minecraft:gold_ingot":2,"minecraft:polished_blackstone":1,"minecraft:mutton":3,"minecraft:bone_block":150,"minecraft:white_wool":5,"minecraft:stripped_oak_log":19,"minecraft:mud_bricks":61,"minecraft:lime_bed":2,"luminousworld:palmplank":49,"born_in_chaos_v1:monster_flesh":2,"luminousworld:ishstone":143,"minecraft:packed_mud":16,"minecraft:oak_log":138,"minecraft:stone_bricks":6,"minecraft:kelp":2,"quark:glow_shroom":2,"mores:cobalt_shovel":1,"minecraft:glass_bottle":2,"epicsamurai:aquamarine":15,"minecraft:dark_oak_stairs":9,"minecraft:dark_oak_slab":2,"minecraft:gravel":30,"mores:ruby_gem":2,"mores:tin_ingot":6,"mores:tin_chestplate":2,"iceandfire:silver_sword":2,"mores:anthracite":11,"minecraft:red_nether_brick_slab":3,"minecraft:wheat":187,"illagerinvasion:platinum_chunk":1,"mores:tin_battleaxe":1,"minecraft:iron_trapdoor":4,"enemyexpansion:wasp_thorax":1,"minecraft:gilded_blackstone":2,"minecraft:stone_brick_stairs":1,"born_in_chaos_v1:black_argillite":25,"alexsmobs:gazelle_horn":2,"minecraft:waxed_cut_copper_slab":7,"minecraft:raw_copper":80,"mores:tourmaline_gem":15,"minecraft:armor_stand":5,"minecraft:oak_sign":1,"mores:cobalt_pickaxe":1,"minecraft:bucket":2,"minecraft:rose_bush":2,"minecraft:calcite":10,"dynamictrees:oak_seed":37,"minecraft:smooth_quartz_stairs":1,"minecraft:furnace":13,"minecraft:stick":798,"iceandfire:copper_pickaxe":1,"minecraft:torch":70,"minecraft:spruce_stairs":1,"luminousworld:savannah_soil":2,"minecraft:pointed_dripstone":42,"tombstone:grave_dust":9,"minecraft:diorite":72,"mores:tin_boots":1,"mores:cobalt_helmet":1,"minecraft:rotten_flesh":58,"luminousworld:soft_birch_log":19,"minecraft:cobblestone":4540,"minecraft:andesite":263,"minecraft:tuff":29,"minecraft:lapis_lazuli":95,"minecraft:dirt":1478,"minecraft:bone":34,"minecraft:wheat_seeds":379,"securitycraft:cobblestone_mine":2,"minecraft:raw_gold":20,"minecraft:bell":2,"minecraft:oak_planks":185,"minecraft:black_terracotta":18,"minecraft:music_disc_13":1,"minecraft:sand":83,"minecraft:jungle_planks":56,"mores:raw_cobalt":133,"minecraft:cyan_bed":17,"minecraft:jungle_slab":6,"minecraft:mossy_cobblestone":3,"minecraft:dark_prismarine":5,"minecraft:dark_prismarine_slab":3,"minecraft:diamond":1,"minecraft:soul_lantern":1,"minecraft:crossbow":1,"minecraft:bone_meal":36,"minecraft:emerald":1,"minecraft:mud_brick_slab":13,"minecraft:charcoal":2,"minecraft:waxed_oxidized_cut_copper":32,"born_in_chaos_v1:diamond_termite_shard":2,"minecraft:ladder":24,"minecraft:brown_mushroom":9,"minecraft:stone_stairs":1,"minecraft:birch_fence":3,"minecraft:blackstone":3,"minecraft:blue_orchid":1,"minecraft:dark_prismarine_stairs":1,"minecraft:oak_boat":3,"tombstone:tablet_of_assistance":2,"mores:cobalt_leggings":1,"minecraft:tinted_glass":11,"minecraft:sugar_cane":3,"luminousworld:white_oak_plank":1,"minecraft:spruce_trapdoor":6,"minecraft:raw_iron":57,"minecraft:note_block":2,"minecraft:cookie":5,"minecraft:dark_oak_planks":24,"luminousworld:white_oak_sapling":3,"minecraft:arrow":5,"minecraft:jungle_stairs":4,"minecraft:stripped_dark_oak_wood":5,"minecraft:glistering_melon_slice":7,"mores:cobalt_boots":1,"minecraft:skeleton_skull":1,"born_in_chaos_v1:corpse_maggot":14,"minecraft:glow_ink_sac":6,"minecraft:chainmail_chestplate":1,"iceandfire:ectoplasm":2,"minecraft:cobblestone_stairs":65,"minecraft:deepslate_tile_slab":4,"minecraft:smooth_sandstone":2,"minecraft:red_nether_brick_stairs":8,"minecraft:iron_ingot":7,"dynamictrees:birch_seed":26,"luminousworld:white_petunias":1,"mowziesmobs:umvuthana_mask_misery":2,"minecraft:book":42,"luminousworld:clovers_1":19,"iceandfire:ash":5,"minecraft:dripstone_block":31,"minecraft:mud_brick_wall":2,"minecraft:blast_furnace":6,"minecraft:white_bed":1,"quark:oak_chest":3,"luminousworld:whiteoaklog":98,"minecraft:chainmail_leggings":2,"dynamictrees:jungle_seed":131,"minecraft:terracotta":4,"tombstone:magic_scroll":2,"minecraft:coal":129},"minecraft:used":{"mores:cobalt_axe":14,"minecraft:polished_blackstone":1,"minecraft:ladder":64,"luminousworld:soft_birch_log":7,"minecraft:rotten_flesh":2,"minecraft:cut_copper":2,"minecraft:lava_bucket":3,"iceandfire:copper_pickaxe":13,"minecraft:furnace":13,"mores:tourmaline_shield":1,"minecraft:egg":1,"minecraft:wooden_pickaxe":44,"mores:tin_hoe":104,"minecraft:smooth_quartz_stairs":1,"minecraft:cookie":5,"minecraft:golden_apple":11,"minecraft:sand":10,"mores:tin_leggings":1,"minecraft:blast_furnace":6,"iceandfire:silver_pickaxe":279,"luminousworld:palmstairs":20,"minecraft:birch_slab":1,"minecraft:soul_lantern":1,"minecraft:diamond_sword":433,"minecraft:birch_log":9,"minecraft:oak_boat":3,"minecraft:enchanting_table":1,"iceandfire:silver_sword":328,"luminousworld:whiteoaklog":26,"minecraft:armor_stand":12,"minecraft:cooked_salmon":3,"born_in_chaos_v1:fried_maggot":3,"minecraft:torch":241,"minecraft:anvil":2,"minecraft:jungle_trapdoor":16,"minecraft:iron_axe":201,"iceandfire:copper_axe":2,"minecraft:jungle_log":45,"minecraft:mud_bricks":37,"minecraft:diamond_chestplate":1,"luminousworld:savannah_soil":2,"securitycraft:dirt_mine":3,"mores:tin_shield":18,"tombstone:gift":6,"minecraft:cobbled_deepslate":68,"minecraft:wheat_seeds":73,"minecraft:water_bucket":54,"minecraft:birch_planks":69,"mores:cobalt_helmet":1,"minecraft:waxed_oxidized_cut_copper":27,"luminousworld:white_oak_plank":91,"luminousworld:white_oak_stairs":24,"minecraft:mossy_cobblestone":2,"minecraft:crafting_table":18,"minecraft:white_bed":2,"epicsamurai:tanuki_statue":1,"minecraft:iron_pickaxe":501,"minecraft:cobblestone":1727,"vanillaplustools:iron_hammer":1022,"minecraft:sandstone_slab":3,"quark:oak_chest":7,"minecraft:diamond_leggings":1,"minecraft:waxed_exposed_cut_copper":1,"minecraft:polished_deepslate":15,"mores:tin_pickaxe":100,"minecraft:shield":9,"minecraft:iron_sword":182,"minecraft:bell":2,"mores:cobalt_shovel":1078,"minecraft:jungle_planks":1290,"minecraft:carrot":292,"minecraft:glass":30,"vanillaplustools:iron_shovel":150,"born_in_chaos_v1:corpse_maggot":9,"minecraft:lantern":7,"minecraft:packed_mud":6,"minecraft:iron_helmet":1,"minecraft:stone_bricks":6,"minecraft:golden_sword":18,"minecraft:skeleton_skull":1,"minecraft:diamond_boots":1,"stalwart_dungeons:wooden_hammer":2,"minecraft:jungle_fence":10,"minecraft:oak_planks":156,"ironchest:copper_chest":1,"minecraft:dripstone_block":15,"minecraft:note_block":2,"iceandfire:silver_axe":473,"mores:cobalt_boots":1,"minecraft:melon_slice":22,"minecraft:bread":163,"minecraft:cyan_bed":17,"luminousworld:palmplank":10,"minecraft:jungle_sign":9,"born_in_chaos_v1:rotten_fish":1,"minecraft:andesite":64,"minecraft:bone_meal":353,"quark:birch_chest":3,"quark:jungle_chest":4,"dynamictrees:oak_seed":1,"minecraft:dirt":402,"minecraft:cobblestone_wall":2,"minecraft:diamond_helmet":1,"mores:silver_apple":1,"minecraft:granite":1,"minecraft:iron_hoe":20,"minecraft:dark_oak_planks":25,"minecraft:wooden_axe":124,"minecraft:bookshelf":6,"minecraft:waxed_cut_copper":1,"minecraft:smooth_sandstone":2,"mores:cobalt_chestplate":1,"minecraft:golden_carrot":5,"minecraft:cooked_mutton":6,"minecraft:cobblestone_stairs":211,"luminousworld:ishstone":64,"minecraft:stonecutter":2,"minecraft:terracotta":2,"minecraft:lime_bed":2,"mores:cobalt_leggings":1,"minecraft:apple":11,"vanillaplustools:wooden_hammer":31,"mores:cobalt_pickaxe":705,"minecraft:jungle_stairs":120,"mores:iron_mace":3,"minecraft:bucket":57,"mores:tin_battleaxe":78,"minecraft:pumpkin_pie":8,"minecraft:chainmail_leggings":1},"minecraft:custom":{"minecraft:interact_with_crafting_table":161,"minecraft:open_barrel":27,"minecraft:bell_ring":14,"minecraft:leave_game":23,"minecraft:time_since_death":207923,"minecraft:damage_blocked_by_shield":340,"minecraft:play_time":842415,"minecraft:deaths":35,"minecraft:jump":15169,"minecraft:interact_with_furnace":128,"minecraft:sleep_in_bed":42,"minecraft:damage_dealt":22708,"tombstone:undead_killed":36,"minecraft:interact_with_anvil":25,"minecraft:sneak_time":1659,"minecraft:interact_with_blast_furnace":37,"minecraft:total_world_time":842415,"tombstone:raider_killed":1,"minecraft:tune_noteblock":48,"minecraft:interact_with_stonecutter":5,"minecraft:time_since_rest":607,"minecraft:swim_one_cm":132814,"minecraft:fly_one_cm":3589943,"minecraft:open_chest":414,"minecraft:fall_one_cm":463562,"minecraft:sprint_one_cm":2963941,"minecraft:drop":521,"minecraft:play_noteblock":6,"minecraft:walk_on_water_one_cm":152946,"minecraft:player_kills":2,"minecraft:crouch_one_cm":2206,"minecraft:mob_kills":93,"minecraft:damage_dealt_resisted":740,"minecraft:climb_one_cm":82831,"minecraft:walk_one_cm":2234073,"minecraft:walk_under_water_one_cm":82515,"minecraft:boat_one_cm":345090,"minecraft:damage_taken":25312,"minecraft:damage_absorbed":411,"minecraft:trigger_trapped_chest":1},"minecraft:crafted":{"minecraft:smooth_stone":18,"quark:birch_chest":3,"minecraft:bookshelf":6,"minecraft:cooked_mutton":3,"minecraft:glass":44,"iceandfire:copper_axe":1,"vanillaplustools:iron_hammer":2,"mores:tin_ingot":158,"iceandfire:armor_copper_metal_chestplate":1,"iceandfire:copper_pickaxe":1,"luminousworld:palmplank":40,"iceandfire:silver_axe":2,"minecraft:copper_ingot":43,"quark:oak_chest":4,"minecraft:iron_pickaxe":21,"minecraft:iron_block":3,"minecraft:gold_ingot":26,"iceandfire:silver_sword":1,"minecraft:jungle_sign":9,"hangglider:glider_framework":1,"minecraft:smooth_stone_slab":10,"minecraft:iron_nugget":54,"quark:jungle_chest":4,"iceandfire:armor_copper_metal_leggings":1,"minecraft:bone_meal":1341,"hangglider:glider_wing":2,"mores:tin_shield":3,"iceandfire:armor_copper_metal_helmet":1,"mores:cobalt_helmet":2,"minecraft:lantern":5,"minecraft:ladder":72,"luminousworld:white_oak_plank":144,"minecraft:jungle_fence":27,"minecraft:dark_oak_planks":20,"minecraft:wheat":378,"mores:tourmaline_shield":1,"minecraft:enchanting_table":1,"mores:cobalt_axe":1,"luminousworld:white_oak_stairs":24,"mores:tin_leggings":5,"minecraft:jungle_slab":24,"mores:tin_boots":4,"minecraft:wooden_axe":3,"minecraft:iron_shovel":9,"minecraft:armor_stand":7,"minecraft:white_bed":1,"iceandfire:silver_pickaxe":1,"securitycraft:mine":3,"minecraft:oak_planks":376,"hangglider:hang_glider":1,"minecraft:cobblestone_stairs":40,"minecraft:stone":21,"iceandfire:armor_copper_metal_boots":1,"stalwart_dungeons:wooden_hammer":1,"minecraft:oak_button":30,"minecraft:jungle_stairs":120,"minecraft:golden_sword":1,"mores:silver_ingot":7,"mores:tin_chestplate":4,"minecraft:crafting_table":12,"luminousworld:palmstairs":20,"mores:cobalt_pickaxe":2,"minecraft:wooden_pickaxe":10,"minecraft:iron_helmet":1,"mores:tin_helmet":5,"mores:iron_mace":1,"mores:tin_hoe":1,"minecraft:birch_planks":120,"iceandfire:copper_sword":1,"mores:cobalt_chestplate":1,"minecraft:charcoal":7,"minecraft:shield":1,"minecraft:stick":80,"minecraft:iron_ingot":42,"minecraft:shears":1,"vanillaplustools:wooden_hammer":1,"mores:tin_pickaxe":1,"vanillaplustools:iron_shovel":1,"minecraft:furnace":13,"mores:cobalt_boots":1,"minecraft:jungle_trapdoor":18,"minecraft:iron_axe":7,"minecraft:cobblestone_wall":6,"minecraft:diamond_sword":1,"iceandfire:silver_ingot":5,"mores:cobalt_ingot":56,"mores:tin_battleaxe":1,"minecraft:iron_sword":1,"ironchest:copper_chest":1,"minecraft:bucket":2,"minecraft:bread":178,"minecraft:air":0,"minecraft:jungle_planks":1597,"securitycraft:dirt_mine":3,"minecraft:oak_boat":1,"mores:tin_sword":1,"mores:cobalt_leggings":1,"minecraft:stonecutter":1,"minecraft:anvil":1,"mores:cobalt_shovel":3,"minecraft:torch":308},"minecraft:mined":{"minecraft:dark_oak_planks":29,"minecraft:red_nether_brick_slab":5,"minecraft:white_bed":1,"minecraft:black_terracotta":16,"minecraft:jungle_leaves":9,"minecraft:red_nether_bricks":19,"minecraft:granite":215,"epicsamurai:silver_ore":4,"placeablesmod:carrot_block_1":2,"minecraft:jungle_log":2,"minecraft:deepslate_tile_stairs":2,"ironchest:copper_chest":1,"luminousworld:savanna_grass_2":2,"minecraft:spawner":8,"epicsamurai:deepslate_jade_ore":8,"mores:deepslate_tourmaline_ore":9,"minecraft:dark_oak_trapdoor":2,"minecraft:cobbled_deepslate":6,"minecraft:fire":21,"dynamictrees:rooty_grass_block":1,"minecraft:deepslate_lapis_ore":7,"minecraft:stripped_dark_oak_wood":5,"minecraft:polished_deepslate_slab":1,"iceandfire:gold_pile":16,"minecraft:oak_sign":1,"minecraft:dirt_path":7,"minecraft:oak_stairs":48,"minecraft:blue_orchid":2,"minecraft:jungle_trapdoor":3,"minecraft:sandstone_slab":2,"minecraft:kelp_plant":1,"minecraft:deepslate_tile_slab":3,"mores:deepslate_anthracite_ore":1,"minecraft:torch":11,"minecraft:note_block":3,"minecraft:blast_furnace":6,"mores:topaz_ore":3,"minecraft:melon":3,"minecraft:dead_bush":4,"mores:tourmaline_ore":6,"minecraft:nether_brick_slab":2,"minecraft:glass":4,"minecraft:cyan_bed":19,"minecraft:sugar_cane":1,"minecraft:amethyst_block":2,"minecraft:skeleton_skull":1,"minecraft:chain":1,"minecraft:tinted_glass":11,"minecraft:light_gray_stained_glass":1,"minecraft:wheat":34,"minecraft:lilac":2,"minecraft:stone_brick_stairs":1,"minecraft:grass":38,"mores:silver_ore":13,"luminousworld:grassvariant_3":10,"luminousworld:palm_log":11,"minecraft:stonecutter":1,"minecraft:deepslate":827,"minecraft:dark_prismarine":9,"iceandfire:silver_ore":12,"minecraft:mossy_cobblestone":4,"minecraft:jungle_planks":30,"born_in_chaos_v1:black_argillite":31,"iceandfire:deepslate_silver_ore":3,"luminousworld:grassvariant_2":5,"luminousworld:whiteoakleaves":34,"minecraft:moss_block":12,"dynamictrees:oak_leaves":5,"minecraft:redstone_ore":5,"minecraft:waxed_oxidized_cut_copper":40,"minecraft:packed_mud":22,"dynamictrees:oak_undergrowth_leaves":4,"minecraft:andesite":280,"mores:deepslate_cobalt_ore":29,"minecraft:vine":2,"minecraft:smooth_quartz_stairs":1,"luminousworld:clovers_3":1,"minecraft:bone_block":153,"minecraft:mud_brick_slab":13,"luminousworld:savannah_soil":2,"quark:oak_chest":3,"minecraft:smooth_sandstone":2,"minecraft:campfire":1,"luminousworld:auburnlog":5,"minecraft:lightning_rod":2,"minecraft:copper_ore":34,"minecraft:deepslate_gold_ore":2,"minecraft:diorite":121,"mores:tin_ore":75,"luminousworld:whiteoaklog":62,"mores:deepslate_tin_ore":44,"minecraft:white_carpet":6,"minecraft:dark_prismarine_slab":3,"luminousworld:clovers_5":2,"luminousworld:ishstone":100,"minecraft:gravel":30,"minecraft:dripstone_block":34,"minecraft:cobweb":1,"minecraft:polished_blackstone":1,"minecraft:stone_bricks":6,"mores:deepslate_silver_ore":15,"minecraft:gold_ore":18,"minecraft:waxed_exposed_cut_copper":6,"minecraft:iron_trapdoor":2,"luminousworld:white_petunias":1,"minecraft:waxed_cut_copper_slab":3,"minecraft:prismarine_wall":3,"minecraft:cobblestone_stairs":11,"quark:glow_shroom_stem":1,"minecraft:grass_block":614,"minecraft:mud_brick_wall":1,"minecraft:mud_bricks":66,"minecraft:gilded_blackstone":6,"minecraft:sandstone_stairs":1,"iceandfire:crackled_cobblestone":1,"minecraft:red_nether_brick_stairs":6,"minecraft:iron_ore":44,"minecraft:anvil":1,"minecraft:azure_bluet":1,"minecraft:dark_oak_stairs":13,"minecraft:skeleton_wall_skull":1,"minecraft:pointed_dripstone":16,"supplementaries:stick":2,"minecraft:purple_carpet":4,"minecraft:iron_bars":3,"epicsamurai:deepslate_silver_ore":6,"dynamictrees:jungle_undergrowth_leaves":6,"minecraft:waxed_cut_copper":14,"minecraft:waxed_cut_copper_stairs":7,"minecraft:blackstone":3,"minecraft:soul_lantern":4,"minecraft:jungle_stairs":4,"minecraft:calcite":11,"mores:anthracite_ore":5,"minecraft:cobblestone":148,"minecraft:oak_planks":172,"minecraft:wall_torch":30,"minecraft:deepslate_copper_ore":5,"minecraft:seagrass":3,"minecraft:stone_stairs":1,"minecraft:dark_oak_slab":1,"epicsamurai:aquamarine_ore":7,"dynamictrees:birch_leaves":7,"minecraft:tnt":1,"minecraft:oak_log":70,"minecraft:sand":95,"minecraft:dirt":873,"epicsamurai:tanuki_statue":1,"minecraft:polished_deepslate_wall":6,"mores:deepslate_topaz_ore":5,"iceandfire:chared_stone":1,"luminousworld:groundpebbles_1":2,"minecraft:tuff":34,"minecraft:deepslate_diamond_ore":1,"luminousworld:grassvariant_4":8,"born_in_chaos_v1:infected_diamond_ore":5,"minecraft:white_stained_glass":1,"quark:jungle_chest":2,"luminousworld:clovers_2":1,"minecraft:birch_slab":1,"luminousworld:white_oak_plank":1,"minecraft:sandstone":1,"minecraft:hay_block":45,"minecraft:furnace":8,"minecraft:carrots":1,"luminousworld:palmstairs":8,"minecraft:peony":3,"minecraft:bell":2,"minecraft:polished_deepslate":27,"minecraft:bookshelf":7,"minecraft:deepslate_iron_ore":13,"minecraft:lantern":4,"minecraft:stripped_oak_log":22,"minecraft:stone":5310,"luminousworld:soft_birch_log":15,"mores:cobalt_ore":108,"luminousworld:palmplank":9,"epicsamurai:deepslate_aquamarine_ore":8,"minecraft:oak_fence":2,"minecraft:crafting_table":6,"luminousworld:savannah_grass_1":1,"minecraft:rose_bush":3,"minecraft:lapis_ore":7,"minecraft:lime_bed":2,"mores:deepslate_ruby_ore":2,"iceandfire:ash":1,"placeablesmod:carrot_block_2":1,"minecraft:coal_ore":109,"minecraft:gray_carpet":1,"dynamictrees:oak_sapling":1,"minecraft:cracked_stone_bricks":4,"minecraft:terracotta":4,"minecraft:birch_fence":3,"epicsamurai:ruby_ore":5},"minecraft:killed":{"born_in_chaos_v1:restless_spirit":1,"born_in_chaos_v1:zombie_lumberjack":1,"undead_revamp2:axestrom":1,"minecraft:skeleton":4,"minecraft:zombie":6,"born_in_chaos_v1:corpse_fly":5,"undead_revamp2:thebidy":2,"minecraft:husk":3,"undead_revamp2:the_moonflower":3,"enemyexpansion:sprinter":2,"minecraft:ravager":1,"born_in_chaos_v1:decrepit_skeleton":2,"born_in_chaos_v1:bloody_gadfly":1,"undead_revamp2:thesomnolence":7,"iceandfire:ghost":4,"naturalist:zebra":1,"undead_revamp2:thesmoker":2,"born_in_chaos_v1:diamond_termite":6,"earthmobsmod:lobber_zombie":1,"minecraft:sheep":2,"undead_revamp2:theskeeper":1,"enemyexpansion:wasp":2,"enemyexpansion:direwolf":1,"born_in_chaos_v1:maggot":3,"minecraft:drowned":1,"born_in_chaos_v1:corpse_fish":1,"undead_revamp2:sucker":3,"enemyexpansion:goblin":1,"alexsmobs:flying_fish":1,"alexsmobs:emu":2,"alexsmobs:gazelle":1,"enemyexpansion:huntsman":1},"minecraft:broken":{"vanillaplustools:wooden_hammer":1,"mores:tin_helmet":3,"minecraft:iron_sword":1,"mores:tin_boots":2,"aether:iron_gloves":1,"minecraft:wooden_pickaxe":1,"mores:cobalt_pickaxe":2,"minecraft:iron_pickaxe":1,"iceandfire:silver_axe":1,"mores:tin_hoe":1,"mores:tin_leggings":2,"vanillaplustools:iron_hammer":1,"minecraft:wooden_axe":3,"aether:chainmail_gloves":1,"mores:cobalt_shovel":3,"mores:tin_chestplate":1,"mores:tin_pickaxe":1,"mores:tin_shield":1},"minecraft:dropped":{"minecraft:mud_brick_slab":13,"minecraft:glow_ink_sac":6,"minecraft:glass_bottle":2,"minecraft:crafting_table":1,"minecraft:dark_oak_slab":1,"minecraft:crossbow":1,"tombstone:tablet_of_assistance":1,"born_in_chaos_v1:pieceofdarkmetal":1,"securitycraft:cobblestone_mine":1,"mores:cobalt_axe":1,"born_in_chaos_v1:monster_flesh":2,"minecraft:packed_mud":10,"minecraft:dirt":1139,"minecraft:dark_oak_trapdoor":2,"iceandfire:armor_copper_metal_boots":1,"iceandfire:copper_pickaxe":1,"luminousworld:palmstairs":2,"minecraft:iron_pickaxe":1,"minecraft:dark_oak_planks":4,"mores:tourmaline_shield":2,"luminousworld:clovers_1":17,"minecraft:waxed_cut_copper_slab":7,"minecraft:sugar_cane":3,"minecraft:lever":4,"alexsmobs:gazelle_horn":2,"minecraft:iron_nugget":44,"luminousworld:white_oak_plank":6,"alexsmobs:animal_dictionary":1,"minecraft:cobbled_deepslate":636,"minecraft:tinted_glass":11,"minecraft:wheat":9,"minecraft:rotten_flesh":48,"minecraft:oak_planks":145,"luminousworld:grassflowers":1,"minecraft:jungle_log":65,"iceandfire:bestiary":1,"minecraft:ladder":32,"minecraft:red_nether_bricks":10,"minecraft:glass":4,"luminousworld:whiteoaklog":36,"minecraft:enchanted_book":1,"minecraft:wheat_seeds":50,"born_in_chaos_v1:shattered_skull":1,"luminousworld:ishstone":15,"dynamictrees:birch_seed":29,"minecraft:dripstone_block":16,"minecraft:cobblestone":2590,"minecraft:iron_helmet":1,"minecraft:dark_prismarine_slab":2,"minecraft:apple":5,"minecraft:granite":201,"minecraft:deepslate_tile_slab":4,"minecraft:jungle_slab":6,"mores:cobalt_pickaxe":1,"minecraft:iron_trapdoor":2,"minecraft:wooden_axe":1,"minecraft:rose_bush":2,"minecraft:oak_stairs":40,"mores:tin_battleaxe":1,"minecraft:smooth_stone":4,"minecraft:string":14,"minecraft:polished_deepslate_wall":6,"minecraft:furnace":13,"minecraft:stone_sword":1,"minecraft:cobblestone_wall":4,"minecraft:dark_oak_sign":5,"mores:raw_tin":96,"minecraft:smooth_stone_slab":3,"luminousworld:auburnlog":5,"iceandfire:armor_copper_metal_helmet":1,"mores:tin_boots":1,"minecraft:oak_sign":1,"iceandfire:copper_axe":1,"minecraft:waxed_cut_copper":12,"minecraft:peony":2,"minecraft:spruce_trapdoor":3,"luminousworld:blue_petunias":1,"minecraft:blue_orchid":1,"mores:tin_leggings":2,"minecraft:cooked_rabbit":5,"mores:tin_shield":2,"minecraft:terracotta":2,"minecraft:birch_planks":6,"minecraft:moss_block":14,"minecraft:brown_mushroom":9,"minecraft:dark_oak_stairs":9,"quark:glow_shroom":2,"luminousworld:yellowpetunias":2,"minecraft:oak_log":59,"luminousworld:white_petunias":1,"minecraft:jungle_fence":4,"minecraft:red_nether_brick_slab":3,"minecraft:jungle_planks":19,"minecraft:flint":1,"minecraft:cobblestone_stairs":86,"mores:tin_helmet":1,"dynamictrees:jungle_seed":126,"minecraft:cut_copper":10,"iceandfire:ash":4,"minecraft:gravel":29,"minecraft:blackstone":3,"dynamictrees:oak_seed":24,"minecraft:pointed_dripstone":42,"minecraft:black_terracotta":8,"minecraft:stone_stairs":1,"minecraft:carrot":67,"supplementaries:ash":15,"born_in_chaos_v1:corpse_maggot":5,"born_in_chaos_v1:diamond_termite_shard":2,"minecraft:iron_bars":1,"minecraft:arrow":5,"iceandfire:armor_copper_metal_leggings":1,"minecraft:purple_carpet":1,"minecraft:bread":65,"luminousworld:white_oak_sapling":3,"minecraft:mossy_cobblestone":1,"dynamictrees:dark_oak_seed":5,"iceandfire:armor_copper_metal_chestplate":1,"mores:tin_sword":1,"minecraft:stick":386,"quark:glow_lichen_growth":1,"quark:clear_shard":83,"minecraft:mud_brick_wall":2,"minecraft:diorite":72,"iceandfire:silver_sword":1,"luminousworld:auburn_sapling":1,"tombstone:grave_dust":3,"minecraft:iron_axe":2,"minecraft:redstone_block":2,"minecraft:redstone":2,"minecraft:polished_deepslate":11,"minecraft:kelp":2,"luminousworld:soft_birch_log":4,"minecraft:raw_copper":14,"minecraft:tuff":29,"mores:chocolate":1,"minecraft:waxed_exposed_cut_copper":3,"minecraft:red_nether_brick_stairs":8,"minecraft:mud_bricks":13,"minecraft:oak_button":30,"luminousworld:palmplank":1,"iceandfire:copper_sword":1,"mowziesmobs:umvuthana_mask_misery":1,"mores:tin_chestplate":2,"luminousworld:groundpebbles_1":7,"minecraft:andesite":263,"minecraft:oak_boat":1,"minecraft:waxed_oxidized_cut_copper":4,"minecraft:slime_ball":4,"minecraft:calcite":10,"stalwart_dungeons:wooden_hammer":1}},"DataVersion":3465}