{"stats":{"minecraft:used":{"minecraft:wooden_axe":77,"minecraft:birch_slab":1,"minecraft:bread":17,"minecraft:cyan_bed":4,"minecraft:smooth_sandstone":2,"minecraft:wooden_pickaxe":20,"minecraft:rotten_flesh":2,"minecraft:sand":9,"minecraft:cobblestone":2,"minecraft:terracotta":2,"minecraft:crafting_table":3,"minecraft:sandstone_slab":3},"minecraft:killed":{"minecraft:sheep":2,"iceandfire:ghost":1,"alexsmobs:emu":1},"minecraft:picked_up":{"minecraft:wooden_axe":1,"minecraft:stripped_oak_log":4,"minecraft:crafting_table":2,"minecraft:sandstone_slab":3,"minecraft:birch_slab":1,"minecraft:sand":1,"minecraft:cyan_bed":5,"minecraft:bone":2,"minecraft:smooth_sandstone":2,"minecraft:birch_fence":1,"luminousworld:palm_log":11,"minecraft:hay_block":33,"minecraft:sandstone_stairs":1,"minecraft:terracotta":2,"minecraft:cobblestone":2,"minecraft:mutton":3,"minecraft:white_wool":2},"minecraft:custom":{"minecraft:time_since_rest":12054,"minecraft:sprint_one_cm":279564,"minecraft:damage_taken":2326,"minecraft:walk_one_cm":79044,"minecraft:mob_kills":4,"minecraft:drop":2,"minecraft:damage_dealt":807,"minecraft:interact_with_crafting_table":6,"minecraft:swim_one_cm":9043,"minecraft:fly_one_cm":417195,"minecraft:player_kills":1,"minecraft:open_chest":3,"minecraft:crouch_one_cm":94,"tombstone:undead_killed":1,"minecraft:play_time":50725,"minecraft:deaths":5,"minecraft:sneak_time":52,"minecraft:walk_under_water_one_cm":1265,"minecraft:jump":1445,"minecraft:leave_game":6,"minecraft:time_since_death":14453,"minecraft:walk_on_water_one_cm":14498,"minecraft:sleep_in_bed":2,"minecraft:climb_one_cm":8219,"minecraft:total_world_time":50725,"minecraft:fall_one_cm":37944},"minecraft:crafted":{"minecraft:crafting_table":2,"minecraft:stick":16,"minecraft:wooden_pickaxe":1,"minecraft:wooden_axe":3,"minecraft:bread":21,"minecraft:wheat":63,"luminousworld:palmplank":32},"minecraft:mined":{"minecraft:hay_block":34,"minecraft:sandstone_slab":2,"minecraft:lime_bed":1,"minecraft:mossy_cobblestone":1,"minecraft:smooth_sandstone":2,"minecraft:crafting_table":2,"minecraft:vine":1,"minecraft:sand":6,"minecraft:stripped_oak_log":4,"minecraft:cobblestone":2,"minecraft:birch_slab":1,"minecraft:terracotta":2,"luminousworld:palm_log":11,"minecraft:cyan_bed":5,"minecraft:sandstone":1,"minecraft:birch_fence":1,"minecraft:sandstone_stairs":1},"minecraft:dropped":{"minecraft:bread":1,"minecraft:wooden_axe":1},"minecraft:broken":{"minecraft:wooden_axe":2},"minecraft:killed_by":{"minecraft:zombie":1}},"DataVersion":3465}