{"stats":{"minecraft:used":{"minecraft:polished_blackstone":1,"minecraft:oak_planks":64,"minecraft:wooden_pickaxe":44,"minecraft:iron_sword":13,"dynamictrees:oak_seed":1,"minecraft:rotten_flesh":2,"minecraft:torch":3,"minecraft:dirt":9,"minecraft:sand":9,"minecraft:terracotta":2,"minecraft:lime_bed":2,"minecraft:crafting_table":10,"minecraft:granite":1,"minecraft:wooden_axe":124,"minecraft:birch_slab":1,"minecraft:iron_axe":7,"minecraft:cyan_bed":14,"minecraft:bread":64,"minecraft:iron_pickaxe":250,"minecraft:smooth_sandstone":2,"mores:cobalt_pickaxe":12,"minecraft:golden_sword":18,"minecraft:cobblestone":22,"luminousworld:savannah_soil":2,"minecraft:furnace":3,"minecraft:sandstone_slab":3,"tombstone:gift":4,"minecraft:oak_boat":3},"minecraft:killed":{"alexsmobs:emu":2,"minecraft:sheep":2,"iceandfire:ghost":3},"minecraft:picked_up":{"minecraft:wooden_axe":1,"minecraft:stripped_oak_log":19,"minecraft:lime_bed":2,"minecraft:crafting_table":4,"luminousworld:palmplank":40,"minecraft:sandstone_slab":3,"minecraft:birch_slab":1,"minecraft:flint":2,"minecraft:gilded_blackstone":2,"minecraft:oak_log":9,"minecraft:dirt":11,"minecraft:string":4,"minecraft:smooth_sandstone":2,"minecraft:birch_fence":3,"minecraft:bone":2,"minecraft:blackstone":3,"luminousworld:palm_log":11,"minecraft:gold_nugget":161,"minecraft:raw_gold":14,"minecraft:bell":1,"minecraft:oak_boat":3,"dynamictrees:oak_seed":13,"minecraft:sugar_cane":3,"minecraft:oak_planks":10,"minecraft:stick":29,"minecraft:raw_iron":2,"minecraft:torch":13,"minecraft:gravel":8,"minecraft:spruce_stairs":1,"luminousworld:savannah_soil":2,"minecraft:sand":1,"mores:raw_cobalt":17,"tombstone:grave_dust":1,"minecraft:cyan_bed":14,"minecraft:rotten_flesh":8,"minecraft:granite":7,"minecraft:hay_block":42,"minecraft:sandstone_stairs":1,"minecraft:bread":21,"alexsmobs:maggot":1,"minecraft:polished_blackstone":1,"minecraft:terracotta":4,"minecraft:coal":9,"iceandfire:raw_silver":2,"minecraft:mutton":3,"minecraft:white_wool":5,"minecraft:cobblestone":170},"minecraft:custom":{"minecraft:interact_with_furnace":11,"minecraft:mob_kills":7,"minecraft:interact_with_crafting_table":19,"minecraft:open_barrel":3,"minecraft:bell_ring":4,"minecraft:leave_game":6,"minecraft:time_since_death":23542,"minecraft:sleep_in_bed":7,"minecraft:climb_one_cm":11689,"minecraft:time_since_rest":23324,"minecraft:sprint_one_cm":576693,"minecraft:damage_taken":5828,"minecraft:walk_one_cm":211267,"minecraft:drop":33,"minecraft:damage_dealt":1502,"minecraft:swim_one_cm":13205,"minecraft:fly_one_cm":750269,"minecraft:player_kills":1,"minecraft:open_chest":12,"minecraft:crouch_one_cm":369,"minecraft:play_time":116725,"tombstone:undead_killed":3,"minecraft:deaths":10,"minecraft:sneak_time":322,"minecraft:walk_under_water_one_cm":5096,"minecraft:boat_one_cm":277514,"minecraft:jump":3127,"minecraft:walk_on_water_one_cm":19341,"minecraft:total_world_time":116725,"minecraft:fall_one_cm":89063},"minecraft:crafted":{"minecraft:oak_planks":112,"iceandfire:silver_ingot":2,"minecraft:crafting_table":6,"mores:cobalt_ingot":17,"mores:cobalt_pickaxe":1,"minecraft:wooden_pickaxe":1,"minecraft:iron_sword":1,"minecraft:furnace":3,"minecraft:bread":125,"minecraft:oak_boat":1,"minecraft:iron_axe":2,"minecraft:stick":16,"minecraft:iron_pickaxe":2,"minecraft:wooden_axe":3,"minecraft:gold_ingot":26,"minecraft:golden_sword":1,"luminousworld:palmplank":32,"minecraft:wheat":378},"minecraft:mined":{"minecraft:sandstone_slab":2,"luminousworld:savannah_soil":2,"mores:cobalt_ore":17,"iceandfire:silver_ore":3,"minecraft:blackstone":3,"minecraft:mossy_cobblestone":1,"minecraft:smooth_sandstone":2,"minecraft:crafting_table":4,"minecraft:granite":7,"minecraft:grass_block":9,"minecraft:dead_bush":4,"minecraft:cobblestone":2,"minecraft:birch_slab":1,"minecraft:cyan_bed":15,"minecraft:oak_planks":6,"minecraft:sugar_cane":1,"minecraft:diorite":13,"minecraft:sandstone":1,"minecraft:gilded_blackstone":6,"minecraft:sandstone_stairs":1,"iceandfire:crackled_cobblestone":1,"minecraft:hay_block":45,"minecraft:lime_bed":2,"minecraft:iron_ore":2,"minecraft:bell":1,"minecraft:grass":2,"minecraft:coal_ore":2,"iceandfire:gold_pile":16,"minecraft:vine":1,"minecraft:gravel":8,"minecraft:dirt":5,"minecraft:sand":6,"minecraft:stripped_oak_log":22,"dynamictrees:oak_sapling":1,"luminousworld:palm_log":11,"minecraft:terracotta":4,"minecraft:polished_blackstone":1,"minecraft:stone":179,"minecraft:gold_ore":14,"minecraft:birch_fence":3},"minecraft:dropped":{"minecraft:gravel":8,"minecraft:bread":39,"minecraft:blackstone":3,"minecraft:sugar_cane":3,"alexsmobs:animal_dictionary":1,"minecraft:cobblestone":48,"minecraft:granite":3,"minecraft:wooden_axe":1,"tombstone:grave_dust":3,"minecraft:slime_ball":4,"minecraft:iron_axe":1,"minecraft:iron_pickaxe":1,"minecraft:cooked_rabbit":5,"minecraft:string":4,"minecraft:terracotta":2},"minecraft:broken":{"minecraft:iron_pickaxe":1,"minecraft:wooden_axe":3,"minecraft:wooden_pickaxe":1},"minecraft:killed_by":{"minecraft:player":1,"minecraft:zombie":1}},"DataVersion":3465}