{"stats":{"minecraft:used":{"minecraft:polished_blackstone":1,"minecraft:oak_planks":64,"minecraft:wooden_pickaxe":44,"minecraft:iron_sword":13,"dynamictrees:oak_seed":1,"minecraft:rotten_flesh":2,"minecraft:torch":1,"minecraft:dirt":9,"minecraft:sand":9,"minecraft:terracotta":2,"minecraft:lime_bed":2,"minecraft:crafting_table":10,"minecraft:wooden_axe":124,"minecraft:birch_slab":1,"minecraft:iron_axe":6,"minecraft:cyan_bed":14,"minecraft:bread":60,"minecraft:iron_pickaxe":224,"minecraft:smooth_sandstone":2,"minecraft:golden_sword":18,"minecraft:cobblestone":22,"luminousworld:savannah_soil":2,"minecraft:furnace":3,"minecraft:sandstone_slab":3,"tombstone:gift":2,"minecraft:oak_boat":2},"minecraft:killed":{"alexsmobs:emu":2,"minecraft:sheep":2,"iceandfire:ghost":3},"minecraft:picked_up":{"minecraft:wooden_axe":1,"minecraft:stripped_oak_log":19,"minecraft:lime_bed":2,"minecraft:crafting_table":4,"luminousworld:palmplank":40,"minecraft:sandstone_slab":3,"minecraft:birch_slab":1,"minecraft:flint":2,"minecraft:gilded_blackstone":2,"minecraft:oak_log":9,"minecraft:dirt":11,"minecraft:string":4,"minecraft:smooth_sandstone":2,"minecraft:birch_fence":3,"minecraft:bone":2,"minecraft:blackstone":3,"luminousworld:palm_log":11,"minecraft:gold_nugget":161,"minecraft:raw_gold":14,"minecraft:bell":1,"minecraft:oak_boat":2,"dynamictrees:oak_seed":13,"minecraft:sugar_cane":3,"minecraft:oak_planks":10,"minecraft:stick":29,"minecraft:torch":1,"minecraft:gravel":8,"minecraft:spruce_stairs":1,"luminousworld:savannah_soil":2,"minecraft:sand":1,"mores:raw_cobalt":17,"tombstone:grave_dust":1,"minecraft:cyan_bed":14,"minecraft:rotten_flesh":8,"minecraft:hay_block":42,"minecraft:sandstone_stairs":1,"minecraft:bread":21,"alexsmobs:maggot":1,"minecraft:polished_blackstone":1,"minecraft:terracotta":4,"minecraft:coal":2,"iceandfire:raw_silver":2,"minecraft:mutton":3,"minecraft:white_wool":5,"minecraft:cobblestone":138},"minecraft:custom":{"minecraft:interact_with_furnace":5,"minecraft:mob_kills":7,"minecraft:interact_with_crafting_table":16,"minecraft:open_barrel":3,"minecraft:bell_ring":4,"minecraft:leave_game":6,"minecraft:time_since_death":17542,"minecraft:sleep_in_bed":7,"minecraft:climb_one_cm":11689,"minecraft:time_since_rest":17324,"minecraft:sprint_one_cm":553809,"minecraft:damage_taken":5651,"minecraft:walk_one_cm":200627,"minecraft:drop":25,"minecraft:damage_dealt":1502,"minecraft:swim_one_cm":13205,"minecraft:fly_one_cm":731067,"minecraft:player_kills":1,"minecraft:open_chest":10,"minecraft:crouch_one_cm":369,"minecraft:play_time":110725,"tombstone:undead_killed":3,"minecraft:deaths":10,"minecraft:sneak_time":309,"minecraft:walk_under_water_one_cm":4567,"minecraft:boat_one_cm":244608,"minecraft:jump":2953,"minecraft:walk_on_water_one_cm":18882,"minecraft:total_world_time":110725,"minecraft:fall_one_cm":85161},"minecraft:crafted":{"minecraft:oak_planks":112,"iceandfire:silver_ingot":2,"minecraft:crafting_table":6,"minecraft:wooden_pickaxe":1,"minecraft:iron_sword":1,"minecraft:furnace":3,"minecraft:bread":125,"minecraft:oak_boat":1,"minecraft:iron_axe":2,"minecraft:stick":16,"minecraft:iron_pickaxe":2,"minecraft:wooden_axe":3,"minecraft:gold_ingot":26,"minecraft:golden_sword":1,"luminousworld:palmplank":32,"minecraft:wheat":378},"minecraft:dropped":{"minecraft:bread":39,"alexsmobs:animal_dictionary":1,"minecraft:wooden_axe":1,"minecraft:iron_axe":1,"minecraft:iron_pickaxe":1,"minecraft:cooked_rabbit":5,"minecraft:string":4},"minecraft:mined":{"minecraft:sandstone_slab":2,"luminousworld:savannah_soil":2,"mores:cobalt_ore":17,"iceandfire:silver_ore":2,"minecraft:blackstone":3,"minecraft:mossy_cobblestone":1,"minecraft:smooth_sandstone":2,"minecraft:crafting_table":4,"minecraft:grass_block":9,"minecraft:dead_bush":4,"minecraft:cobblestone":2,"minecraft:birch_slab":1,"minecraft:cyan_bed":15,"minecraft:oak_planks":6,"minecraft:sugar_cane":1,"minecraft:sandstone":1,"minecraft:gilded_blackstone":6,"minecraft:sandstone_stairs":1,"iceandfire:crackled_cobblestone":1,"minecraft:hay_block":45,"minecraft:lime_bed":2,"minecraft:bell":1,"minecraft:grass":1,"minecraft:coal_ore":2,"iceandfire:gold_pile":16,"minecraft:vine":1,"minecraft:gravel":8,"minecraft:dirt":5,"minecraft:sand":6,"minecraft:stripped_oak_log":22,"dynamictrees:oak_sapling":1,"luminousworld:palm_log":11,"minecraft:terracotta":4,"minecraft:polished_blackstone":1,"minecraft:stone":164,"minecraft:gold_ore":14,"minecraft:birch_fence":3},"minecraft:broken":{"minecraft:wooden_axe":3,"minecraft:wooden_pickaxe":1},"minecraft:killed_by":{"minecraft:player":1,"minecraft:zombie":1}},"DataVersion":3465}