{"stats":{"minecraft:used":{"minecraft:oak_planks":64,"minecraft:wooden_pickaxe":44,"minecraft:rotten_flesh":2,"minecraft:sand":9,"minecraft:terracotta":2,"minecraft:crafting_table":7,"minecraft:wooden_axe":124,"minecraft:birch_slab":1,"minecraft:cyan_bed":12,"minecraft:bread":46,"minecraft:smooth_sandstone":2,"minecraft:golden_sword":18,"minecraft:cobblestone":2,"minecraft:sandstone_slab":3,"minecraft:oak_boat":2},"minecraft:killed":{"alexsmobs:emu":1,"minecraft:sheep":2,"iceandfire:ghost":3},"minecraft:picked_up":{"minecraft:wooden_axe":1,"minecraft:stripped_oak_log":19,"minecraft:crafting_table":3,"minecraft:sandstone_slab":3,"minecraft:birch_slab":1,"minecraft:gilded_blackstone":2,"minecraft:string":4,"minecraft:smooth_sandstone":2,"minecraft:birch_fence":3,"minecraft:bone":2,"minecraft:blackstone":3,"luminousworld:palm_log":11,"minecraft:gold_nugget":5,"minecraft:bell":1,"minecraft:oak_boat":2,"minecraft:sugar_cane":3,"minecraft:oak_planks":5,"minecraft:stick":4,"minecraft:spruce_stairs":1,"minecraft:sand":1,"tombstone:grave_dust":1,"minecraft:cyan_bed":14,"minecraft:rotten_flesh":6,"minecraft:hay_block":42,"minecraft:sandstone_stairs":1,"minecraft:bread":21,"minecraft:polished_blackstone":1,"minecraft:terracotta":2,"minecraft:mutton":3,"minecraft:white_wool":2,"minecraft:cobblestone":4},"minecraft:custom":{"minecraft:interact_with_furnace":1,"minecraft:mob_kills":6,"minecraft:interact_with_crafting_table":11,"minecraft:open_barrel":3,"minecraft:bell_ring":4,"minecraft:leave_game":6,"minecraft:time_since_death":9007,"minecraft:sleep_in_bed":6,"minecraft:climb_one_cm":11689,"minecraft:time_since_rest":6992,"minecraft:sprint_one_cm":380649,"minecraft:damage_taken":4732,"minecraft:walk_one_cm":132957,"minecraft:drop":19,"minecraft:damage_dealt":1322,"minecraft:swim_one_cm":9751,"minecraft:fly_one_cm":539234,"minecraft:player_kills":1,"minecraft:open_chest":7,"minecraft:crouch_one_cm":104,"minecraft:play_time":80725,"tombstone:undead_killed":3,"minecraft:deaths":9,"minecraft:sneak_time":149,"minecraft:walk_under_water_one_cm":3421,"minecraft:boat_one_cm":244608,"minecraft:jump":2029,"minecraft:walk_on_water_one_cm":15841,"minecraft:total_world_time":80725,"minecraft:fall_one_cm":55641},"minecraft:crafted":{"minecraft:oak_planks":76,"minecraft:crafting_table":4,"minecraft:wooden_pickaxe":1,"minecraft:iron_sword":1,"minecraft:bread":83,"minecraft:oak_boat":1,"minecraft:iron_axe":1,"minecraft:stick":16,"minecraft:iron_pickaxe":1,"minecraft:wooden_axe":3,"minecraft:golden_sword":1,"luminousworld:palmplank":32,"minecraft:wheat":378},"minecraft:dropped":{"minecraft:bread":38,"minecraft:wooden_axe":1},"minecraft:mined":{"minecraft:sandstone_slab":2,"minecraft:blackstone":3,"minecraft:mossy_cobblestone":1,"minecraft:smooth_sandstone":2,"minecraft:crafting_table":3,"minecraft:dead_bush":2,"minecraft:cobblestone":2,"minecraft:birch_slab":1,"minecraft:cyan_bed":14,"minecraft:oak_planks":6,"minecraft:sugar_cane":1,"minecraft:sandstone":1,"minecraft:gilded_blackstone":6,"minecraft:sandstone_stairs":1,"minecraft:hay_block":45,"minecraft:lime_bed":1,"minecraft:bell":1,"minecraft:vine":1,"minecraft:sand":6,"minecraft:stripped_oak_log":22,"luminousworld:palm_log":11,"minecraft:terracotta":2,"minecraft:polished_blackstone":1,"minecraft:stone":3,"minecraft:birch_fence":3},"minecraft:broken":{"minecraft:wooden_axe":3,"minecraft:wooden_pickaxe":1},"minecraft:killed_by":{"minecraft:player":1,"minecraft:zombie":1}},"DataVersion":3465}