{"stats":{"minecraft:killed_by":{"minecraft:player":1,"minecraft:zombie":1},"minecraft:picked_up":{"minecraft:wooden_axe":1,"luminousworld:groundpebbles_1":1,"minecraft:crafting_table":6,"minecraft:wheat":25,"minecraft:sandstone_slab":3,"illagerinvasion:platinum_chunk":1,"minecraft:brown_mushroom":9,"minecraft:gilded_blackstone":2,"minecraft:string":4,"minecraft:raw_copper":43,"minecraft:birch_fence":3,"minecraft:blackstone":3,"luminousworld:palm_log":11,"minecraft:gold_nugget":161,"mores:cobalt_pickaxe":1,"minecraft:oak_boat":3,"dynamictrees:oak_seed":20,"minecraft:sugar_cane":3,"minecraft:raw_iron":2,"minecraft:stick":171,"minecraft:torch":22,"minecraft:spruce_stairs":1,"luminousworld:savannah_soil":2,"tombstone:grave_dust":3,"born_in_chaos_v1:pieceofdarkmetal":2,"mores:raw_tin":45,"luminousworld:white_oak_sapling":3,"minecraft:rotten_flesh":16,"luminousworld:soft_birch_log":19,"minecraft:hay_block":42,"minecraft:sandstone_stairs":1,"minecraft:polished_blackstone":1,"minecraft:mutton":3,"minecraft:cobblestone":561,"minecraft:white_wool":5,"minecraft:stripped_oak_log":19,"minecraft:birch_log":26,"born_in_chaos_v1:corpse_maggot":5,"minecraft:lime_bed":2,"luminousworld:palmplank":49,"minecraft:birch_slab":1,"minecraft:flint":2,"minecraft:oak_log":25,"minecraft:dirt":433,"minecraft:smooth_sandstone":2,"minecraft:bone":7,"minecraft:wheat_seeds":55,"minecraft:raw_gold":14,"minecraft:bell":2,"dynamictrees:birch_seed":12,"minecraft:oak_planks":10,"luminousworld:clovers_1":7,"minecraft:gravel":8,"minecraft:sand":1,"mores:raw_cobalt":17,"minecraft:cyan_bed":14,"luminousworld:whiteoaklog":24,"luminousworld:palmstairs":2,"minecraft:crossbow":1,"minecraft:emerald":1,"minecraft:granite":7,"luminousworld:auburn_sapling":1,"minecraft:bread":21,"minecraft:terracotta":4,"alexsmobs:maggot":1,"mores:raw_silver":3,"minecraft:coal":54,"iceandfire:raw_silver":2},"minecraft:used":{"mores:cobalt_axe":14,"quark:birch_chest":3,"minecraft:polished_blackstone":1,"minecraft:iron_sword":128,"luminousworld:soft_birch_log":7,"dynamictrees:oak_seed":1,"minecraft:bell":2,"minecraft:rotten_flesh":2,"minecraft:torch":25,"mores:cobalt_shovel":537,"minecraft:dirt":101,"minecraft:granite":1,"born_in_chaos_v1:corpse_maggot":5,"minecraft:wooden_axe":124,"minecraft:iron_axe":104,"minecraft:smooth_sandstone":2,"minecraft:golden_sword":18,"luminousworld:savannah_soil":2,"minecraft:furnace":11,"mores:tin_shield":1,"tombstone:gift":4,"minecraft:wheat_seeds":31,"minecraft:water_bucket":17,"minecraft:oak_planks":64,"minecraft:wooden_pickaxe":44,"luminousworld:white_oak_stairs":24,"mores:tin_hoe":48,"minecraft:sand":9,"minecraft:terracotta":2,"minecraft:lime_bed":2,"minecraft:crafting_table":13,"minecraft:white_bed":1,"luminousworld:palmstairs":20,"minecraft:birch_slab":1,"minecraft:bread":93,"minecraft:cyan_bed":14,"minecraft:iron_pickaxe":250,"mores:cobalt_pickaxe":520,"luminousworld:palmplank":10,"minecraft:cobblestone":80,"minecraft:bucket":17,"quark:oak_chest":1,"minecraft:sandstone_slab":3,"minecraft:oak_boat":3,"minecraft:bone_meal":63},"minecraft:custom":{"minecraft:mob_kills":12,"minecraft:interact_with_crafting_table":42,"minecraft:open_barrel":3,"minecraft:bell_ring":14,"minecraft:damage_dealt_resisted":721,"minecraft:leave_game":10,"minecraft:time_since_death":119459,"minecraft:climb_one_cm":11689,"minecraft:sprint_one_cm":873335,"minecraft:walk_one_cm":451219,"minecraft:damage_blocked_by_shield":10,"minecraft:drop":62,"minecraft:play_time":212642,"minecraft:deaths":10,"minecraft:sneak_time":561,"minecraft:walk_under_water_one_cm":11443,"minecraft:boat_one_cm":277514,"minecraft:jump":4395,"minecraft:walk_on_water_one_cm":30856,"minecraft:total_world_time":212642,"minecraft:interact_with_furnace":24,"minecraft:sleep_in_bed":11,"minecraft:time_since_rest":10830,"minecraft:damage_taken":6933,"minecraft:damage_dealt":2601,"minecraft:swim_one_cm":23104,"minecraft:fly_one_cm":1040945,"minecraft:player_kills":1,"minecraft:open_chest":35,"minecraft:crouch_one_cm":855,"tombstone:undead_killed":6,"minecraft:fall_one_cm":134217},"minecraft:crafted":{"minecraft:oak_planks":120,"quark:birch_chest":3,"minecraft:furnace":11,"iceandfire:armor_copper_metal_leggings":1,"minecraft:bone_meal":63,"mores:tin_shield":3,"iceandfire:armor_copper_metal_boots":1,"iceandfire:armor_copper_metal_helmet":1,"mores:cobalt_helmet":1,"minecraft:iron_axe":2,"mores:tin_ingot":45,"luminousworld:white_oak_plank":48,"iceandfire:armor_copper_metal_chestplate":1,"minecraft:golden_sword":1,"luminousworld:palmplank":32,"minecraft:wheat":378,"iceandfire:silver_ingot":2,"mores:tin_chestplate":1,"minecraft:crafting_table":8,"mores:cobalt_ingot":17,"luminousworld:palmstairs":20,"mores:cobalt_pickaxe":2,"minecraft:wooden_pickaxe":1,"mores:tin_helmet":2,"mores:cobalt_axe":1,"minecraft:iron_sword":1,"mores:tin_hoe":1,"minecraft:copper_ingot":43,"luminousworld:white_oak_stairs":24,"minecraft:bucket":1,"minecraft:birch_planks":40,"mores:tin_leggings":2,"minecraft:bread":125,"minecraft:oak_boat":1,"mores:tin_boots":1,"minecraft:stick":16,"quark:oak_chest":1,"minecraft:iron_ingot":2,"minecraft:iron_pickaxe":2,"minecraft:wooden_axe":3,"minecraft:gold_ingot":26,"minecraft:white_bed":1,"minecraft:torch":56,"mores:cobalt_shovel":3},"minecraft:mined":{"luminousworld:groundpebbles_1":1,"iceandfire:silver_ore":3,"minecraft:mossy_cobblestone":1,"luminousworld:grassvariant_4":4,"minecraft:granite":7,"minecraft:grass_block":226,"luminousworld:grassvariant_2":3,"luminousworld:whiteoakleaves":27,"luminousworld:clovers_2":1,"minecraft:birch_slab":1,"minecraft:sandstone":1,"minecraft:gilded_blackstone":6,"minecraft:sandstone_stairs":1,"iceandfire:crackled_cobblestone":1,"minecraft:hay_block":45,"dynamictrees:oak_leaves":3,"minecraft:iron_ore":2,"luminousworld:palmstairs":2,"minecraft:bell":2,"minecraft:dirt_path":4,"iceandfire:gold_pile":16,"minecraft:vine":1,"minecraft:stripped_oak_log":22,"luminousworld:clovers_3":1,"minecraft:stone":590,"luminousworld:soft_birch_log":15,"minecraft:sandstone_slab":2,"luminousworld:savannah_soil":2,"mores:cobalt_ore":17,"minecraft:blackstone":3,"luminousworld:palmplank":9,"minecraft:smooth_sandstone":2,"minecraft:crafting_table":6,"minecraft:torch":3,"minecraft:dead_bush":4,"minecraft:copper_ore":12,"minecraft:cobblestone":19,"minecraft:cyan_bed":15,"minecraft:sugar_cane":1,"minecraft:oak_planks":6,"minecraft:diorite":13,"mores:tin_ore":12,"minecraft:wall_torch":4,"luminousworld:whiteoaklog":24,"minecraft:lime_bed":2,"dynamictrees:birch_leaves":4,"minecraft:grass":20,"minecraft:coal_ore":47,"luminousworld:clovers_5":2,"minecraft:gravel":8,"minecraft:sand":6,"minecraft:dirt":168,"mores:silver_ore":3,"luminousworld:grassvariant_3":4,"dynamictrees:oak_sapling":1,"minecraft:terracotta":4,"luminousworld:palm_log":11,"minecraft:polished_blackstone":1,"minecraft:gold_ore":14,"minecraft:birch_fence":3},"minecraft:killed":{"born_in_chaos_v1:maggot":1,"undead_revamp2:sucker":1,"undead_revamp2:the_moonflower":1,"enemyexpansion:sprinter":1,"alexsmobs:emu":2,"minecraft:sheep":2,"born_in_chaos_v1:bloody_gadfly":1,"iceandfire:ghost":3},"minecraft:broken":{"minecraft:wooden_pickaxe":1,"mores:cobalt_pickaxe":1,"minecraft:iron_pickaxe":1,"minecraft:wooden_axe":3,"mores:cobalt_shovel":1},"minecraft:dropped":{"minecraft:bread":54,"minecraft:brown_mushroom":9,"minecraft:birch_planks":1,"minecraft:wheat_seeds":1,"dynamictrees:birch_seed":10,"luminousworld:white_oak_sapling":2,"minecraft:crossbow":1,"iceandfire:armor_copper_metal_chestplate":1,"minecraft:cobblestone":48,"minecraft:granite":3,"mores:cobalt_axe":1,"minecraft:dirt":257,"mores:cobalt_pickaxe":1,"minecraft:wooden_axe":1,"iceandfire:armor_copper_metal_boots":1,"tombstone:grave_dust":3,"minecraft:iron_axe":1,"luminousworld:palmstairs":2,"minecraft:iron_pickaxe":1,"minecraft:string":4,"minecraft:gravel":8,"minecraft:blackstone":3,"minecraft:sugar_cane":3,"dynamictrees:oak_seed":7,"luminousworld:white_oak_plank":6,"luminousworld:soft_birch_log":4,"alexsmobs:animal_dictionary":1,"iceandfire:armor_copper_metal_helmet":1,"luminousworld:palmplank":1,"minecraft:slime_ball":4,"mores:tin_leggings":1,"iceandfire:armor_copper_metal_leggings":1,"minecraft:cooked_rabbit":5,"mores:tin_shield":2,"minecraft:terracotta":2}},"DataVersion":3465}