{"stats":{"minecraft:killed_by":{"minecraft:player":1,"minecraft:zombie":1},"minecraft:picked_up":{"minecraft:wooden_axe":1,"minecraft:mud_brick_slab":2,"minecraft:waxed_oxidized_cut_copper":1,"luminousworld:groundpebbles_1":1,"minecraft:crafting_table":6,"minecraft:wheat":28,"minecraft:sandstone_slab":3,"illagerinvasion:platinum_chunk":1,"minecraft:ladder":3,"minecraft:brown_mushroom":9,"minecraft:gilded_blackstone":2,"minecraft:cooked_salmon":3,"minecraft:waxed_cut_copper_slab":1,"minecraft:dark_oak_trapdoor":1,"minecraft:string":4,"minecraft:raw_copper":43,"minecraft:birch_fence":3,"minecraft:blackstone":3,"luminousworld:palm_log":11,"dynamictrees:dark_oak_seed":5,"minecraft:gold_nugget":161,"mores:cobalt_pickaxe":1,"minecraft:waxed_exposed_cut_copper":1,"minecraft:oak_boat":3,"dynamictrees:oak_seed":20,"minecraft:sugar_cane":3,"luminousworld:white_oak_plank":1,"minecraft:raw_iron":2,"minecraft:stick":180,"minecraft:torch":27,"minecraft:spruce_stairs":1,"luminousworld:savannah_soil":2,"tombstone:grave_dust":3,"born_in_chaos_v1:pieceofdarkmetal":2,"minecraft:dark_oak_planks":14,"mores:raw_tin":45,"minecraft:arrow":1,"luminousworld:white_oak_sapling":3,"minecraft:rotten_flesh":18,"luminousworld:soft_birch_log":19,"minecraft:hay_block":42,"minecraft:sandstone_stairs":1,"supplementaries:ash":3,"minecraft:polished_blackstone":1,"minecraft:waxed_cut_copper":1,"minecraft:mutton":3,"minecraft:mud_bricks":12,"minecraft:cobblestone":641,"minecraft:white_wool":5,"minecraft:stripped_oak_log":19,"minecraft:birch_log":26,"born_in_chaos_v1:corpse_maggot":8,"minecraft:lime_bed":2,"luminousworld:palmplank":49,"minecraft:birch_slab":1,"minecraft:packed_mud":4,"minecraft:flint":2,"minecraft:oak_log":25,"minecraft:chainmail_chestplate":1,"minecraft:dirt":486,"minecraft:lantern":1,"minecraft:smooth_sandstone":2,"minecraft:bone":9,"minecraft:wheat_seeds":62,"minecraft:raw_gold":14,"minecraft:bell":2,"dynamictrees:birch_seed":12,"minecraft:oak_planks":10,"minecraft:book":21,"minecraft:black_terracotta":2,"minecraft:dark_oak_slab":1,"luminousworld:clovers_1":16,"minecraft:gravel":8,"minecraft:sand":1,"mores:raw_cobalt":17,"minecraft:cyan_bed":14,"minecraft:dark_oak_log":33,"minecraft:dark_prismarine":3,"luminousworld:whiteoaklog":24,"minecraft:dark_prismarine_slab":1,"luminousworld:palmstairs":2,"minecraft:crossbow":1,"minecraft:emerald":1,"minecraft:granite":7,"luminousworld:auburn_sapling":1,"minecraft:bread":30,"minecraft:terracotta":4,"alexsmobs:maggot":1,"born_in_chaos_v1:rotten_fish":1,"mores:raw_silver":3,"minecraft:coal":54,"iceandfire:raw_silver":2},"minecraft:used":{"mores:cobalt_axe":14,"iceandfire:silver_sword":6,"quark:birch_chest":3,"minecraft:polished_blackstone":1,"minecraft:iron_sword":182,"luminousworld:soft_birch_log":7,"minecraft:cooked_salmon":3,"dynamictrees:oak_seed":1,"minecraft:bell":2,"minecraft:rotten_flesh":2,"minecraft:torch":60,"mores:cobalt_shovel":595,"minecraft:dirt":193,"minecraft:granite":1,"born_in_chaos_v1:corpse_maggot":5,"minecraft:wooden_axe":124,"minecraft:iron_axe":137,"minecraft:smooth_sandstone":2,"minecraft:golden_sword":18,"luminousworld:savannah_soil":2,"minecraft:furnace":11,"mores:tin_shield":4,"tombstone:gift":4,"minecraft:cooked_mutton":3,"minecraft:wheat_seeds":31,"minecraft:water_bucket":17,"minecraft:oak_planks":64,"minecraft:wooden_pickaxe":44,"luminousworld:white_oak_plank":49,"luminousworld:white_oak_stairs":24,"mores:tin_hoe":48,"minecraft:sand":9,"minecraft:terracotta":2,"minecraft:lime_bed":2,"minecraft:crafting_table":14,"minecraft:white_bed":1,"luminousworld:palmstairs":20,"minecraft:birch_slab":1,"minecraft:bread":110,"minecraft:cyan_bed":14,"minecraft:iron_pickaxe":256,"mores:cobalt_pickaxe":626,"luminousworld:palmplank":10,"minecraft:cobblestone":161,"minecraft:birch_log":9,"minecraft:bucket":17,"quark:oak_chest":1,"minecraft:sandstone_slab":3,"minecraft:oak_boat":3,"minecraft:bone_meal":69},"minecraft:custom":{"minecraft:mob_kills":18,"minecraft:interact_with_crafting_table":46,"minecraft:open_barrel":3,"minecraft:bell_ring":14,"minecraft:damage_dealt_resisted":721,"minecraft:leave_game":10,"minecraft:time_since_death":2861,"minecraft:climb_one_cm":14841,"minecraft:sprint_one_cm":999781,"minecraft:walk_one_cm":563550,"minecraft:damage_blocked_by_shield":30,"minecraft:drop":68,"minecraft:play_time":254642,"minecraft:deaths":11,"minecraft:sneak_time":613,"minecraft:walk_under_water_one_cm":13832,"minecraft:boat_one_cm":277514,"minecraft:jump":5152,"minecraft:walk_on_water_one_cm":39251,"minecraft:total_world_time":254642,"minecraft:interact_with_furnace":25,"minecraft:sleep_in_bed":15,"minecraft:time_since_rest":2837,"minecraft:damage_taken":8461,"minecraft:trigger_trapped_chest":1,"minecraft:damage_dealt":3828,"minecraft:swim_one_cm":31173,"minecraft:fly_one_cm":1239245,"minecraft:player_kills":1,"minecraft:open_chest":58,"minecraft:crouch_one_cm":855,"tombstone:undead_killed":8,"minecraft:fall_one_cm":162813},"minecraft:crafted":{"minecraft:oak_planks":120,"quark:birch_chest":3,"minecraft:furnace":11,"iceandfire:armor_copper_metal_leggings":1,"minecraft:bone_meal":69,"mores:tin_shield":3,"iceandfire:armor_copper_metal_boots":1,"iceandfire:armor_copper_metal_helmet":1,"mores:cobalt_helmet":1,"minecraft:iron_axe":3,"mores:tin_ingot":45,"luminousworld:white_oak_plank":96,"iceandfire:armor_copper_metal_chestplate":1,"minecraft:golden_sword":1,"luminousworld:palmplank":32,"minecraft:wheat":378,"iceandfire:silver_ingot":2,"mores:tin_chestplate":1,"minecraft:crafting_table":8,"mores:cobalt_ingot":17,"luminousworld:palmstairs":20,"mores:cobalt_pickaxe":2,"minecraft:wooden_pickaxe":1,"mores:tin_helmet":2,"mores:cobalt_axe":1,"minecraft:iron_sword":1,"mores:tin_hoe":1,"minecraft:copper_ingot":43,"luminousworld:white_oak_stairs":24,"minecraft:bucket":1,"minecraft:birch_planks":40,"mores:tin_leggings":2,"minecraft:bread":133,"minecraft:oak_boat":1,"mores:tin_boots":1,"minecraft:stick":16,"quark:oak_chest":1,"minecraft:iron_ingot":2,"minecraft:iron_pickaxe":3,"minecraft:wooden_axe":3,"minecraft:gold_ingot":26,"minecraft:white_bed":1,"iceandfire:silver_sword":1,"minecraft:torch":56,"mores:cobalt_shovel":3},"minecraft:mined":{"minecraft:dark_oak_planks":14,"minecraft:dark_prismarine":3,"luminousworld:groundpebbles_1":1,"iceandfire:silver_ore":3,"minecraft:mossy_cobblestone":1,"luminousworld:grassvariant_4":5,"minecraft:black_terracotta":2,"minecraft:granite":7,"minecraft:grass_block":267,"luminousworld:grassvariant_2":3,"luminousworld:whiteoakleaves":27,"luminousworld:clovers_2":1,"minecraft:birch_slab":1,"luminousworld:white_oak_plank":1,"minecraft:mud_bricks":11,"minecraft:sandstone":1,"minecraft:gilded_blackstone":6,"minecraft:sandstone_stairs":1,"iceandfire:crackled_cobblestone":1,"minecraft:hay_block":45,"dynamictrees:oak_leaves":3,"minecraft:waxed_oxidized_cut_copper":2,"minecraft:packed_mud":4,"minecraft:dark_oak_trapdoor":1,"minecraft:iron_ore":2,"minecraft:fire":1,"luminousworld:palmstairs":2,"minecraft:bell":2,"minecraft:bookshelf":7,"minecraft:dirt_path":4,"iceandfire:gold_pile":16,"minecraft:vine":2,"minecraft:lantern":1,"minecraft:stripped_oak_log":22,"luminousworld:clovers_3":1,"minecraft:stone":670,"minecraft:mud_brick_slab":2,"minecraft:waxed_cut_copper":1,"luminousworld:soft_birch_log":15,"minecraft:sandstone_slab":2,"luminousworld:savannah_soil":2,"mores:cobalt_ore":17,"minecraft:blackstone":3,"luminousworld:palmplank":9,"minecraft:smooth_sandstone":2,"minecraft:crafting_table":6,"minecraft:torch":4,"minecraft:dead_bush":4,"minecraft:copper_ore":12,"minecraft:cobblestone":19,"minecraft:cyan_bed":15,"minecraft:sugar_cane":1,"minecraft:oak_planks":6,"minecraft:diorite":13,"mores:tin_ore":12,"minecraft:wall_torch":7,"luminousworld:whiteoaklog":24,"minecraft:lime_bed":2,"minecraft:dark_oak_slab":1,"dynamictrees:birch_leaves":4,"minecraft:dark_prismarine_slab":1,"minecraft:grass":20,"minecraft:coal_ore":47,"luminousworld:clovers_5":2,"minecraft:gravel":8,"minecraft:sand":6,"minecraft:dirt":192,"mores:silver_ore":3,"luminousworld:grassvariant_3":7,"dynamictrees:oak_sapling":1,"minecraft:terracotta":4,"luminousworld:palm_log":11,"minecraft:polished_blackstone":1,"minecraft:gold_ore":14,"minecraft:waxed_exposed_cut_copper":1,"minecraft:birch_fence":3},"minecraft:killed":{"enemyexpansion:direwolf":1,"born_in_chaos_v1:maggot":1,"minecraft:drowned":1,"undead_revamp2:sucker":1,"undead_revamp2:the_moonflower":1,"earthmobsmod:lobber_zombie":1,"enemyexpansion:sprinter":1,"alexsmobs:emu":2,"minecraft:sheep":2,"born_in_chaos_v1:bloody_gadfly":1,"iceandfire:ghost":3,"born_in_chaos_v1:corpse_fly":2},"minecraft:broken":{"mores:tin_helmet":1,"minecraft:wooden_pickaxe":1,"mores:cobalt_pickaxe":1,"minecraft:iron_sword":1,"minecraft:iron_pickaxe":1,"minecraft:wooden_axe":3,"mores:cobalt_shovel":1},"minecraft:dropped":{"minecraft:bread":54,"minecraft:brown_mushroom":9,"minecraft:birch_planks":1,"minecraft:wheat_seeds":1,"dynamictrees:birch_seed":12,"luminousworld:white_oak_sapling":3,"minecraft:crossbow":1,"iceandfire:armor_copper_metal_chestplate":1,"minecraft:cobblestone":48,"minecraft:granite":3,"mores:cobalt_axe":1,"minecraft:dirt":257,"mores:cobalt_pickaxe":1,"luminousworld:auburn_sapling":1,"minecraft:wooden_axe":1,"iceandfire:armor_copper_metal_boots":1,"tombstone:grave_dust":3,"minecraft:iron_axe":1,"luminousworld:palmstairs":2,"minecraft:iron_pickaxe":1,"minecraft:string":4,"luminousworld:clovers_1":7,"minecraft:gravel":8,"minecraft:blackstone":3,"minecraft:sugar_cane":3,"dynamictrees:oak_seed":7,"luminousworld:white_oak_plank":6,"luminousworld:soft_birch_log":4,"alexsmobs:animal_dictionary":1,"minecraft:wheat":1,"minecraft:rotten_flesh":9,"iceandfire:armor_copper_metal_helmet":1,"luminousworld:palmplank":1,"minecraft:slime_ball":4,"mores:tin_leggings":1,"iceandfire:armor_copper_metal_leggings":1,"minecraft:cooked_rabbit":5,"mores:tin_shield":2,"minecraft:terracotta":2}},"DataVersion":3465}