{"stats":{"minecraft:crafted":{"minecraft:crafting_table":2,"minecraft:stick":4,"minecraft:wooden_pickaxe":1,"luminousworld:palmplank":32,"minecraft:wooden_axe":1},"minecraft:dropped":{"minecraft:wooden_axe":1},"minecraft:killed_by":{"minecraft:zombie":1},"minecraft:used":{"minecraft:wooden_axe":7,"minecraft:sand":9,"minecraft:crafting_table":1},"minecraft:custom":{"minecraft:time_since_rest":5611,"minecraft:sprint_one_cm":79878,"minecraft:play_time":19318,"minecraft:walk_one_cm":20725,"minecraft:damage_taken":620,"minecraft:deaths":2,"minecraft:walk_under_water_one_cm":142,"minecraft:sneak_time":12,"minecraft:mob_kills":1,"minecraft:drop":1,"minecraft:jump":470,"minecraft:damage_dealt":225,"minecraft:leave_game":4,"minecraft:time_since_death":6920,"minecraft:walk_on_water_one_cm":4535,"minecraft:total_world_time":19318,"minecraft:swim_one_cm":3238,"minecraft:interact_with_crafting_table":2,"minecraft:fall_one_cm":14424,"minecraft:fly_one_cm":137030},"minecraft:picked_up":{"minecraft:wooden_axe":1,"minecraft:crafting_table":1,"luminousworld:palm_log":11,"minecraft:birch_slab":1},"minecraft:mined":{"minecraft:sand":3,"luminousworld:palm_log":11,"minecraft:birch_slab":1,"minecraft:crafting_table":1},"minecraft:killed":{"alexsmobs:emu":1}},"DataVersion":3465}