{"stats":{"minecraft:killed_by":{"minecraft:zombie":1,"minecraft:player":2},"minecraft:picked_up":{"minecraft:wooden_axe":1,"minecraft:wheat":31,"illagerinvasion:platinum_chunk":1,"minecraft:gilded_blackstone":2,"minecraft:amethyst_block":2,"minecraft:string":4,"minecraft:dark_oak_trapdoor":4,"minecraft:waxed_cut_copper_slab":3,"minecraft:raw_copper":43,"minecraft:cooked_salmon":3,"dynamictrees:dark_oak_seed":5,"minecraft:gold_nugget":161,"mores:cobalt_pickaxe":1,"minecraft:waxed_exposed_cut_copper":2,"dynamictrees:oak_seed":20,"minecraft:stick":192,"iceandfire:copper_pickaxe":1,"minecraft:torch":27,"minecraft:spruce_stairs":1,"luminousworld:savannah_soil":2,"tombstone:grave_dust":3,"mores:raw_tin":45,"minecraft:rotten_flesh":20,"luminousworld:soft_birch_log":19,"supplementaries:ash":14,"minecraft:waxed_cut_copper":1,"minecraft:cobblestone":644,"minecraft:birch_log":26,"minecraft:birch_slab":1,"minecraft:flint":2,"minecraft:dirt":486,"minecraft:lantern":3,"minecraft:purple_carpet":1,"minecraft:bone":16,"minecraft:wheat_seeds":62,"minecraft:raw_gold":14,"minecraft:bell":2,"minecraft:oak_planks":10,"minecraft:black_terracotta":10,"minecraft:sand":1,"mores:raw_cobalt":17,"minecraft:cyan_bed":14,"minecraft:dark_oak_log":33,"minecraft:dark_prismarine":5,"minecraft:dark_prismarine_slab":2,"luminousworld:palmstairs":2,"minecraft:soul_lantern":1,"minecraft:crossbow":1,"minecraft:granite":7,"luminousworld:auburn_sapling":1,"minecraft:bread":30,"minecraft:emerald":1,"alexsmobs:maggot":1,"born_in_chaos_v1:rotten_fish":2,"mores:raw_silver":3,"iceandfire:raw_silver":2,"minecraft:crafting_table":6,"luminousworld:groundpebbles_1":1,"minecraft:waxed_oxidized_cut_copper":5,"minecraft:mud_brick_slab":2,"minecraft:sandstone_slab":3,"minecraft:ladder":6,"minecraft:brown_mushroom":9,"minecraft:birch_fence":3,"minecraft:blackstone":3,"luminousworld:palm_log":11,"minecraft:oak_boat":3,"minecraft:sugar_cane":3,"luminousworld:white_oak_plank":1,"minecraft:raw_iron":2,"minecraft:note_block":1,"born_in_chaos_v1:pieceofdarkmetal":2,"minecraft:dark_oak_planks":16,"luminousworld:white_oak_sapling":3,"minecraft:arrow":2,"minecraft:hay_block":42,"minecraft:sandstone_stairs":1,"minecraft:gold_ingot":2,"minecraft:polished_blackstone":1,"minecraft:mutton":3,"minecraft:skeleton_skull":1,"minecraft:white_wool":5,"minecraft:stripped_oak_log":19,"minecraft:lime_bed":2,"born_in_chaos_v1:corpse_maggot":8,"luminousworld:palmplank":49,"minecraft:mud_bricks":19,"minecraft:packed_mud":4,"minecraft:oak_log":25,"minecraft:chainmail_chestplate":1,"iceandfire:ectoplasm":2,"minecraft:smooth_sandstone":2,"dynamictrees:birch_seed":12,"mores:cobalt_shovel":1,"minecraft:dark_oak_stairs":7,"minecraft:book":42,"minecraft:dark_oak_slab":2,"luminousworld:clovers_1":16,"iceandfire:ash":4,"minecraft:gravel":8,"luminousworld:whiteoaklog":24,"mores:tin_chestplate":1,"minecraft:terracotta":4,"minecraft:coal":54},"minecraft:used":{"mores:cobalt_axe":14,"minecraft:polished_blackstone":1,"minecraft:iron_sword":182,"luminousworld:soft_birch_log":7,"minecraft:bell":2,"minecraft:rotten_flesh":2,"mores:cobalt_shovel":595,"born_in_chaos_v1:corpse_maggot":8,"minecraft:lantern":2,"iceandfire:copper_pickaxe":7,"minecraft:golden_sword":18,"minecraft:furnace":11,"minecraft:skeleton_skull":1,"minecraft:oak_planks":64,"minecraft:wooden_pickaxe":44,"mores:tin_hoe":48,"minecraft:sand":9,"minecraft:note_block":1,"luminousworld:palmstairs":20,"minecraft:birch_slab":1,"minecraft:cyan_bed":14,"minecraft:bread":110,"luminousworld:palmplank":10,"minecraft:soul_lantern":1,"born_in_chaos_v1:rotten_fish":1,"minecraft:birch_log":9,"minecraft:oak_boat":3,"minecraft:bone_meal":69,"quark:birch_chest":3,"iceandfire:silver_sword":15,"dynamictrees:oak_seed":1,"minecraft:cooked_salmon":3,"minecraft:torch":60,"minecraft:dirt":193,"minecraft:granite":1,"minecraft:wooden_axe":124,"minecraft:iron_axe":148,"minecraft:smooth_sandstone":2,"iceandfire:copper_axe":2,"minecraft:mud_bricks":1,"luminousworld:savannah_soil":2,"mores:tin_shield":18,"tombstone:gift":4,"minecraft:wheat_seeds":31,"minecraft:cooked_mutton":3,"minecraft:water_bucket":19,"luminousworld:white_oak_plank":49,"luminousworld:white_oak_stairs":24,"minecraft:terracotta":2,"minecraft:crafting_table":14,"minecraft:lime_bed":2,"minecraft:white_bed":1,"minecraft:iron_pickaxe":258,"mores:cobalt_pickaxe":671,"minecraft:cobblestone":390,"minecraft:sandstone_slab":3,"minecraft:bucket":19,"quark:oak_chest":1},"minecraft:custom":{"minecraft:interact_with_crafting_table":47,"minecraft:open_barrel":3,"minecraft:bell_ring":14,"minecraft:leave_game":10,"minecraft:time_since_death":1675,"minecraft:sprint_one_cm":1087844,"minecraft:damage_blocked_by_shield":30,"minecraft:drop":88,"minecraft:play_noteblock":2,"minecraft:play_time":272642,"minecraft:deaths":16,"minecraft:jump":6012,"minecraft:walk_on_water_one_cm":60229,"minecraft:interact_with_furnace":27,"minecraft:sleep_in_bed":15,"minecraft:damage_dealt":4084,"minecraft:player_kills":2,"minecraft:crouch_one_cm":855,"tombstone:undead_killed":8,"minecraft:mob_kills":19,"minecraft:damage_dealt_resisted":721,"minecraft:climb_one_cm":15367,"minecraft:walk_one_cm":626706,"minecraft:sneak_time":613,"minecraft:walk_under_water_one_cm":22798,"minecraft:boat_one_cm":306376,"minecraft:total_world_time":272642,"minecraft:tune_noteblock":13,"minecraft:time_since_rest":1602,"minecraft:damage_taken":11234,"minecraft:trigger_trapped_chest":1,"minecraft:swim_one_cm":57026,"minecraft:fly_one_cm":1448865,"minecraft:open_chest":73,"minecraft:fall_one_cm":194854},"minecraft:crafted":{"minecraft:oak_planks":120,"quark:birch_chest":3,"iceandfire:armor_copper_metal_boots":1,"iceandfire:copper_axe":1,"mores:tin_ingot":45,"iceandfire:armor_copper_metal_chestplate":1,"iceandfire:copper_pickaxe":1,"minecraft:golden_sword":1,"luminousworld:palmplank":32,"mores:tin_chestplate":1,"minecraft:crafting_table":8,"luminousworld:palmstairs":20,"mores:cobalt_pickaxe":2,"minecraft:wooden_pickaxe":1,"mores:tin_helmet":2,"mores:tin_hoe":1,"minecraft:copper_ingot":43,"minecraft:birch_planks":40,"iceandfire:copper_sword":1,"minecraft:stick":16,"quark:oak_chest":1,"minecraft:iron_ingot":2,"minecraft:iron_pickaxe":3,"minecraft:gold_ingot":26,"iceandfire:silver_sword":1,"minecraft:furnace":11,"iceandfire:armor_copper_metal_leggings":1,"minecraft:bone_meal":69,"mores:tin_shield":3,"iceandfire:armor_copper_metal_helmet":1,"mores:cobalt_helmet":1,"minecraft:iron_axe":3,"luminousworld:white_oak_plank":96,"minecraft:wheat":378,"iceandfire:silver_ingot":2,"mores:cobalt_ingot":17,"minecraft:iron_sword":1,"mores:cobalt_axe":1,"luminousworld:white_oak_stairs":24,"minecraft:bucket":1,"mores:tin_leggings":2,"minecraft:bread":133,"minecraft:oak_boat":1,"mores:tin_boots":1,"minecraft:wooden_axe":3,"minecraft:white_bed":1,"minecraft:torch":56,"mores:cobalt_shovel":3},"minecraft:mined":{"minecraft:dark_oak_planks":16,"minecraft:waxed_cut_copper_slab":2,"minecraft:black_terracotta":7,"minecraft:granite":7,"minecraft:grass_block":267,"minecraft:mud_bricks":20,"minecraft:gilded_blackstone":6,"minecraft:sandstone_stairs":1,"minecraft:spawner":2,"iceandfire:crackled_cobblestone":1,"minecraft:dark_oak_trapdoor":2,"minecraft:iron_ore":2,"minecraft:fire":13,"minecraft:dark_oak_stairs":9,"iceandfire:gold_pile":16,"minecraft:dirt_path":4,"minecraft:purple_carpet":4,"minecraft:waxed_cut_copper":2,"minecraft:sandstone_slab":2,"minecraft:blackstone":3,"minecraft:soul_lantern":4,"minecraft:note_block":1,"minecraft:torch":4,"minecraft:dead_bush":4,"minecraft:cobblestone":21,"minecraft:cyan_bed":15,"minecraft:oak_planks":6,"minecraft:sugar_cane":1,"minecraft:wall_torch":7,"minecraft:amethyst_block":2,"minecraft:skeleton_skull":1,"minecraft:chain":1,"minecraft:dark_oak_slab":1,"minecraft:tnt":1,"dynamictrees:birch_leaves":4,"minecraft:grass":20,"minecraft:sand":6,"minecraft:dirt":192,"mores:silver_ore":3,"luminousworld:grassvariant_3":7,"luminousworld:palm_log":11,"iceandfire:chared_stone":1,"minecraft:dark_prismarine":3,"luminousworld:groundpebbles_1":1,"iceandfire:silver_ore":3,"minecraft:mossy_cobblestone":1,"luminousworld:grassvariant_4":5,"luminousworld:grassvariant_2":3,"luminousworld:whiteoakleaves":27,"luminousworld:clovers_2":1,"minecraft:birch_slab":1,"luminousworld:white_oak_plank":1,"minecraft:sandstone":1,"minecraft:hay_block":45,"dynamictrees:oak_leaves":3,"minecraft:waxed_oxidized_cut_copper":7,"minecraft:packed_mud":8,"luminousworld:palmstairs":2,"minecraft:bell":2,"minecraft:bookshelf":7,"minecraft:vine":2,"minecraft:lantern":4,"minecraft:stripped_oak_log":22,"luminousworld:clovers_3":1,"minecraft:stone":673,"luminousworld:soft_birch_log":15,"minecraft:mud_brick_slab":2,"luminousworld:savannah_soil":2,"mores:cobalt_ore":17,"luminousworld:palmplank":9,"minecraft:smooth_sandstone":2,"minecraft:crafting_table":6,"minecraft:copper_ore":12,"minecraft:diorite":13,"mores:tin_ore":12,"luminousworld:whiteoaklog":24,"minecraft:lime_bed":2,"iceandfire:ash":1,"minecraft:dark_prismarine_slab":2,"minecraft:coal_ore":47,"luminousworld:clovers_5":2,"minecraft:gravel":8,"dynamictrees:oak_sapling":1,"minecraft:terracotta":4,"minecraft:polished_blackstone":1,"minecraft:gold_ore":14,"minecraft:waxed_exposed_cut_copper":2,"minecraft:birch_fence":3},"minecraft:killed":{"earthmobsmod:lobber_zombie":1,"minecraft:sheep":2,"born_in_chaos_v1:corpse_fly":2,"enemyexpansion:direwolf":1,"born_in_chaos_v1:maggot":1,"minecraft:drowned":1,"undead_revamp2:sucker":1,"undead_revamp2:the_moonflower":1,"enemyexpansion:sprinter":1,"alexsmobs:emu":2,"born_in_chaos_v1:bloody_gadfly":1,"iceandfire:ghost":3},"minecraft:broken":{"mores:tin_leggings":1,"mores:tin_helmet":1,"minecraft:iron_sword":1,"mores:tin_boots":1,"minecraft:wooden_axe":3,"mores:cobalt_shovel":1,"minecraft:wooden_pickaxe":1,"mores:cobalt_pickaxe":1,"minecraft:iron_pickaxe":1,"mores:tin_shield":1},"minecraft:dropped":{"minecraft:birch_planks":1,"minecraft:brown_mushroom":9,"minecraft:dark_oak_stairs":2,"minecraft:mud_brick_slab":2,"minecraft:dark_oak_slab":1,"minecraft:crossbow":1,"mores:cobalt_axe":1,"minecraft:packed_mud":4,"minecraft:dirt":258,"minecraft:dark_oak_trapdoor":2,"iceandfire:armor_copper_metal_boots":1,"iceandfire:copper_pickaxe":1,"luminousworld:palmstairs":2,"minecraft:iron_pickaxe":1,"luminousworld:clovers_1":7,"minecraft:waxed_cut_copper_slab":3,"minecraft:gravel":8,"minecraft:blackstone":3,"minecraft:sugar_cane":3,"dynamictrees:oak_seed":7,"luminousworld:white_oak_plank":6,"alexsmobs:animal_dictionary":1,"minecraft:wheat":1,"minecraft:rotten_flesh":10,"iceandfire:armor_copper_metal_leggings":1,"minecraft:purple_carpet":1,"minecraft:bread":54,"minecraft:wheat_seeds":1,"dynamictrees:birch_seed":12,"luminousworld:white_oak_sapling":3,"iceandfire:armor_copper_metal_chestplate":1,"minecraft:cobblestone":69,"minecraft:dark_prismarine_slab":1,"minecraft:granite":3,"minecraft:stick":76,"mores:cobalt_pickaxe":1,"luminousworld:auburn_sapling":1,"minecraft:wooden_axe":1,"tombstone:grave_dust":3,"minecraft:iron_axe":1,"minecraft:string":4,"luminousworld:soft_birch_log":4,"iceandfire:armor_copper_metal_helmet":1,"minecraft:waxed_exposed_cut_copper":1,"iceandfire:copper_axe":1,"luminousworld:palmplank":1,"iceandfire:copper_sword":1,"minecraft:waxed_cut_copper":1,"mores:tin_chestplate":1,"minecraft:waxed_oxidized_cut_copper":1,"minecraft:slime_ball":4,"mores:tin_leggings":1,"minecraft:cooked_rabbit":5,"mores:tin_shield":2,"minecraft:terracotta":2}},"DataVersion":3465}