{"stats":{"minecraft:killed_by":{"minecraft:player":1,"minecraft:zombie":1},"minecraft:picked_up":{"minecraft:wooden_axe":1,"minecraft:crafting_table":4,"minecraft:sandstone_slab":3,"minecraft:brown_mushroom":9,"minecraft:gilded_blackstone":2,"minecraft:string":4,"minecraft:birch_fence":3,"minecraft:blackstone":3,"luminousworld:palm_log":11,"minecraft:gold_nugget":161,"minecraft:oak_boat":3,"dynamictrees:oak_seed":13,"minecraft:sugar_cane":3,"minecraft:raw_iron":2,"minecraft:stick":67,"minecraft:torch":13,"minecraft:spruce_stairs":1,"luminousworld:savannah_soil":2,"tombstone:grave_dust":1,"minecraft:rotten_flesh":8,"luminousworld:soft_birch_log":19,"minecraft:hay_block":42,"minecraft:sandstone_stairs":1,"minecraft:polished_blackstone":1,"minecraft:mutton":3,"minecraft:cobblestone":191,"minecraft:white_wool":5,"minecraft:stripped_oak_log":19,"minecraft:birch_log":12,"minecraft:lime_bed":2,"luminousworld:palmplank":48,"minecraft:birch_slab":1,"minecraft:flint":2,"minecraft:oak_log":11,"minecraft:dirt":141,"minecraft:smooth_sandstone":2,"minecraft:bone":2,"minecraft:wheat_seeds":2,"minecraft:raw_gold":14,"minecraft:bell":2,"dynamictrees:birch_seed":7,"minecraft:oak_planks":10,"luminousworld:clovers_1":3,"minecraft:gravel":8,"minecraft:sand":1,"mores:raw_cobalt":17,"minecraft:cyan_bed":14,"luminousworld:whiteoaklog":10,"minecraft:granite":7,"luminousworld:auburn_sapling":1,"minecraft:bread":21,"alexsmobs:maggot":1,"minecraft:terracotta":4,"minecraft:coal":9,"iceandfire:raw_silver":2},"minecraft:used":{"mores:cobalt_axe":14,"quark:birch_chest":3,"minecraft:polished_blackstone":1,"minecraft:iron_sword":13,"luminousworld:soft_birch_log":7,"dynamictrees:oak_seed":1,"minecraft:bell":2,"minecraft:rotten_flesh":2,"minecraft:torch":3,"mores:cobalt_shovel":257,"minecraft:dirt":9,"minecraft:granite":1,"minecraft:wooden_axe":124,"minecraft:iron_axe":42,"minecraft:smooth_sandstone":2,"minecraft:golden_sword":18,"luminousworld:savannah_soil":2,"minecraft:furnace":11,"tombstone:gift":4,"minecraft:oak_planks":64,"minecraft:wooden_pickaxe":44,"minecraft:sand":9,"minecraft:terracotta":2,"minecraft:crafting_table":12,"minecraft:lime_bed":2,"minecraft:white_bed":1,"minecraft:birch_slab":1,"minecraft:bread":79,"minecraft:cyan_bed":14,"minecraft:iron_pickaxe":250,"mores:cobalt_pickaxe":34,"luminousworld:palmplank":9,"minecraft:cobblestone":22,"minecraft:sandstone_slab":3,"minecraft:oak_boat":3},"minecraft:custom":{"minecraft:mob_kills":7,"minecraft:interact_with_crafting_table":26,"minecraft:open_barrel":3,"minecraft:bell_ring":14,"minecraft:leave_game":9,"minecraft:time_since_death":43694,"minecraft:climb_one_cm":11689,"minecraft:sprint_one_cm":682985,"minecraft:walk_one_cm":262495,"minecraft:drop":40,"minecraft:play_time":136877,"minecraft:deaths":10,"minecraft:sneak_time":325,"minecraft:walk_under_water_one_cm":5274,"minecraft:boat_one_cm":277514,"minecraft:jump":3566,"minecraft:walk_on_water_one_cm":19607,"minecraft:total_world_time":136877,"minecraft:interact_with_furnace":13,"minecraft:sleep_in_bed":7,"minecraft:time_since_rest":43476,"minecraft:damage_taken":6529,"minecraft:damage_dealt":1524,"minecraft:swim_one_cm":13816,"minecraft:fly_one_cm":851379,"minecraft:player_kills":1,"minecraft:open_chest":18,"minecraft:crouch_one_cm":369,"tombstone:undead_killed":3,"minecraft:fall_one_cm":104828},"minecraft:crafted":{"minecraft:oak_planks":112,"quark:birch_chest":3,"minecraft:furnace":11,"mores:cobalt_helmet":1,"minecraft:iron_axe":2,"minecraft:golden_sword":1,"luminousworld:palmplank":32,"minecraft:wheat":378,"iceandfire:silver_ingot":2,"minecraft:crafting_table":8,"mores:cobalt_ingot":17,"mores:cobalt_pickaxe":1,"minecraft:wooden_pickaxe":1,"mores:cobalt_axe":1,"minecraft:iron_sword":1,"minecraft:birch_planks":28,"minecraft:bread":125,"minecraft:oak_boat":1,"minecraft:stick":16,"minecraft:iron_pickaxe":2,"minecraft:wooden_axe":3,"minecraft:gold_ingot":26,"minecraft:white_bed":1,"mores:cobalt_shovel":1},"minecraft:mined":{"iceandfire:silver_ore":3,"minecraft:mossy_cobblestone":1,"luminousworld:grassvariant_4":1,"minecraft:granite":7,"minecraft:grass_block":91,"luminousworld:grassvariant_2":3,"luminousworld:whiteoakleaves":4,"luminousworld:clovers_2":1,"minecraft:birch_slab":1,"minecraft:sandstone":1,"minecraft:gilded_blackstone":6,"minecraft:sandstone_stairs":1,"iceandfire:crackled_cobblestone":1,"minecraft:hay_block":45,"dynamictrees:oak_leaves":3,"minecraft:iron_ore":2,"minecraft:bell":2,"iceandfire:gold_pile":16,"minecraft:vine":1,"minecraft:stripped_oak_log":22,"luminousworld:clovers_3":1,"minecraft:stone":200,"luminousworld:soft_birch_log":15,"minecraft:sandstone_slab":2,"luminousworld:savannah_soil":2,"mores:cobalt_ore":17,"minecraft:blackstone":3,"luminousworld:palmplank":8,"minecraft:smooth_sandstone":2,"minecraft:crafting_table":4,"minecraft:dead_bush":4,"minecraft:cobblestone":2,"minecraft:cyan_bed":15,"minecraft:sugar_cane":1,"minecraft:oak_planks":6,"minecraft:diorite":13,"luminousworld:whiteoaklog":10,"minecraft:lime_bed":2,"minecraft:grass":16,"luminousworld:clovers_5":2,"minecraft:coal_ore":2,"minecraft:gravel":8,"minecraft:sand":6,"minecraft:dirt":45,"luminousworld:grassvariant_3":4,"dynamictrees:oak_sapling":1,"minecraft:terracotta":4,"luminousworld:palm_log":11,"minecraft:polished_blackstone":1,"minecraft:gold_ore":14,"minecraft:birch_fence":3},"minecraft:killed":{"alexsmobs:emu":2,"minecraft:sheep":2,"iceandfire:ghost":3},"minecraft:broken":{"minecraft:wooden_pickaxe":1,"minecraft:iron_pickaxe":1,"minecraft:wooden_axe":3},"minecraft:dropped":{"minecraft:bread":54,"minecraft:wheat_seeds":1,"minecraft:cobblestone":48,"minecraft:granite":3,"mores:cobalt_axe":1,"minecraft:dirt":128,"minecraft:wooden_axe":1,"tombstone:grave_dust":3,"minecraft:iron_axe":1,"minecraft:iron_pickaxe":1,"minecraft:string":4,"minecraft:gravel":8,"minecraft:blackstone":3,"minecraft:sugar_cane":3,"luminousworld:soft_birch_log":4,"alexsmobs:animal_dictionary":1,"minecraft:slime_ball":4,"minecraft:cooked_rabbit":5,"minecraft:terracotta":2}},"DataVersion":3465}