{"stats":{"minecraft:used":{"minecraft:wooden_axe":45,"minecraft:bread":8,"minecraft:cyan_bed":4,"minecraft:wooden_pickaxe":18,"minecraft:rotten_flesh":2,"minecraft:sand":9,"minecraft:terracotta":2,"minecraft:crafting_table":2},"minecraft:killed":{"minecraft:sheep":2,"alexsmobs:emu":1},"minecraft:picked_up":{"minecraft:wooden_axe":1,"minecraft:crafting_table":2,"minecraft:sandstone_slab":3,"minecraft:birch_slab":1,"minecraft:cyan_bed":5,"minecraft:smooth_sandstone":2,"minecraft:birch_fence":1,"luminousworld:palm_log":11,"minecraft:hay_block":33,"minecraft:sandstone_stairs":1,"minecraft:terracotta":2,"minecraft:mutton":3,"minecraft:white_wool":2},"minecraft:custom":{"minecraft:time_since_rest":54,"minecraft:sprint_one_cm":171187,"minecraft:damage_taken":1771,"minecraft:walk_one_cm":63220,"minecraft:mob_kills":3,"minecraft:drop":1,"minecraft:damage_dealt":468,"minecraft:interact_with_crafting_table":5,"minecraft:swim_one_cm":5486,"minecraft:fly_one_cm":276755,"minecraft:player_kills":1,"minecraft:open_chest":3,"minecraft:crouch_one_cm":94,"minecraft:play_time":38725,"minecraft:deaths":5,"minecraft:sneak_time":52,"minecraft:walk_under_water_one_cm":371,"minecraft:jump":945,"minecraft:leave_game":6,"minecraft:time_since_death":2453,"minecraft:walk_on_water_one_cm":7441,"minecraft:sleep_in_bed":2,"minecraft:climb_one_cm":3399,"minecraft:total_world_time":38725,"minecraft:fall_one_cm":21284},"minecraft:crafted":{"minecraft:crafting_table":2,"minecraft:stick":4,"minecraft:wooden_pickaxe":1,"minecraft:wooden_axe":1,"minecraft:bread":21,"minecraft:wheat":63,"luminousworld:palmplank":32},"minecraft:dropped":{"minecraft:wooden_axe":1},"minecraft:mined":{"minecraft:hay_block":34,"minecraft:sandstone_slab":2,"minecraft:lime_bed":1,"minecraft:mossy_cobblestone":1,"minecraft:smooth_sandstone":2,"minecraft:crafting_table":2,"minecraft:sand":5,"minecraft:birch_slab":1,"minecraft:terracotta":2,"luminousworld:palm_log":11,"minecraft:cyan_bed":5,"minecraft:sandstone":1,"minecraft:birch_fence":1,"minecraft:sandstone_stairs":1},"minecraft:broken":{"minecraft:wooden_axe":1},"minecraft:killed_by":{"minecraft:zombie":1}},"DataVersion":3465}