{"stats":{"minecraft:crafted":{"minecraft:oak_planks":4,"quark:birch_chest":8,"minecraft:lever":1,"minecraft:bone_meal":63,"minecraft:heavy_weighted_pressure_plate":1,"minecraft:bookshelf":1,"mores:onyx_shield":1,"minecraft:quartz_block":19,"minecraft:bow":1,"minecraft:cobbled_deepslate_stairs":16,"minecraft:oak_button":1,"minecraft:iron_door":3,"minecraft:birch_button":1,"minecraft:dark_oak_planks":4,"minecraft:birch_sign":12,"minecraft:oak_slab":6,"mores:tourmaline_shield":1,"mores:tanzanite_helmet":1,"minecraft:crafting_table":1,"mores:tanzanite_boots":1,"minecraft:spruce_planks":4,"mores:cobalt_ingot":64,"minecraft:cobbled_deepslate_wall":6,"minecraft:bucket":4,"minecraft:birch_planks":164,"mores:tanzanite_leggings":1,"minecraft:lectern":1,"minecraft:stick":8,"mores:tanzanite_chestplate":1,"minecraft:iron_ingot":10,"minecraft:gold_ingot":6,"minecraft:torch":16},"minecraft:used":{"minecraft:oak_fence":1,"minecraft:moss_block":119,"quark:birch_chest":7,"minecraft:iron_shovel":33,"mores:tourmaline_pickaxe":831,"minecraft:netherrack":428,"minecraft:torch":11,"minecraft:dirt":4,"minecraft:hopper":12,"minecraft:carrot":288,"minecraft:dark_oak_planks":1,"minecraft:lava_bucket":2,"mores:onyx_shield":1,"minecraft:iron_axe":19,"minecraft:birch_button":1,"minecraft:bow":57,"tombstone:gift":6,"mores:tourmaline_shield":3,"minecraft:cobbled_deepslate":310,"minecraft:pointed_dripstone":4,"minecraft:cobbled_deepslate_wall":1,"minecraft:water_bucket":2,"minecraft:torchflower":1,"minecraft:birch_planks":45,"minecraft:dark_oak_sign":3,"minecraft:birch_boat":2,"minecraft:glow_berries":88,"minecraft:birch_sign":9,"minecraft:crafting_table":1,"minecraft:cobbled_deepslate_stairs":16,"minecraft:lever":4,"luminousworld:decorative_red_2":1,"minecraft:heavy_weighted_pressure_plate":1,"minecraft:zombie_head":1,"minecraft:melon_slice":18,"minecraft:oak_button":1,"minecraft:iron_door":3,"minecraft:diamond_sword":377,"minecraft:cobblestone":96,"vanillaplustools:iron_hammer":726,"minecraft:bucket":7,"alexsmobs:animal_dictionary":1,"minecraft:bone_meal":311},"minecraft:mined":{"minecraft:nether_gold_ore":21,"minecraft:tuff":24,"luminousworld:grassvariant_4":1,"minecraft:oak_door":1,"mores:nether_moissanite_ore":10,"mores:nether_anthracite_ore":16,"born_in_chaos_v1:infected_diamond_ore":2,"minecraft:cave_vines_plant":2,"minecraft:lever":4,"minecraft:granite":12,"minecraft:budding_amethyst":1,"epicsamurai:deepslate_ruby_ore":2,"minecraft:grass_block":7,"luminousworld:decorative_red_2":1,"minecraft:moss_block":19,"minecraft:hopper":3,"dynamictrees:oak_leaves":2,"minecraft:tall_seagrass":1,"minecraft:magma_block":1,"mores:deepslate_tourmaline_ore":8,"minecraft:glowstone":26,"minecraft:carrots":3,"mores:nether_tanzanite_ore":43,"minecraft:nether_sprouts":1,"minecraft:iron_ore":1,"minecraft:fire":8,"minecraft:cobbled_deepslate":83,"minecraft:andesite":155,"minecraft:moss_carpet":1,"minecraft:deepslate_lapis_ore":2,"mores:deepslate_cobalt_ore":8,"supplementaries:stick":2,"minecraft:pointed_dripstone":20,"minecraft:cave_vines":8,"minecraft:deepslate_iron_ore":26,"minecraft:birch_wall_sign":1,"minecraft:azalea":1,"minecraft:stone":953,"epicsamurai:spirit_stone_base":5,"minecraft:oak_slab":1,"mores:nether_ruby_ore":2,"mores:cobalt_ore":15,"minecraft:crimson_nylium":2,"mores:deepslate_anthracite_ore":4,"minecraft:clay":3,"minecraft:oak_fence":1,"minecraft:torch":2,"minecraft:calcite":17,"minecraft:melon":8,"minecraft:warped_roots":1,"quark:jungle_bookshelf":1,"mores:tourmaline_ore":2,"minecraft:dead_bush":2,"minecraft:nether_quartz_ore":79,"minecraft:copper_ore":12,"minecraft:tall_grass":2,"mores:nether_silver_ore":10,"minecraft:cobblestone":8,"mores:anthracite_ore":2,"minecraft:deepslate_gold_ore":2,"mores:nether_sapphire_ore":8,"minecraft:oak_planks":2,"minecraft:iron_door":2,"minecraft:diorite":95,"mores:tin_ore":12,"minecraft:wall_torch":3,"minecraft:amethyst_block":15,"minecraft:deepslate_copper_ore":14,"minecraft:seagrass":1,"minecraft:warped_nylium":37,"mores:deepslate_tin_ore":13,"minecraft:torchflower":1,"minecraft:grass":3,"luminousworld:ishstone":71,"minecraft:gravel":35,"minecraft:dirt":36,"mores:silver_ore":2,"minecraft:cobweb":4,"minecraft:smooth_basalt":16,"minecraft:netherrack":2651,"mores:deepslate_silver_ore":12,"mores:deepslate_topaz_ore":1,"minecraft:deepslate":1958,"epicsamurai:ruby_ore":3},"minecraft:dropped":{"minecraft:iron_ingot":1,"minecraft:iron_sword":1,"minecraft:oak_slab":1,"minecraft:birch_planks":9,"minecraft:wheat_seeds":43,"minecraft:lapis_lazuli":4,"mores:tanzanite_boots":1,"minecraft:glow_ink_sac":3,"dynamictrees:birch_seed":13,"luminousworld:ishstone":35,"minecraft:cobbled_deepslate_wall":5,"minecraft:cobblestone":403,"minecraft:glow_berries":13,"mores:tanzanite_chestplate":1,"minecraft:warped_roots":12,"minecraft:leather":2,"minecraft:granite":12,"mores:tanzanite_helmet":1,"minecraft:coal":1,"minecraft:stick":18,"minecraft:flint":2,"minecraft:dirt":30,"minecraft:diorite":76,"epicsamurai:spirit_stone_base":2,"minecraft:iron_door":2,"enemyexpansion:wasp_thorax":1,"minecraft:gold_nugget":6,"minecraft:bone_meal":64,"minecraft:iron_shovel":1,"mores:tourmaline_shield":1,"minecraft:oak_door":1,"minecraft:gravel":29,"mores:silver_nugget":10,"minecraft:moss_carpet":43,"mores:anthracite":6,"minecraft:cobbled_deepslate":677,"minecraft:tuff":4,"minecraft:wheat":14,"born_in_chaos_v1:ethereal_spirit":1,"undead_revamp2:arapholia":2,"minecraft:rotten_flesh":15,"minecraft:clay_ball":8,"minecraft:oak_planks":5,"sophisticatedbackpacks:backpack":1,"mores:raw_cobalt":2,"mores:tanzanite_leggings":1,"minecraft:andesite":4,"quark:birch_chest":1,"minecraft:birch_sign":5,"minecraft:magma_block":1,"minecraft:netherrack":223,"minecraft:lectern":2},"minecraft:killed":{"born_in_chaos_v1:zombie_lumberjack":1,"born_in_chaos_v1:firelight":1,"born_in_chaos_v1:maggot":6,"minecraft:skeleton":15,"undead_revamp2:sucker":1,"undead_revamp2:thespitter":1,"born_in_chaos_v1:diamond_termite":2,"born_in_chaos_v1:swarmer":1,"born_in_chaos_v1:bone_imp":1,"quark:foxhound":1,"undead_revamp2:the_moonflower":3,"born_in_chaos_v1:bloody_gadfly":1,"born_in_chaos_v1:corpse_fly":6,"born_in_chaos_v1:door_knight":1,"enemyexpansion:wasp":1},"minecraft:custom":{"minecraft:interact_with_anvil":9,"minecraft:mob_kills":53,"minecraft:animals_bred":1,"minecraft:inspect_hopper":4,"minecraft:interact_with_crafting_table":26,"minecraft:open_barrel":3,"minecraft:damage_dealt_resisted":984,"minecraft:leave_game":12,"minecraft:time_since_death":83712,"minecraft:climb_one_cm":89659,"minecraft:sprint_one_cm":1050777,"minecraft:damage_blocked_by_shield":240,"minecraft:walk_one_cm":600301,"minecraft:drop":103,"minecraft:play_time":304375,"minecraft:sneak_time":648,"minecraft:deaths":4,"minecraft:walk_under_water_one_cm":34967,"minecraft:boat_one_cm":131981,"minecraft:jump":3706,"minecraft:interact_with_blast_furnace":17,"minecraft:walk_on_water_one_cm":52744,"minecraft:total_world_time":304375,"minecraft:interact_with_loom":2,"minecraft:sleep_in_bed":3,"minecraft:time_since_rest":83646,"minecraft:damage_taken":6747,"minecraft:damage_dealt":6537,"minecraft:swim_one_cm":104271,"minecraft:fly_one_cm":850745,"minecraft:open_chest":133,"minecraft:crouch_one_cm":525,"tombstone:undead_killed":24,"minecraft:fall_one_cm":85733},"minecraft:picked_up":{"minecraft:wheat":19,"minecraft:clay_ball":8,"minecraft:diamond_sword":1,"enemyexpansion:wasp_thorax":1,"minecraft:amethyst_block":11,"minecraft:string":10,"minecraft:raw_copper":64,"mores:tourmaline_gem":10,"minecraft:iron_shovel":1,"mores:tanzanite_leggings":1,"minecraft:gold_nugget":60,"minecraft:cobbled_deepslate":1068,"minecraft:bucket":1,"minecraft:lectern":1,"minecraft:melon_slice":37,"minecraft:stick":52,"minecraft:raw_iron":26,"mores:tanzanite_chestplate":1,"minecraft:oak_door":1,"minecraft:oak_fence":1,"minecraft:torch":11,"sophisticatedbackpacks:backpack":1,"minecraft:pointed_dripstone":51,"tombstone:grave_dust":2,"minecraft:diorite":65,"minecraft:carrot":203,"minecraft:dark_oak_planks":1,"mores:raw_tin":64,"minecraft:arrow":39,"minecraft:rotten_flesh":16,"mores:tanzanite_boots":1,"mores:silver_nugget":10,"tombstone:essence_of_undeath":1,"epicsamurai:spirit_stone_base":2,"minecraft:glow_berries":89,"undead_revamp2:arapholia":2,"minecraft:cobblestone":515,"minecraft:birch_log":23,"born_in_chaos_v1:corpse_maggot":8,"minecraft:magma_block":1,"minecraft:iron_door":2,"minecraft:glow_ink_sac":3,"minecraft:andesite":4,"luminousworld:ishstone":32,"minecraft:leather":3,"minecraft:torchflower":1,"minecraft:flint":2,"minecraft:tuff":4,"minecraft:oak_log":1,"minecraft:lapis_lazuli":4,"minecraft:dirt":36,"minecraft:bone":23,"minecraft:wheat_seeds":34,"minecraft:iron_ingot":1,"dynamictrees:birch_seed":13,"minecraft:dark_oak_sign":3,"minecraft:glowstone_dust":74,"minecraft:moss_block":14,"minecraft:iron_sword":1,"minecraft:oak_planks":5,"minecraft:book":3,"minecraft:oak_slab":1,"minecraft:birch_boat":2,"minecraft:quartz":77,"mores:tanzanite_gem":41,"minecraft:gravel":28,"mores:ruby_gem":2,"mores:raw_cobalt":16,"mores:moissanite_gem":10,"minecraft:spruce_log":1,"minecraft:dark_oak_log":1,"minecraft:bundle":1,"mores:tanzanite_helmet":1,"minecraft:slime_ball":2,"mores:sapphire_gem":8,"minecraft:lever":4,"mores:anthracite":22,"luminousworld:decorative_red_2":1,"minecraft:granite":12,"minecraft:birch_sign":2,"minecraft:warped_roots":12,"minecraft:oak_button":1,"epicsamurai:ruby":5,"mores:raw_silver":14,"minecraft:netherrack":1039,"minecraft:coal":1,"minecraft:hopper":12}},"DataVersion":3465}