{
  "iceandfire:iceandfire/root": {
    "criteria": {
      "tick": "2024-07-25 17:24:39 +0000"
    },
    "done": true
  },
  "takesapillage:root": {
    "criteria": {
      "always": "2024-07-25 17:24:39 +0000"
    },
    "done": true
  },
  "explorerscompass:explorers_compass_cracked_stone_bricks": {
    "criteria": {
      "has_recipe": "2024-07-25 17:24:39 +0000"
    },
    "done": true
  },
  "dungeons_arise:wda_root": {
    "criteria": {
      "WDA": "2024-07-25 17:24:39 +0000"
    },
    "done": true
  },
  "undead_revamp2:theundeadchallenges": {
    "criteria": {
      "theundeadchallenges": "2024-07-25 17:24:39 +0000"
    },
    "done": true
  },
  "friendsandfoes:misc/yellow_dye_from_buttercup": {
    "criteria": {
      "has_the_recipe": "2024-07-25 17:24:39 +0000"
    },
    "done": true
  },
  "naturescompass:natures_compass_log": {
    "criteria": {
      "has_recipe": "2024-07-25 17:24:39 +0000"
    },
    "done": true
  },
  "naturescompass:natures_compass": {
    "criteria": {
      "has_recipe": "2024-07-25 17:24:39 +0000"
    },
    "done": true
  },
  "naturescompass:natures_compass_sapling": {
    "criteria": {
      "has_recipe": "2024-07-25 17:24:39 +0000"
    },
    "done": true
  },
  "mowziesmobs:root": {
    "criteria": {
      "custom_test_name": "2024-07-25 17:24:39 +0000"
    },
    "done": true
  },
  "betterdungeons:root": {
    "criteria": {
      "always": "2024-07-25 17:24:39 +0000"
    },
    "done": true
  },
  "placeablesmod:placeables": {
    "criteria": {
      "placeables": "2024-07-25 17:24:39 +0000"
    },
    "done": true
  },
  "explorerscompass:explorers_compass_cobweb": {
    "criteria": {
      "has_recipe": "2024-07-25 17:24:39 +0000"
    },
    "done": true
  },
  "eeeabsmobs:eeeabsmobs/root": {
    "criteria": {
      "requirement": "2024-07-25 17:24:39 +0000"
    },
    "done": true
  },
  "betterdeserttemples:root": {
    "criteria": {
      "always": "2024-07-25 17:24:39 +0000"
    },
    "done": true
  },
  "cataclysm:root": {
    "criteria": {
      "custom_test_name": "2024-07-25 17:24:39 +0000"
    },
    "done": true
  },
  "incendium:technical/new_player": {
    "criteria": {
      "requirement": "2024-07-25 17:24:39 +0000"
    },
    "done": true
  },
  "explorerscompass:explorers_compass": {
    "criteria": {
      "has_recipe": "2024-07-25 17:24:39 +0000"
    },
    "done": true
  },
  "incendium:technical/scroll_of_returning": {
    "criteria": {
      "log_spam_fixer": "2024-07-25 17:24:41 +0000"
    },
    "done": false
  },
  "incendium:technical/using/ragnarok": {
    "criteria": {
      "log_spam_fixer": "2024-07-25 17:24:41 +0000"
    },
    "done": false
  },
  "incendium:technical/using/trailblazer": {
    "criteria": {
      "log_spam_fixer": "2024-07-25 17:24:41 +0000"
    },
    "done": false
  },
  "minecraft:adventure/adventuring_time": {
    "criteria": {
      "minecraft:eroded_badlands": "2024-07-25 17:32:21 +0000",
      "quark:glimmering_weald": "2024-07-25 19:44:10 +0000",
      "minecraft:birch_forest": "2024-07-25 18:23:22 +0000",
      "minecraft:bamboo_jungle": "2024-07-25 18:14:41 +0000",
      "minecraft:wooded_badlands": "2024-07-25 17:38:24 +0000",
      "minecraft:badlands": "2024-07-25 17:29:55 +0000",
      "minecraft:dark_forest": "2024-07-25 20:19:10 +0000",
      "minecraft:sparse_jungle": "2024-07-25 18:10:21 +0000",
      "minecraft:river": "2024-07-25 17:27:09 +0000",
      "minecraft:dripstone_caves": "2024-07-25 18:16:36 +0000",
      "minecraft:forest": "2024-07-25 18:16:11 +0000",
      "minecraft:desert": "2024-07-25 17:24:41 +0000",
      "minecraft:jungle": "2024-07-25 18:11:51 +0000",
      "minecraft:warm_ocean": "2024-07-25 17:35:33 +0000",
      "minecraft:old_growth_birch_forest": "2024-07-25 18:23:56 +0000",
      "minecraft:savanna": "2024-07-25 17:42:54 +0000",
      "minecraft:plains": "2024-07-25 17:47:30 +0000"
    },
    "done": false
  },
  "incendium:technical/using/shield": {
    "criteria": {
      "log_spam_fixer": "2024-07-25 17:24:41 +0000"
    },
    "done": false
  },
  "tombstone:adventure/root": {
    "criteria": {
      "auto": "2024-07-25 17:24:41 +0000"
    },
    "done": true
  },
  "alexsmobs:alexsmobs/root": {
    "criteria": {
      "useitem": "2024-07-25 17:25:14 +0000"
    },
    "done": true
  },
  "minecraft:husbandry/root": {
    "criteria": {
      "consumed_item": "2024-07-25 17:25:14 +0000"
    },
    "done": true
  },
  "mutantmonsters:root": {
    "criteria": {
      "killed_something": "2024-07-25 17:31:21 +0000"
    },
    "done": true
  },
  "minecraft:adventure/root": {
    "criteria": {
      "killed_something": "2024-07-25 17:31:21 +0000"
    },
    "done": true
  },
  "tombstone:adventure/first_grave": {
    "criteria": {
      "coded_trigger": "2024-07-25 17:34:43 +0000"
    },
    "done": true
  },
  "tombstone:recipes/from_grave_key": {
    "criteria": {
      "has_ingredient": "2024-07-25 17:34:44 +0000"
    },
    "done": true
  },
  "tombstone:adventure/cancel_ghostly_shape": {
    "criteria": {
      "coded_trigger": "2024-07-25 17:34:52 +0000"
    },
    "done": true
  },
  "tombstone:recipes/from_grave_dust": {
    "criteria": {
      "has_ingredient": "2024-07-25 17:35:03 +0000"
    },
    "done": true
  },
  "minecraft:husbandry/balanced_diet": {
    "criteria": {
      "cooked_beef": "2024-07-25 20:54:43 +0000",
      "apple": "2024-07-25 18:12:53 +0000",
      "pumpkin_pie": "2024-07-25 20:54:27 +0000",
      "bread": "2024-07-25 17:47:42 +0000",
      "golden_apple": "2024-07-25 20:24:01 +0000",
      "glow_berries": "2024-07-25 20:42:50 +0000",
      "melon_slice": "2024-07-25 18:17:01 +0000",
      "cooked_chicken": "2024-07-25 20:58:05 +0000",
      "carrot": "2024-07-25 19:47:20 +0000"
    },
    "done": false
  },
  "dungeons_arise:find_bathhouse": {
    "criteria": {
      "location0": "2024-07-25 17:48:11 +0000"
    },
    "done": true
  },
  "minecraft:story/mine_stone": {
    "criteria": {
      "get_stone": "2024-07-25 17:48:57 +0000"
    },
    "done": true
  },
  "mores:craft_full_tin_armor": {
    "criteria": {
      "obtain_tin_armor": "2024-07-25 17:55:20 +0000"
    },
    "done": true
  },
  "minecraft:story/smelt_iron": {
    "criteria": {
      "iron": "2024-07-25 17:56:29 +0000"
    },
    "done": true
  },
  "mores:acquire_hardware": {
    "criteria": {
      "iron": "2024-07-25 17:56:29 +0000"
    },
    "done": true
  },
  "minecraft:adventure/kill_all_mobs": {
    "criteria": {
      "minecraft:pillager": "2024-07-25 20:12:27 +0000",
      "minecraft:skeleton": "2024-07-25 18:09:16 +0000",
      "minecraft:ravager": "2024-07-25 20:30:47 +0000",
      "minecraft:spider": "2024-07-25 20:14:03 +0000",
      "minecraft:creeper": "2024-07-25 18:06:55 +0000",
      "minecraft:husk": "2024-07-25 17:58:20 +0000",
      "minecraft:enderman": "2024-07-25 19:10:48 +0000",
      "minecraft:zombie": "2024-07-25 18:20:44 +0000"
    },
    "done": false
  },
  "minecraft:adventure/kill_a_mob": {
    "criteria": {
      "minecraft:husk": "2024-07-25 17:58:20 +0000"
    },
    "done": true
  },
  "tombstone:adventure/find_grave_dust": {
    "criteria": {
      "from_undead": "2024-07-25 18:05:21 +0000"
    },
    "done": true
  },
  "tombstone:adventure/first_knowledge": {
    "criteria": {
      "coded_trigger": "2024-07-25 18:05:21 +0000"
    },
    "done": true
  },
  "minecraft:adventure/sleep_in_bed": {
    "criteria": {
      "slept_in_bed": "2024-07-25 18:10:29 +0000"
    },
    "done": true
  },
  "tombstone:adventure/ashes_and_bones": {
    "criteria": {
      "coded_trigger": "2024-07-25 18:21:23 +0000"
    },
    "done": true
  },
  "minecraft:story/mine_diamond": {
    "criteria": {
      "diamond": "2024-07-25 18:27:08 +0000"
    },
    "done": true
  },
  "minecraft:story/obtain_armor": {
    "criteria": {
      "iron_helmet": "2024-07-25 19:14:07 +0000"
    },
    "done": true
  },
  "minecraft:husbandry/plant_seed": {
    "criteria": {
      "wheat": "2024-07-25 19:31:02 +0000"
    },
    "done": true
  },
  "minecraft:story/iron_tools": {
    "criteria": {
      "iron_pickaxe": "2024-07-25 19:32:27 +0000"
    },
    "done": true
  },
  "mores:obtain_cobalt_ore": {
    "criteria": {
      "obtain_cobalt_ore": "2024-07-25 19:44:49 +0000"
    },
    "done": true
  },
  "mores:obtain_all": {
    "criteria": {
      "obtain_topaz_gem": "2024-07-25 19:51:19 +0000",
      "obtain_tourmaline": "2024-07-25 19:52:04 +0000",
      "obtain_ruby_gem": "2024-07-25 20:03:53 +0000",
      "obtain_sapphire_gem": "2024-07-25 19:47:52 +0000"
    },
    "done": false
  },
  "mores:obtain_sapphire": {
    "criteria": {
      "obtain_sapphire_gem": "2024-07-25 19:47:52 +0000"
    },
    "done": true
  },
  "mores:obtain_topaz": {
    "criteria": {
      "obtain_topaz_gem": "2024-07-25 19:51:19 +0000"
    },
    "done": true
  },
  "mores:obtain_tourmaline": {
    "criteria": {
      "obtain_tourmaline_gem": "2024-07-25 19:52:04 +0000"
    },
    "done": true
  },
  "tombstone:adventure/create_magic_tablet": {
    "criteria": {
      "has_magic_tablet": "2024-07-25 19:53:31 +0000"
    },
    "done": true
  },
  "mores:obtain_silver_ore": {
    "criteria": {
      "obtain_silver_ore": "2024-07-25 19:56:22 +0000"
    },
    "done": true
  },
  "mores:obtain_ruby": {
    "criteria": {
      "obtain_ruby_gem": "2024-07-25 20:03:53 +0000"
    },
    "done": true
  },
  "tombstone:adventure/ambush": {
    "criteria": {
      "coded_trigger": "2024-07-25 20:12:27 +0000"
    },
    "done": true
  },
  "minecraft:adventure/voluntary_exile": {
    "criteria": {
      "voluntary_exile": "2024-07-25 20:12:27 +0000"
    },
    "done": true
  },
  "dungeons_arise:find_mechanical_nest": {
    "criteria": {
      "location0": "2024-07-25 20:22:11 +0000"
    },
    "done": true
  },
  "mores:root": {
    "criteria": {
      "crafting_table": "2024-07-25 20:23:05 +0000"
    },
    "done": true
  },
  "minecraft:story/root": {
    "criteria": {
      "crafting_table": "2024-07-25 20:23:05 +0000"
    },
    "done": true
  },
  "endrem:main/eyes_recipe": {
    "criteria": {
      "eyes": "2024-07-25 20:58:54 +0000"
    },
    "done": true
  },
  "minecraft:adventure/avoid_vibration": {
    "criteria": {
      "avoid_vibration": "2024-07-25 20:59:49 +0000"
    },
    "done": true
  },
  "minecraft:story/shiny_gear": {
    "criteria": {
      "diamond_helmet": "2024-07-26 05:01:10 +0000"
    },
    "done": true
  },
  "mores:craft_all_battleaxes": {
    "criteria": {
      "obtain_emerald_battleaxe": "2024-07-26 05:01:52 +0000"
    },
    "done": false
  },
  "DataVersion": 3465
}