{
  "explorerscompass:explorers_compass_cracked_stone_bricks": {
    "criteria": {
      "has_recipe": "2024-07-24 04:56:04 +0000"
    },
    "done": true
  },
  "friendsandfoes:misc/yellow_dye_from_buttercup": {
    "criteria": {
      "has_the_recipe": "2024-07-24 04:56:04 +0000"
    },
    "done": true
  },
  "naturescompass:natures_compass_log": {
    "criteria": {
      "has_recipe": "2024-07-24 04:56:04 +0000"
    },
    "done": true
  },
  "naturescompass:natures_compass": {
    "criteria": {
      "has_recipe": "2024-07-24 04:56:04 +0000"
    },
    "done": true
  },
  "naturescompass:natures_compass_sapling": {
    "criteria": {
      "has_recipe": "2024-07-24 04:56:04 +0000"
    },
    "done": true
  },
  "explorerscompass:explorers_compass_cobweb": {
    "criteria": {
      "has_recipe": "2024-07-24 04:56:04 +0000"
    },
    "done": true
  },
  "explorerscompass:explorers_compass": {
    "criteria": {
      "has_recipe": "2024-07-24 04:56:04 +0000"
    },
    "done": true
  },
  "iceandfire:iceandfire/root": {
    "criteria": {
      "tick": "2024-07-24 04:56:05 +0000"
    },
    "done": true
  },
  "takesapillage:root": {
    "criteria": {
      "always": "2024-07-24 04:56:05 +0000"
    },
    "done": true
  },
  "dungeons_arise:wda_root": {
    "criteria": {
      "WDA": "2024-07-24 04:56:05 +0000"
    },
    "done": true
  },
  "undead_revamp2:theundeadchallenges": {
    "criteria": {
      "theundeadchallenges": "2024-07-24 04:56:05 +0000"
    },
    "done": true
  },
  "mowziesmobs:root": {
    "criteria": {
      "custom_test_name": "2024-07-24 04:56:05 +0000"
    },
    "done": true
  },
  "betterdungeons:root": {
    "criteria": {
      "always": "2024-07-24 04:56:05 +0000"
    },
    "done": true
  },
  "placeablesmod:placeables": {
    "criteria": {
      "placeables": "2024-07-24 04:56:05 +0000"
    },
    "done": true
  },
  "eeeabsmobs:eeeabsmobs/root": {
    "criteria": {
      "requirement": "2024-07-24 04:56:05 +0000"
    },
    "done": true
  },
  "betterdeserttemples:root": {
    "criteria": {
      "always": "2024-07-24 04:56:05 +0000"
    },
    "done": true
  },
  "cataclysm:root": {
    "criteria": {
      "custom_test_name": "2024-07-24 04:56:05 +0000"
    },
    "done": true
  },
  "incendium:technical/new_player": {
    "criteria": {
      "requirement": "2024-07-24 04:56:05 +0000"
    },
    "done": true
  },
  "incendium:technical/scroll_of_returning": {
    "criteria": {
      "log_spam_fixer": "2024-07-24 04:56:11 +0000"
    },
    "done": false
  },
  "incendium:technical/using/ragnarok": {
    "criteria": {
      "log_spam_fixer": "2024-07-24 04:56:11 +0000"
    },
    "done": false
  },
  "incendium:technical/using/trailblazer": {
    "criteria": {
      "log_spam_fixer": "2024-07-24 04:56:11 +0000"
    },
    "done": false
  },
  "minecraft:adventure/adventuring_time": {
    "criteria": {
      "minecraft:eroded_badlands": "2024-07-24 05:30:41 +0000",
      "minecraft:cherry_grove": "2024-07-24 06:31:56 +0000",
      "minecraft:birch_forest": "2024-07-24 06:33:40 +0000",
      "minecraft:wooded_badlands": "2024-07-24 06:01:17 +0000",
      "minecraft:badlands": "2024-07-24 05:28:54 +0000",
      "minecraft:savanna_plateau": "2024-07-24 06:11:39 +0000",
      "minecraft:river": "2024-07-24 05:03:27 +0000",
      "minecraft:stony_shore": "2024-07-24 06:25:56 +0000",
      "minecraft:forest": "2024-07-24 06:06:13 +0000",
      "minecraft:desert": "2024-07-24 04:56:11 +0000",
      "minecraft:warm_ocean": "2024-07-24 05:33:42 +0000",
      "minecraft:old_growth_birch_forest": "2024-07-24 06:34:38 +0000",
      "minecraft:savanna": "2024-07-24 06:11:47 +0000",
      "minecraft:plains": "2024-07-24 06:09:31 +0000"
    },
    "done": false
  },
  "incendium:technical/using/shield": {
    "criteria": {
      "log_spam_fixer": "2024-07-24 04:56:11 +0000"
    },
    "done": false
  },
  "tombstone:adventure/root": {
    "criteria": {
      "auto": "2024-07-24 04:56:11 +0000"
    },
    "done": true
  },
  "alexsmobs:alexsmobs/root": {
    "criteria": {
      "useitem": "2024-07-24 04:56:50 +0000"
    },
    "done": true
  },
  "minecraft:husbandry/root": {
    "criteria": {
      "consumed_item": "2024-07-24 04:56:50 +0000"
    },
    "done": true
  },
  "mores:obtain_all": {
    "criteria": {
      "obtain_cobalt_ingot": "2024-07-24 05:05:33 +0000",
      "obtain_ruby_gem": "2024-07-24 05:56:11 +0000",
      "obtain_sapphire_gem": "2024-07-24 05:53:21 +0000"
    },
    "done": false
  },
  "mores:smelt_more": {
    "criteria": {
      "smelt_cobalt_ore": "2024-07-24 05:05:33 +0000"
    },
    "done": true
  },
  "minecraft:story/smelt_iron": {
    "criteria": {
      "iron": "2024-07-24 05:05:34 +0000"
    },
    "done": true
  },
  "mores:acquire_hardware": {
    "criteria": {
      "iron": "2024-07-24 05:05:34 +0000"
    },
    "done": true
  },
  "mores:craft_horse_armor": {
    "criteria": {
      "craft_horse_armor": "2024-07-24 05:05:41 +0000"
    },
    "done": true
  },
  "mores:craft_all_horse_armors": {
    "criteria": {
      "craft_amethyst_horse_armor": "2024-07-24 05:53:26 +0000",
      "craft_emerald_horse_armor": "2024-07-24 05:53:26 +0000",
      "craft_iron_horse_armor": "2024-07-24 05:05:41 +0000"
    },
    "done": false
  },
  "tombstone:adventure/first_grave": {
    "criteria": {
      "coded_trigger": "2024-07-24 05:08:40 +0000"
    },
    "done": true
  },
  "tombstone:recipes/from_grave_key": {
    "criteria": {
      "has_ingredient": "2024-07-24 05:08:42 +0000"
    },
    "done": true
  },
  "mutantmonsters:root": {
    "criteria": {
      "killed_something": "2024-07-24 05:15:52 +0000"
    },
    "done": true
  },
  "minecraft:adventure/root": {
    "criteria": {
      "killed_something": "2024-07-24 05:15:52 +0000"
    },
    "done": true
  },
  "minecraft:adventure/kill_all_mobs": {
    "criteria": {
      "minecraft:zombie": "2024-07-24 05:15:57 +0000",
      "minecraft:zombie_villager": "2024-07-24 05:25:38 +0000"
    },
    "done": false
  },
  "minecraft:adventure/kill_a_mob": {
    "criteria": {
      "minecraft:zombie": "2024-07-24 05:15:57 +0000"
    },
    "done": true
  },
  "minecraft:husbandry/balanced_diet": {
    "criteria": {
      "potato": "2024-07-24 06:05:01 +0000",
      "bread": "2024-07-24 05:17:12 +0000",
      "beetroot": "2024-07-24 06:34:01 +0000",
      "carrot": "2024-07-24 05:41:12 +0000"
    },
    "done": false
  },
  "mores:root": {
    "criteria": {
      "crafting_table": "2024-07-24 05:23:36 +0000"
    },
    "done": true
  },
  "minecraft:story/root": {
    "criteria": {
      "crafting_table": "2024-07-24 05:23:36 +0000"
    },
    "done": true
  },
  "minecraft:adventure/sleep_in_bed": {
    "criteria": {
      "slept_in_bed": "2024-07-24 05:26:33 +0000"
    },
    "done": true
  },
  "tombstone:adventure/cancel_ghostly_shape": {
    "criteria": {
      "coded_trigger": "2024-07-24 05:28:11 +0000"
    },
    "done": true
  },
  "tombstone:recipes/from_grave_dust": {
    "criteria": {
      "has_ingredient": "2024-07-24 05:30:30 +0000"
    },
    "done": true
  },
  "undead_revamp2:sugarcoat": {
    "criteria": {
      "sugarcoat": "2024-07-24 05:38:50 +0000"
    },
    "done": true
  },
  "minecraft:story/mine_stone": {
    "criteria": {
      "get_stone": "2024-07-24 05:40:11 +0000"
    },
    "done": true
  },
  "mores:obtain_emerald": {
    "criteria": {
      "obtain_topaz_gem": "2024-07-24 05:50:13 +0000"
    },
    "done": true
  },
  "artifacts:amateur_archaeologist": {
    "criteria": {
      "find_artifact": "2024-07-24 05:52:34 +0000"
    },
    "done": true
  },
  "mores:obtain_sapphire": {
    "criteria": {
      "obtain_sapphire_gem": "2024-07-24 05:53:21 +0000"
    },
    "done": true
  },
  "minecraft:nether/brew_potion": {
    "criteria": {
      "potion": "2024-07-24 05:53:35 +0000"
    },
    "done": true
  },
  "mores:obtain_ruby": {
    "criteria": {
      "obtain_ruby_gem": "2024-07-24 05:56:11 +0000"
    },
    "done": true
  },
  "dungeons_arise:find_small_blimp": {
    "criteria": {
      "location0": "2024-07-24 06:06:37 +0000"
    },
    "done": true
  },
  "tombstone:adventure/find_grave_dust": {
    "criteria": {
      "from_undead": "2024-07-24 06:26:24 +0000"
    },
    "done": true
  },
  "iceandfire:iceandfire/kill_ghost": {
    "criteria": {
      "killed_fire_dragon": "2024-07-24 06:26:24 +0000"
    },
    "done": true
  },
  "tombstone:adventure/first_knowledge": {
    "criteria": {
      "coded_trigger": "2024-07-24 06:26:24 +0000"
    },
    "done": true
  },
  "mores:craft_all_battleaxes": {
    "criteria": {
      "obtain_emerald_battleaxe": "2024-07-24 06:36:17 +0000"
    },
    "done": false
  },
  "mores:craft_emerald_gear": {
    "criteria": {
      "craft_emerald_axe": "2024-07-25 02:43:56 +0000"
    },
    "done": false
  },
  "undead_revamp2:parry": {
    "criteria": {
      "parry": "2024-07-25 02:47:06 +0000"
    },
    "done": true
  },
  "DataVersion": 3465
}