{
  "iceandfire:iceandfire/root": {
    "criteria": {
      "tick": "2024-07-24 05:01:21 +0000"
    },
    "done": true
  },
  "takesapillage:root": {
    "criteria": {
      "always": "2024-07-24 05:01:21 +0000"
    },
    "done": true
  },
  "explorerscompass:explorers_compass_cracked_stone_bricks": {
    "criteria": {
      "has_recipe": "2024-07-24 05:01:21 +0000"
    },
    "done": true
  },
  "dungeons_arise:wda_root": {
    "criteria": {
      "WDA": "2024-07-24 05:01:21 +0000"
    },
    "done": true
  },
  "undead_revamp2:theundeadchallenges": {
    "criteria": {
      "theundeadchallenges": "2024-07-24 05:01:21 +0000"
    },
    "done": true
  },
  "friendsandfoes:misc/yellow_dye_from_buttercup": {
    "criteria": {
      "has_the_recipe": "2024-07-24 05:01:21 +0000"
    },
    "done": true
  },
  "naturescompass:natures_compass_log": {
    "criteria": {
      "has_recipe": "2024-07-24 05:01:21 +0000"
    },
    "done": true
  },
  "naturescompass:natures_compass": {
    "criteria": {
      "has_recipe": "2024-07-24 05:01:21 +0000"
    },
    "done": true
  },
  "naturescompass:natures_compass_sapling": {
    "criteria": {
      "has_recipe": "2024-07-24 05:01:21 +0000"
    },
    "done": true
  },
  "mowziesmobs:root": {
    "criteria": {
      "custom_test_name": "2024-07-24 05:01:21 +0000"
    },
    "done": true
  },
  "betterdungeons:root": {
    "criteria": {
      "always": "2024-07-24 05:01:21 +0000"
    },
    "done": true
  },
  "placeablesmod:placeables": {
    "criteria": {
      "placeables": "2024-07-24 05:01:21 +0000"
    },
    "done": true
  },
  "explorerscompass:explorers_compass_cobweb": {
    "criteria": {
      "has_recipe": "2024-07-24 05:01:21 +0000"
    },
    "done": true
  },
  "eeeabsmobs:eeeabsmobs/root": {
    "criteria": {
      "requirement": "2024-07-24 05:01:21 +0000"
    },
    "done": true
  },
  "betterdeserttemples:root": {
    "criteria": {
      "always": "2024-07-24 05:01:21 +0000"
    },
    "done": true
  },
  "cataclysm:root": {
    "criteria": {
      "custom_test_name": "2024-07-24 05:01:21 +0000"
    },
    "done": true
  },
  "incendium:technical/new_player": {
    "criteria": {
      "requirement": "2024-07-24 05:01:21 +0000"
    },
    "done": true
  },
  "explorerscompass:explorers_compass": {
    "criteria": {
      "has_recipe": "2024-07-24 05:01:21 +0000"
    },
    "done": true
  },
  "incendium:technical/scroll_of_returning": {
    "criteria": {
      "log_spam_fixer": "2024-07-24 05:01:24 +0000"
    },
    "done": false
  },
  "incendium:technical/using/ragnarok": {
    "criteria": {
      "log_spam_fixer": "2024-07-24 05:01:24 +0000"
    },
    "done": false
  },
  "incendium:technical/using/trailblazer": {
    "criteria": {
      "log_spam_fixer": "2024-07-24 05:01:24 +0000"
    },
    "done": false
  },
  "minecraft:adventure/adventuring_time": {
    "criteria": {
      "minecraft:deep_ocean": "2024-07-26 05:14:54 +0000",
      "minecraft:eroded_badlands": "2024-07-24 05:31:35 +0000",
      "quark:glimmering_weald": "2024-07-25 06:59:45 +0000",
      "minecraft:cherry_grove": "2024-07-24 06:31:57 +0000",
      "minecraft:sunflower_plains": "2024-07-25 07:34:29 +0000",
      "minecraft:birch_forest": "2024-07-24 06:33:33 +0000",
      "minecraft:wooded_badlands": "2024-07-24 05:51:48 +0000",
      "minecraft:bamboo_jungle": "2024-07-25 19:21:19 +0000",
      "minecraft:badlands": "2024-07-24 05:29:08 +0000",
      "minecraft:savanna_plateau": "2024-07-24 06:07:59 +0000",
      "minecraft:beach": "2024-07-25 07:15:30 +0000",
      "minecraft:dark_forest": "2024-07-25 04:59:05 +0000",
      "minecraft:sparse_jungle": "2024-07-25 19:20:25 +0000",
      "minecraft:river": "2024-07-24 05:03:36 +0000",
      "minecraft:dripstone_caves": "2024-07-25 06:34:56 +0000",
      "minecraft:forest": "2024-07-24 06:02:42 +0000",
      "minecraft:desert": "2024-07-24 05:01:24 +0000",
      "minecraft:jungle": "2024-07-24 06:02:40 +0000",
      "minecraft:ocean": "2024-07-25 07:15:33 +0000",
      "minecraft:warm_ocean": "2024-07-24 05:33:43 +0000",
      "minecraft:flower_forest": "2024-07-25 07:56:43 +0000",
      "minecraft:old_growth_birch_forest": "2024-07-24 06:34:00 +0000",
      "minecraft:meadow": "2024-07-25 04:00:56 +0000",
      "minecraft:savanna": "2024-07-24 06:05:19 +0000",
      "minecraft:plains": "2024-07-24 06:04:38 +0000"
    },
    "done": false
  },
  "incendium:technical/using/shield": {
    "criteria": {
      "log_spam_fixer": "2024-07-24 05:01:24 +0000"
    },
    "done": false
  },
  "tombstone:adventure/root": {
    "criteria": {
      "auto": "2024-07-24 05:01:24 +0000"
    },
    "done": true
  },
  "alexsmobs:alexsmobs/root": {
    "criteria": {
      "useitem": "2024-07-24 05:02:07 +0000"
    },
    "done": true
  },
  "minecraft:husbandry/root": {
    "criteria": {
      "consumed_item": "2024-07-24 05:02:07 +0000"
    },
    "done": true
  },
  "mutantmonsters:root": {
    "criteria": {
      "killed_something": "2024-07-24 05:04:06 +0000"
    },
    "done": true
  },
  "minecraft:adventure/root": {
    "criteria": {
      "killed_something": "2024-07-24 05:04:06 +0000"
    },
    "done": true
  },
  "mores:obtain_all": {
    "criteria": {
      "obtain_cobalt_ingot": "2024-07-24 05:05:39 +0000",
      "obtain_topaz_gem": "2024-07-25 20:18:56 +0000",
      "obtain_tourmaline": "2024-07-25 20:19:58 +0000",
      "obtain_ruby_gem": "2024-07-25 20:27:20 +0000",
      "obtain_tin_ingot": "2024-07-25 06:46:19 +0000",
      "obtain_silver_ingot": "2024-07-25 06:46:21 +0000",
      "obtain_sapphire_gem": "2024-07-25 20:39:02 +0000"
    },
    "done": false
  },
  "mores:smelt_more": {
    "criteria": {
      "smelt_cobalt_ore": "2024-07-24 05:05:39 +0000"
    },
    "done": true
  },
  "mores:craft_horse_armor": {
    "criteria": {
      "craft_horse_armor": "2024-07-24 05:05:46 +0000"
    },
    "done": true
  },
  "mores:craft_all_horse_armors": {
    "criteria": {
      "craft_bronze_horse_armor": "2024-07-24 05:05:46 +0000",
      "craft_cobalt_horse_armor": "2024-07-25 19:27:45 +0000"
    },
    "done": false
  },
  "minecraft:husbandry/balanced_diet": {
    "criteria": {
      "cooked_porkchop": "2024-07-25 07:49:52 +0000",
      "chicken": "2024-07-25 03:05:35 +0000",
      "cooked_mutton": "2024-07-25 06:21:12 +0000",
      "cooked_beef": "2024-07-24 06:28:54 +0000",
      "porkchop": "2024-07-24 06:09:47 +0000",
      "spider_eye": "2024-07-24 05:05:53 +0000",
      "rabbit": "2024-07-24 05:47:56 +0000",
      "pufferfish": "2024-07-25 07:23:45 +0000",
      "bread": "2024-07-24 05:58:02 +0000",
      "golden_apple": "2024-07-26 04:37:35 +0000",
      "rotten_flesh": "2024-07-25 03:08:54 +0000",
      "cookie": "2024-07-25 20:44:12 +0000",
      "glow_berries": "2024-07-25 05:20:20 +0000",
      "salmon": "2024-07-25 04:14:41 +0000",
      "golden_carrot": "2024-07-25 06:41:50 +0000",
      "cooked_rabbit": "2024-07-25 06:17:38 +0000",
      "cooked_salmon": "2024-07-25 03:41:32 +0000",
      "carrot": "2024-07-25 03:06:35 +0000"
    },
    "done": false
  },
  "tombstone:adventure/first_grave": {
    "criteria": {
      "coded_trigger": "2024-07-24 05:07:03 +0000"
    },
    "done": true
  },
  "tombstone:recipes/from_grave_key": {
    "criteria": {
      "has_ingredient": "2024-07-24 05:07:05 +0000"
    },
    "done": true
  },
  "minecraft:adventure/kill_all_mobs": {
    "criteria": {
      "minecraft:pillager": "2024-07-25 04:04:51 +0000",
      "minecraft:skeleton": "2024-07-25 03:15:43 +0000",
      "minecraft:guardian": "2024-07-26 05:30:13 +0000",
      "minecraft:spider": "2024-07-26 05:12:11 +0000",
      "minecraft:creeper": "2024-07-25 03:07:56 +0000",
      "minecraft:husk": "2024-07-24 05:08:00 +0000",
      "minecraft:cave_spider": "2024-07-25 20:40:36 +0000",
      "minecraft:enderman": "2024-07-26 05:12:37 +0000",
      "minecraft:zombie": "2024-07-25 06:33:52 +0000",
      "minecraft:drowned": "2024-07-25 18:14:41 +0000",
      "minecraft:zombie_villager": "2024-07-24 05:20:43 +0000"
    },
    "done": false
  },
  "minecraft:adventure/kill_a_mob": {
    "criteria": {
      "minecraft:husk": "2024-07-24 05:08:00 +0000"
    },
    "done": true
  },
  "alexsmobs:alexsmobs/sunbird_blessing": {
    "criteria": {
      "all_effects": "2024-07-24 05:10:00 +0000"
    },
    "done": true
  },
  "tombstone:adventure/cancel_ghostly_shape": {
    "criteria": {
      "coded_trigger": "2024-07-24 05:25:02 +0000"
    },
    "done": true
  },
  "tombstone:adventure/chain_death": {
    "criteria": {
      "coded_trigger": "2024-07-24 05:25:17 +0000"
    },
    "done": true
  },
  "tombstone:adventure/first_knowledge": {
    "criteria": {
      "coded_trigger": "2024-07-24 05:25:17 +0000"
    },
    "done": true
  },
  "minecraft:adventure/sleep_in_bed": {
    "criteria": {
      "slept_in_bed": "2024-07-24 05:27:59 +0000"
    },
    "done": true
  },
  "tombstone:recipes/from_grave_dust": {
    "criteria": {
      "has_ingredient": "2024-07-24 05:29:15 +0000"
    },
    "done": true
  },
  "minecraft:story/mine_stone": {
    "criteria": {
      "get_stone": "2024-07-24 05:37:27 +0000"
    },
    "done": true
  },
  "mores:root": {
    "criteria": {
      "crafting_table": "2024-07-24 05:38:28 +0000"
    },
    "done": true
  },
  "minecraft:story/root": {
    "criteria": {
      "crafting_table": "2024-07-24 05:38:28 +0000"
    },
    "done": true
  },
  "alexsmobs:alexsmobs/kangaroo": {
    "criteria": {
      "killed_by": "2024-07-24 05:40:33 +0000"
    },
    "done": true
  },
  "dungeons_arise:find_bandit_village": {
    "criteria": {
      "location0": "2024-07-24 05:41:34 +0000"
    },
    "done": true
  },
  "minecraft:story/upgrade_tools": {
    "criteria": {
      "stone_pickaxe": "2024-07-24 05:51:06 +0000"
    },
    "done": true
  },
  "alexsmobs:alexsmobs/emu": {
    "criteria": {
      "killed_by": "2024-07-24 05:57:37 +0000"
    },
    "done": true
  },
  "tombstone:adventure/strong_or_careful": {
    "criteria": {
      "coded_trigger": "2024-07-25 03:10:04 +0000"
    },
    "done": true
  },
  "mores:obtain_silver_ore": {
    "criteria": {
      "obtain_silver_ore": "2024-07-25 03:34:47 +0000"
    },
    "done": true
  },
  "tombstone:adventure/ashes_and_bones": {
    "criteria": {
      "coded_trigger": "2024-07-25 04:00:58 +0000"
    },
    "done": true
  },
  "minecraft:story/smelt_iron": {
    "criteria": {
      "iron": "2024-07-25 04:00:59 +0000"
    },
    "done": true
  },
  "mores:acquire_hardware": {
    "criteria": {
      "iron": "2024-07-25 04:00:59 +0000"
    },
    "done": true
  },
  "tombstone:adventure/ambush": {
    "criteria": {
      "coded_trigger": "2024-07-25 04:04:40 +0000"
    },
    "done": true
  },
  "minecraft:adventure/voluntary_exile": {
    "criteria": {
      "voluntary_exile": "2024-07-25 04:04:40 +0000"
    },
    "done": true
  },
  "mores:craft_all_shields": {
    "criteria": {
      "obtain_tourmaline_shield": "2024-07-25 20:55:17 +0000",
      "obtain_tin_shield": "2024-07-25 04:07:38 +0000"
    },
    "done": false
  },
  "mores:craft_shield": {
    "criteria": {
      "obtain_tin_shield": "2024-07-25 04:07:38 +0000"
    },
    "done": true
  },
  "tombstone:adventure/find_grave_dust": {
    "criteria": {
      "from_undead": "2024-07-25 04:09:51 +0000"
    },
    "done": true
  },
  "mores:obtain_tin_ore": {
    "criteria": {
      "obtain_tin_ore": "2024-07-25 04:59:16 +0000"
    },
    "done": true
  },
  "dungeons_arise:find_mechanical_nest": {
    "criteria": {
      "location0": "2024-07-25 05:05:53 +0000"
    },
    "done": true
  },
  "minecraft:story/obtain_armor": {
    "criteria": {
      "iron_chestplate": "2024-07-25 05:08:11 +0000"
    },
    "done": true
  },
  "mores:obtain_cobalt_ore": {
    "criteria": {
      "obtain_cobalt_ore": "2024-07-25 06:38:02 +0000"
    },
    "done": true
  },
  "minecraft:story/lava_bucket": {
    "criteria": {
      "lava_bucket": "2024-07-25 07:00:16 +0000"
    },
    "done": true
  },
  "mores:craft_tin_pickaxe": {
    "criteria": {
      "craft_tin_pickaxe": "2024-07-25 07:09:27 +0000"
    },
    "done": true
  },
  "minecraft:story/deflect_arrow": {
    "criteria": {
      "deflected_projectile": "2024-07-25 07:17:00 +0000"
    },
    "done": true
  },
  "supplementaries:adventure/way_sign": {
    "criteria": {
      "bastion": "2024-07-25 07:32:50 +0000"
    },
    "done": true
  },
  "minecraft:adventure/trade": {
    "criteria": {
      "traded": "2024-07-25 07:40:08 +0000"
    },
    "done": true
  },
  "mores:obtain_emerald": {
    "criteria": {
      "obtain_topaz_gem": "2024-07-25 07:40:10 +0000"
    },
    "done": true
  },
  "iceandfire:iceandfire/bestiary": {
    "criteria": {
      "bestiary": "2024-07-25 07:52:36 +0000"
    },
    "done": true
  },
  "betterdungeons:zombie_dungeon": {
    "criteria": {
      "in_better_zombie_dungeon": "2024-07-25 07:57:32 +0000"
    },
    "done": true
  },
  "betterdungeons:all_dungeons": {
    "criteria": {
      "in_better_zombie_dungeon": "2024-07-25 07:57:32 +0000"
    },
    "done": false
  },
  "tombstone:adventure/mutual_aid": {
    "criteria": {
      "coded_trigger": "2024-07-25 08:06:51 +0000"
    },
    "done": true
  },
  "minecraft:story/iron_tools": {
    "criteria": {
      "iron_pickaxe": "2024-07-25 08:16:40 +0000"
    },
    "done": true
  },
  "minecraft:husbandry/tame_an_animal": {
    "criteria": {
      "tamed_animal": "2024-07-25 18:21:19 +0000"
    },
    "done": true
  },
  "tombstone:adventure/create_magic_scroll": {
    "criteria": {
      "has_magic_scroll": "2024-07-25 19:27:33 +0000"
    },
    "done": true
  },
  "tombstone:adventure/create_magic_tablet": {
    "criteria": {
      "has_magic_tablet": "2024-07-25 19:27:38 +0000"
    },
    "done": true
  },
  "tombstone:adventure/create_familiar_receptacle": {
    "criteria": {
      "has_familiar_receptacle": "2024-07-25 19:28:42 +0000"
    },
    "done": true
  },
  "tombstone:adventure/use_knowledge": {
    "criteria": {
      "coded_trigger": "2024-07-25 19:31:49 +0000"
    },
    "done": true
  },
  "dungeons_arise:find_wishing_well": {
    "criteria": {
      "location0": "2024-07-25 20:11:54 +0000"
    },
    "done": true
  },
  "mores:obtain_topaz": {
    "criteria": {
      "obtain_topaz_gem": "2024-07-25 20:18:56 +0000"
    },
    "done": true
  },
  "mores:obtain_tourmaline": {
    "criteria": {
      "obtain_tourmaline_gem": "2024-07-25 20:19:58 +0000"
    },
    "done": true
  },
  "minecraft:story/mine_diamond": {
    "criteria": {
      "diamond": "2024-07-25 20:20:14 +0000"
    },
    "done": true
  },
  "alexscaves:alexscaves/root": {
    "criteria": {
      "underground_cabin": "2024-07-25 20:20:41 +0000"
    },
    "done": true
  },
  "alexscaves:alexscaves/cave_tablet": {
    "criteria": {
      "cave_tablet": "2024-07-25 20:20:50 +0000"
    },
    "done": true
  },
  "mores:obtain_ruby": {
    "criteria": {
      "obtain_ruby_gem": "2024-07-25 20:27:20 +0000"
    },
    "done": true
  },
  "tombstone:adventure/bone_crusher": {
    "criteria": {
      "coded_trigger": "2024-07-25 20:35:50 +0000"
    },
    "done": true
  },
  "mores:obtain_sapphire": {
    "criteria": {
      "obtain_sapphire_gem": "2024-07-25 20:39:02 +0000"
    },
    "done": true
  },
  "mores:craft_all_battleaxes": {
    "criteria": {
      "obtain_sapphire_battleaxe": "2024-07-26 05:00:24 +0000",
      "obtain_tin_battleaxe": "2024-07-25 20:55:19 +0000"
    },
    "done": false
  },
  "minecraft:story/shiny_gear": {
    "criteria": {
      "diamond_chestplate": "2024-07-25 21:22:16 +0000"
    },
    "done": true
  },
  "minecraft:husbandry/plant_seed": {
    "criteria": {
      "beetroots": "2024-07-25 21:44:48 +0000"
    },
    "done": true
  },
  "undead_revamp2:sugarcoat": {
    "criteria": {
      "sugarcoat": "2024-07-25 21:59:44 +0000"
    },
    "done": true
  },
  "undead_revamp2:daddy": {
    "criteria": {
      "daddy": "2024-07-25 22:00:27 +0000"
    },
    "done": true
  },
  "tombstone:adventure/use_frost_resistance": {
    "criteria": {
      "has_magic_scroll": "2024-07-26 05:00:12 +0000"
    },
    "done": true
  },
  "iceandfire:iceandfire/kill_sea_serpent": {
    "criteria": {
      "killed_fire_dragon": "2024-07-26 05:33:17 +0000"
    },
    "done": true
  },
  "tombstone:adventure/use_assistance": {
    "criteria": {
      "coded_trigger": "2024-07-26 04:02:44 +0000"
    },
    "done": true
  },
  "mores:craft_sapphire_battleaxe": {
    "criteria": {
      "obtain_copper_ore": "2024-07-26 05:00:24 +0000"
    },
    "done": true
  },
  "tombstone:adventure/use_reach": {
    "criteria": {
      "has_magic_scroll": "2024-07-26 04:56:43 +0000"
    },
    "done": true
  },
  "DataVersion": 3465
}